id,item_type,item_name,character_name,item_slot,item_description,combat_stats,lewd_stats,flags,misc
0,weapon,unequipped,all,mainhand,Emptyhanded,"{""weaponType"":""punch"",""material"":""body"",""bonus"":{""chance"":{""parry"":0,""dodge"":0,""block"":0,""hit"":0,""critical"":0},""value"":{""block"":0,""damage"":0,""critical"":0,""effectiveMultiplier"":1}},""durability"":1}","{""bonus"":{""allure"":0,""charisma"":0,""libido"":0,""dominance"":0}        }","{""unequipped"": true, ""indestructible"": true}",{}
1,weapon,Decorative Dagger,Amberyl,mainhand,"A decorative dagger, not suited for combat.","{""weaponType"":""dagger"",""material"":""iron"",""bonus"":{""chance"":{""parry"":0,""dodge"":0,""block"":0,""hit"":0,""critical"":0},""value"":{""block"":0,""damage"":0,""critical"":0,""effectiveMultiplier"":1}},""durability"":1}","{""bonus"":{""allure"":0.05,""charisma"":0.1,""libido"":0,""dominance"":0.05}        }","{""starter"":""Amberyl""        }",{}
2,weapon,Sacaen Sword,Lyn,mainhand,"A Sacaen sword, a well-balanced quality blade.","{""weaponType"":""1hSword"",""material"":""lowGradeSteel"",""bonus"":{""chance"":{""parry"":0,""dodge"":0,""block"":0,""hit"":0,""critical"":0},""value"":{""block"":0,""damage"":0,""critical"":0,""effectiveMultiplier"":1}},""durability"":1}","{""bonus"":{""allure"":0.00,""charisma"":0.1,""libido"":0,""dominance"":0.1}        }","{""starter"":""Lyn""       }","{""twoHandOptional"":true}"
3,weapon,Mani Katti,Lyn,mainhand,"A Sword from the Plains, blessed by the Spirits.","{""weaponType"":""1hSword"",""material"":""mithril"",""bonus"":{""chance"":{""parry"":0,""dodge"":0,""block"":0,""hit"":0.1,""critical"":0.2},""value"":{""block"":0,""damage"":0,""critical"":0,""effectiveMultiplier"":1}},""durability"":1}","{""bonus"":{""allure"":0.00,""charisma"":0.1,""libido"":0,""dominance"":0.1}        }","{""prf"":[""Lyn""],""effective"": {""infantry"":true,""cavalry"":true        }       }","{""twoHandOptional"":true}"
4,weapon,Caelin Lance,Sain,mainhand,"A sturdy lance, standard issue to the knights of Caelin.","{""weaponType"":""lance"",""material"":""highGradeSteel"",""bonus"":{""chance"":{""parry"":0,""dodge"":0,""block"":0,""hit"":0,""critical"":0},""value"":{""block"":0,""damage"":0,""critical"":0,""effectiveMultiplier"":1}},""durability"":1}","{""bonus"":{""allure"":0.00,""charisma"":0.15,""libido"":0,""dominance"":0.2}        }","{""starter"":""Sain"",""effective"":{""wyvern"":true}    }",{}
5,weapon,Caelin Lance,Kent,mainhand,"A sturdy lance, standard issue to the knights of Caelin.","{""weaponType"":""lance"",""material"":""highGradeSteel"",""bonus"":{""chance"":{""parry"":0,""dodge"":0,""block"":0,""hit"":0,""critical"":0},""value"":{""block"":0,""damage"":0,""critical"":0,""effectiveMultiplier"":1}},""durability"":1}","{""bonus"":{""allure"":0.00,""charisma"":0.15,""libido"":0,""dominance"":0.2}        }","{""starter"":""Kent"",""effective"":{""wyvern"":true}    }",{}
6,weapon,Caelin Sword,Sain,mainhand,"A sturdy sword, standard issue to the knights of Caelin.","{""weaponType"":""1hSword"",""material"":""highGradeSteel"",""bonus"":{""chance"":{""parry"":0,""dodge"":0,""block"":0,""hit"":0,""critical"":0},""value"":{""block"":0,""damage"":0,""critical"":0,""effectiveMultiplier"":1}},""durability"":1}","{""bonus"":{""allure"":0.00,""charisma"":0.15,""libido"":0,""dominance"":0.15}        }","{""starter"":""Sain"",""effective"":{""brigand"":true}    }",{}
7,weapon,Caelin Sword,Kent,mainhand,"A sturdy sword, standard issue to the knights of Caelin.","{""weaponType"":""1hSword"",""material"":""highGradeSteel"",""bonus"":{""chance"":{""parry"":0,""dodge"":0,""block"":0,""hit"":0,""critical"":0},""value"":{""block"":0,""damage"":0,""critical"":0,""effectiveMultiplier"":1}},""durability"":1}","{""bonus"":{""allure"":0.00,""charisma"":0.15,""libido"":0,""dominance"":0.15}        }","{""starter"":""Kent"",""effective"":{""brigand"":true}    }",{}
8,weapon,Ilian Lance,Florina,mainhand,"A light lance, standard issue to the knights of Ilia.","{""weaponType"":""ilianLance"",""material"":""springSteel"",""bonus"":{""chance"":{""parry"":0,""dodge"":0,""block"":0,""hit"":0,""critical"":0},""value"":{""block"":0,""damage"":0,""critical"":0,""effectiveMultiplier"":1}},""durability"":1}","{""bonus"":{""allure"":0.1,""charisma"":0.2,""libido"":0,""dominance"":0.1}        }","{""starter"":""Florina"",""effective"":{""wyvern"":true}    }","{""twoHandOptional"":true}"
9,weapon,Recurve Bow,Wil,mainhand,"A sturdy recurve bow, a hunter's weapon.","{""weaponType"":""recurveBow"",""material"":""wood"",""bonus"":{""chance"":{""parry"":0,""dodge"":0,""block"":0,""hit"":0,""critical"":0},""value"":{""block"":0,""damage"":0,""critical"":0,""effectiveMultiplier"":1}},""durability"":1}","{""bonus"":{""allure"":0,""charisma"":0,""libido"":0,""dominance"":0}        }","{""starter"":""Wil"",""effective"":{""pegasus"":true, ""wyvern"":true}    }",{}
10,weapon,Woodcutter's Axe,Dorcas,mainhand,"A heavy axe, excellent for chopping.","{""weaponType"":""2hAxe"",""material"":""iron"",""bonus"":{""chance"":{""parry"":0,""dodge"":0,""block"":0,""hit"":0,""critical"":0},""value"":{""block"":0,""damage"":0,""critical"":0,""effectiveMultiplier"":1}},""durability"":1}","{""bonus"":{""allure"":0,""charisma"":0,""libido"":0,""dominance"":0}        }","{""starter"":""Dorcas""}",{}
11,weapon,Throwing Axe,Dorcas,mainhand,"A light, balanced axe for throwing.","{""weaponType"":""throwingAxe"",""material"":""iron"",""bonus"":{""chance"":{""parry"":0,""dodge"":0,""block"":0,""hit"":0,""critical"":0},""value"":{""block"":0,""damage"":0,""critical"":0,""effectiveMultiplier"":1}},""durability"":1}","{""bonus"":{""allure"":0,""charisma"":0,""libido"":0,""dominance"":0}        }","{""starter"":""Dorcas""}",{}
12,weapon,Elimine Staff,Serra,mainhand,"A light clerical staff, common to the order of Saint Elimine.","{""weaponType"":""staff"",""material"":""wood"",""bonus"":{""chance"":{""parry"":0,""dodge"":0,""block"":0,""hit"":0,""critical"":0},""value"":{""block"":0,""damage"":0,""critical"":0,""effectiveMultiplier"":1}},""durability"":1}","{""bonus"":{""allure"":0.2,""charisma"":0.2,""libido"":0.1,""dominance"":0}        }","{""starter"":""Serra"",""prf"":[""Serra""],""healing"":true  }",{}
13,weapon,Common Dagger,Erk,mainhand,"A common dagger, useful for many things.","{""weaponType"":""dagger"",""material"":""iron"",""bonus"":{""chance"":{""parry"":0,""dodge"":0,""block"":0,""hit"":0,""critical"":0},""value"":{""block"":0,""damage"":0,""critical"":0,""effectiveMultiplier"":1}},""durability"":1}","{""bonus"":{""allure"":0,""charisma"":0,""libido"":0,""dominance"":0}        }","{""starter"":""Erk""        }",{}
14,weapon,Sacaen shortbow,Rath,mainhand,"A Sacaen shortbow, the superior choice for mounted archery.","{""weaponType"":""shortbow"",""material"":""wood"",""bonus"":{""chance"":{""parry"":0,""dodge"":0,""block"":0,""hit"":0,""critical"":0},""value"":{""block"":0,""damage"":0,""critical"":0,""effectiveMultiplier"":1}},""durability"":1}","{""bonus"":{""allure"":0,""charisma"":0,""libido"":0,""dominance"":0}        }","{""starter"":""Rath"",""effective"":{""pegasus"":true, ""wyvern"":true}    }",{}
15,weapon,Theif's Dagger,Matthew,mainhand,A high quality dagger designed to be hidden.,"{""weaponType"":""dagger"",""material"":""springSteel"",""bonus"":{""chance"":{""parry"":0,""dodge"":0,""block"":0,""hit"":0,""critical"":0},""value"":{""block"":0,""damage"":0,""critical"":0,""effectiveMultiplier"":1}},""durability"":1}","{""bonus"":{""allure"":0,""charisma"":0,""libido"":0,""dominance"":0}        }","{""starter"":""Matthew"",""effective"":{""infantry"":true}    }",{}
16,weapon,Caelin Lance,Wallace,mainhand,"A sturdy lance, standard issue to the knights of Caelin.","{""weaponType"":""lance"",""material"":""highGradeSteel"",""bonus"":{""chance"":{""parry"":0,""dodge"":0,""block"":0,""hit"":0,""critical"":0},""value"":{""block"":0,""damage"":0,""critical"":0,""effectiveMultiplier"":1}},""durability"":1}","{""bonus"":{""allure"":0,""charisma"":0,""libido"":0,""dominance"":0}        }","{""starter"":""Wallace"",""effective"":{""wyvern"":true}     }",{}
17,weapon,Common Dagger,Sapphira,mainhand,"A common dagger, useful for many things.","{""weaponType"":""dagger"",""material"":""iron"",""bonus"":{""chance"":{""parry"":0,""dodge"":0,""block"":0,""hit"":0,""critical"":0},""value"":{""block"":0,""damage"":0,""critical"":0,""effectiveMultiplier"":1}},""durability"":1}","{""bonus"":{""allure"":0,""charisma"":0,""libido"":0,""dominance"":0}        }","{""starter"":""Sapphira""}",{}
18,weapon,placeholder,default,mainhand,placeholder,{},{},{},{}
19,weapon,placeholder,default,mainhand,placeholder,{},{},{},{}
20,weapon,placeholder,default,mainhand,placeholder,{},{},{},{}
21,weapon,placeholder,default,mainhand,placeholder,{},{},{},{}
22,weapon,placeholder,default,mainhand,placeholder,{},{},{},{}
23,weapon,placeholder,default,mainhand,placeholder,{},{},{},{}
24,weapon,placeholder,default,mainhand,placeholder,{},{},{},{}
25,weapon,placeholder,default,mainhand,placeholder,{},{},{},{}
26,weapon,placeholder,default,mainhand,placeholder,{},{},{},{}
27,weapon,placeholder,default,mainhand,placeholder,{},{},{},{}
28,weapon,placeholder,default,mainhand,placeholder,{},{},{},{}
29,weapon,placeholder,default,mainhand,placeholder,{},{},{},{}
30,weapon,placeholder,default,mainhand,placeholder,{},{},{},{}
31,weapon,placeholder,default,mainhand,placeholder,{},{},{},{}
32,weapon,placeholder,default,mainhand,placeholder,{},{},{},{}
33,weapon,placeholder,default,mainhand,placeholder,{},{},{},{}
34,weapon,placeholder,default,mainhand,placeholder,{},{},{},{}
35,weapon,placeholder,default,mainhand,placeholder,{},{},{},{}
36,weapon,placeholder,default,mainhand,placeholder,{},{},{},{}
37,weapon,placeholder,default,mainhand,placeholder,{},{},{},{}
38,weapon,placeholder,default,mainhand,placeholder,{},{},{},{}
39,weapon,placeholder,default,mainhand,placeholder,{},{},{},{}
40,weapon,placeholder,default,mainhand,placeholder,{},{},{},{}
41,weapon,placeholder,default,mainhand,placeholder,{},{},{},{}
42,weapon,placeholder,default,mainhand,placeholder,{},{},{},{}
43,weapon,placeholder,default,mainhand,placeholder,{},{},{},{}
44,weapon,placeholder,default,mainhand,placeholder,{},{},{},{}
45,weapon,placeholder,default,mainhand,placeholder,{},{},{},{}
46,weapon,placeholder,default,mainhand,placeholder,{},{},{},{}
47,weapon,placeholder,default,mainhand,placeholder,{},{},{},{}
48,weapon,placeholder,default,mainhand,placeholder,{},{},{},{}
49,weapon,placeholder,default,mainhand,placeholder,{},{},{},{}
50,weapon,Common Dagger,Amberyl,offhand,"A common dagger, useful for many things.","{""weaponType"":""dagger"",""material"":""iron"",""bonus"":{""chance"":{""parry"":0,""dodge"":0,""block"":0,""hit"":0,""critical"":0},""value"":{""block"":0,""damage"":0,""critical"":0,""effectiveMultiplier"":1}},""durability"":1}","{""bonus"":{""allure"":0,""charisma"":0,""libido"":0,""dominance"":0}        }",{},{}
51,weapon,placeholder,default,offhand,placeholder,{},{},{},{}
52,weapon,placeholder,default,offhand,placeholder,{},{},{},{}
53,weapon,placeholder,default,offhand,placeholder,{},{},{},{}
54,weapon,placeholder,default,offhand,placeholder,{},{},{},{}
55,weapon,placeholder,default,offhand,placeholder,{},{},{},{}
56,weapon,placeholder,default,offhand,placeholder,{},{},{},{}
57,weapon,placeholder,default,offhand,placeholder,{},{},{},{}
58,weapon,placeholder,default,offhand,placeholder,{},{},{},{}
59,weapon,placeholder,default,offhand,placeholder,{},{},{},{}
60,weapon,placeholder,default,offhand,placeholder,{},{},{},{}
61,weapon,placeholder,default,offhand,placeholder,{},{},{},{}
62,weapon,placeholder,default,offhand,placeholder,{},{},{},{}
63,weapon,placeholder,default,offhand,placeholder,{},{},{},{}
64,weapon,placeholder,default,offhand,placeholder,{},{},{},{}
65,weapon,placeholder,default,offhand,placeholder,{},{},{},{}
66,weapon,placeholder,default,offhand,placeholder,{},{},{},{}
67,weapon,placeholder,default,offhand,placeholder,{},{},{},{}
68,weapon,placeholder,default,offhand,placeholder,{},{},{},{}
69,weapon,placeholder,default,offhand,placeholder,{},{},{},{}
70,weapon,placeholder,default,offhand,placeholder,{},{},{},{}
71,weapon,placeholder,default,offhand,placeholder,{},{},{},{}
72,weapon,placeholder,default,offhand,placeholder,{},{},{},{}
73,weapon,placeholder,default,offhand,placeholder,{},{},{},{}
74,weapon,placeholder,default,offhand,placeholder,{},{},{},{}
75,weapon,placeholder,default,offhand,placeholder,{},{},{},{}
76,weapon,placeholder,default,offhand,placeholder,{},{},{},{}
77,weapon,placeholder,default,offhand,placeholder,{},{},{},{}
78,weapon,placeholder,default,offhand,placeholder,{},{},{},{}
79,weapon,placeholder,default,offhand,placeholder,{},{},{},{}
80,weapon,placeholder,default,offhand,placeholder,{},{},{},{}
81,weapon,placeholder,default,offhand,placeholder,{},{},{},{}
82,weapon,placeholder,default,offhand,placeholder,{},{},{},{}
83,weapon,placeholder,default,offhand,placeholder,{},{},{},{}
84,weapon,placeholder,default,offhand,placeholder,{},{},{},{}
85,weapon,placeholder,default,offhand,placeholder,{},{},{},{}
86,weapon,placeholder,default,offhand,placeholder,{},{},{},{}
87,weapon,placeholder,default,offhand,placeholder,{},{},{},{}
88,weapon,placeholder,default,offhand,placeholder,{},{},{},{}
89,weapon,placeholder,default,offhand,placeholder,{},{},{},{}
90,weapon,placeholder,default,offhand,placeholder,{},{},{},{}
91,weapon,placeholder,default,offhand,placeholder,{},{},{},{}
92,weapon,placeholder,default,offhand,placeholder,{},{},{},{}
93,weapon,placeholder,default,offhand,placeholder,{},{},{},{}
94,weapon,placeholder,default,offhand,placeholder,{},{},{},{}
95,weapon,placeholder,default,offhand,placeholder,{},{},{},{}
96,weapon,placeholder,default,offhand,placeholder,{},{},{},{}
97,weapon,placeholder,default,offhand,placeholder,{},{},{},{}
98,weapon,placeholder,default,offhand,placeholder,{},{},{},{}
99,weapon,placeholder,default,offhand,placeholder,{},{},{},{}
100,shield,Caelin Steel Heater,Sain,offhand,A shield common to Caelin cavaliers and paladins.,"{""shieldType"":""heater"",""material"":""highGradeSteel"",""bonus"":{""chance"":{""parry"":0.1,""dodge"":0.1,""block"":0.1,""hit"":0,""crit"":0,""resist"":{""omni"":0.1,""light"":0.1,""dark"":0.1,""anima"":0.1,""status"":0.1}},""value"":{""block"":0.1,""armor"":0.1,""resist"":{""omni"":0.01,""light"":0.01,""dark"":0.01,""anima"":0.01,""status"":0.01}}},""durability"":1}","{""bonus"":{""allure"":0,""charisma"":0,""libido"":0,""dominance"":0},""soiled"":{""blood"":0,""sweat"":0,""semen"":0,""urine"":0,""discharge"":0,""arousal"":0}}","{""starter"": ""Sain""}",{}
101,shield,Caelin Steel Heater,Kent,offhand,A shield common to Caelin cavaliers and paladins.,"{""shieldType"":""heater"",""material"":""highGradeSteel"",""bonus"":{""chance"":{""parry"":0.1,""dodge"":0.1,""block"":0.1,""hit"":0,""crit"":0,""resist"":{""omni"":0.1,""light"":0.1,""dark"":0.1,""anima"":0.1,""status"":0.1}},""value"":{""block"":0.1,""armor"":0.1,""resist"":{""omni"":0.01,""light"":0.01,""dark"":0.01,""anima"":0.01,""status"":0.01}}},""durability"":1}","{""bonus"":{""allure"":0,""charisma"":0,""libido"":0,""dominance"":0},""soiled"":{""blood"":0,""sweat"":0,""semen"":0,""urine"":0,""discharge"":0,""arousal"":0}}","{""starter"": ""Kent""}",{}
102,shield,placeholder,placeholder,offhand,placeholder,{},{},{},{}
103,shield,placeholder,placeholder,offhand,placeholder,{},{},{},{}
104,shield,placeholder,placeholder,offhand,placeholder,{},{},{},{}
105,shield,placeholder,placeholder,offhand,placeholder,{},{},{},{}
106,shield,placeholder,placeholder,offhand,placeholder,{},{},{},{}
107,shield,placeholder,placeholder,offhand,placeholder,{},{},{},{}
108,shield,placeholder,placeholder,offhand,placeholder,{},{},{},{}
109,shield,placeholder,placeholder,offhand,placeholder,{},{},{},{}
110,shield,placeholder,placeholder,offhand,placeholder,{},{},{},{}
111,shield,placeholder,placeholder,offhand,placeholder,{},{},{},{}
112,shield,placeholder,placeholder,offhand,placeholder,{},{},{},{}
113,shield,placeholder,placeholder,offhand,placeholder,{},{},{},{}
114,shield,placeholder,placeholder,offhand,placeholder,{},{},{},{}
115,shield,placeholder,placeholder,offhand,placeholder,{},{},{},{}
116,shield,placeholder,placeholder,offhand,placeholder,{},{},{},{}
117,shield,placeholder,placeholder,offhand,placeholder,{},{},{},{}
118,shield,placeholder,placeholder,offhand,placeholder,{},{},{},{}
119,shield,placeholder,placeholder,offhand,placeholder,{},{},{},{}
120,shield,placeholder,placeholder,offhand,placeholder,{},{},{},{}
121,shield,placeholder,placeholder,offhand,placeholder,{},{},{},{}
122,shield,placeholder,placeholder,offhand,placeholder,{},{},{},{}
123,shield,placeholder,placeholder,offhand,placeholder,{},{},{},{}
124,shield,placeholder,placeholder,offhand,placeholder,{},{},{},{}
125,shield,placeholder,placeholder,offhand,placeholder,{},{},{},{}
126,shield,placeholder,placeholder,offhand,placeholder,{},{},{},{}
127,shield,placeholder,placeholder,offhand,placeholder,{},{},{},{}
128,shield,placeholder,placeholder,offhand,placeholder,{},{},{},{}
129,shield,placeholder,placeholder,offhand,placeholder,{},{},{},{}
130,shield,placeholder,placeholder,offhand,placeholder,{},{},{},{}
131,shield,placeholder,placeholder,offhand,placeholder,{},{},{},{}
132,shield,placeholder,placeholder,offhand,placeholder,{},{},{},{}
133,shield,placeholder,placeholder,offhand,placeholder,{},{},{},{}
134,shield,placeholder,placeholder,offhand,placeholder,{},{},{},{}
135,shield,placeholder,placeholder,offhand,placeholder,{},{},{},{}
136,shield,placeholder,placeholder,offhand,placeholder,{},{},{},{}
137,shield,placeholder,placeholder,offhand,placeholder,{},{},{},{}
138,shield,placeholder,placeholder,offhand,placeholder,{},{},{},{}
139,shield,placeholder,placeholder,offhand,placeholder,{},{},{},{}
140,shield,placeholder,placeholder,offhand,placeholder,{},{},{},{}
141,shield,placeholder,placeholder,offhand,placeholder,{},{},{},{}
142,shield,placeholder,placeholder,offhand,placeholder,{},{},{},{}
143,shield,placeholder,placeholder,offhand,placeholder,{},{},{},{}
144,shield,placeholder,placeholder,offhand,placeholder,{},{},{},{}
145,shield,placeholder,placeholder,offhand,placeholder,{},{},{},{}
146,shield,placeholder,placeholder,offhand,placeholder,{},{},{},{}
147,shield,placeholder,placeholder,offhand,placeholder,{},{},{},{}
148,shield,placeholder,placeholder,offhand,placeholder,{},{},{},{}
149,shield,placeholder,placeholder,offhand,placeholder,{},{},{},{}
150,shield,placeholder,placeholder,offhand,placeholder,{},{},{},{}
151,shield,placeholder,placeholder,offhand,placeholder,{},{},{},{}
152,shield,placeholder,placeholder,offhand,placeholder,{},{},{},{}
153,shield,placeholder,placeholder,offhand,placeholder,{},{},{},{}
154,shield,placeholder,placeholder,offhand,placeholder,{},{},{},{}
155,shield,placeholder,placeholder,offhand,placeholder,{},{},{},{}
156,shield,placeholder,placeholder,offhand,placeholder,{},{},{},{}
157,shield,placeholder,placeholder,offhand,placeholder,{},{},{},{}
158,shield,placeholder,placeholder,offhand,placeholder,{},{},{},{}
159,shield,placeholder,placeholder,offhand,placeholder,{},{},{},{}
160,shield,placeholder,placeholder,offhand,placeholder,{},{},{},{}
161,shield,placeholder,placeholder,offhand,placeholder,{},{},{},{}
162,shield,placeholder,placeholder,offhand,placeholder,{},{},{},{}
163,shield,placeholder,placeholder,offhand,placeholder,{},{},{},{}
164,shield,placeholder,placeholder,offhand,placeholder,{},{},{},{}
165,shield,placeholder,placeholder,offhand,placeholder,{},{},{},{}
166,shield,placeholder,placeholder,offhand,placeholder,{},{},{},{}
167,shield,placeholder,placeholder,offhand,placeholder,{},{},{},{}
168,shield,placeholder,placeholder,offhand,placeholder,{},{},{},{}
169,shield,placeholder,placeholder,offhand,placeholder,{},{},{},{}
170,shield,placeholder,placeholder,offhand,placeholder,{},{},{},{}
171,shield,placeholder,placeholder,offhand,placeholder,{},{},{},{}
172,shield,placeholder,placeholder,offhand,placeholder,{},{},{},{}
173,shield,placeholder,placeholder,offhand,placeholder,{},{},{},{}
174,shield,placeholder,placeholder,offhand,placeholder,{},{},{},{}
175,shield,placeholder,placeholder,offhand,placeholder,{},{},{},{}
176,shield,placeholder,placeholder,offhand,placeholder,{},{},{},{}
177,shield,placeholder,placeholder,offhand,placeholder,{},{},{},{}
178,shield,placeholder,placeholder,offhand,placeholder,{},{},{},{}
179,shield,placeholder,placeholder,offhand,placeholder,{},{},{},{}
180,shield,placeholder,placeholder,offhand,placeholder,{},{},{},{}
181,shield,placeholder,placeholder,offhand,placeholder,{},{},{},{}
182,shield,placeholder,placeholder,offhand,placeholder,{},{},{},{}
183,shield,placeholder,placeholder,offhand,placeholder,{},{},{},{}
184,shield,placeholder,placeholder,offhand,placeholder,{},{},{},{}
185,shield,placeholder,placeholder,offhand,placeholder,{},{},{},{}
186,shield,placeholder,placeholder,offhand,placeholder,{},{},{},{}
187,shield,placeholder,placeholder,offhand,placeholder,{},{},{},{}
188,shield,placeholder,placeholder,offhand,placeholder,{},{},{},{}
189,shield,placeholder,placeholder,offhand,placeholder,{},{},{},{}
190,shield,placeholder,placeholder,offhand,placeholder,{},{},{},{}
191,shield,placeholder,placeholder,offhand,placeholder,{},{},{},{}
192,shield,placeholder,placeholder,offhand,placeholder,{},{},{},{}
193,shield,placeholder,placeholder,offhand,placeholder,{},{},{},{}
194,shield,placeholder,placeholder,offhand,placeholder,{},{},{},{}
195,shield,placeholder,placeholder,offhand,placeholder,{},{},{},{}
196,shield,placeholder,placeholder,offhand,placeholder,{},{},{},{}
197,shield,placeholder,placeholder,offhand,placeholder,{},{},{},{}
198,shield,placeholder,placeholder,offhand,placeholder,{},{},{},{}
199,shield,placeholder,placeholder,offhand,placeholder,{},{},{},{}
200,amulet,Quicksilver Amulet,All,neck,A silver amulet seems to shimmer like water.,"{""itemType"":""necklace"",""bonus"":{""chance"":{""parry"":0,""dodge"":0,""block"":0,""resist"":{""omni"":0,""light"":0,""dark"":0,""anima"":0,""status"":0}},""value"":{""block"":0,""armor"":0,""resist"":{""omni"":0,""light"":0,""dark"":0,""anima"":0,""status"":0.01}}},""durability"":1        }","{""bonus"":{""allure"":0,""charisma"":0,""libido"":0,""dominance"":0},""soiled"":{""blood"":0,""sweat"":0,""semen"":0,""urine"":0,""discharge"":0,""arousal"":0}}","{""indestructible"":true        }",{}
201,amulet,Lust Stone,All,neck,A rose colored stone said to incite ardor.,"{""itemType"":""necklace"",""bonus"":{""chance"":{""parry"":0,""dodge"":0,""block"":0,""resist"":{""omni"":0,""light"":0,""dark"":0,""anima"":0,""status"":0}},""value"":{""block"":0,""armor"":0,""resist"":{""omni"":0,""light"":0,""dark"":0,""anima"":0,""status"":0.01}}},""durability"":1        }","{""bonus"":{""allure"":0,""charisma"":0,""libido"":0,""dominance"":0},""soiled"":{""blood"":0,""sweat"":0,""semen"":0,""urine"":0,""discharge"":0,""arousal"":0}}","{""indestructible"":true        }",{}
202,amulet,Dancer Pendant,Female,neck,A multicolored opal set in silver.,"{""itemType"":""necklace"",""bonus"":{""chance"":{""parry"":0,""dodge"":0,""block"":0,""resist"":{""omni"":0,""light"":0,""dark"":0,""anima"":0,""status"":0}},""value"":{""block"":0,""armor"":0,""resist"":{""omni"":0,""light"":0,""dark"":0,""anima"":0,""status"":0.01}}},""durability"":1        }","{""bonus"":{""allure"":0,""charisma"":0,""libido"":0,""dominance"":0},""soiled"":{""blood"":0,""sweat"":0,""semen"":0,""urine"":0,""discharge"":0,""arousal"":0}}","{""indestructible"":true        }",{}
203,amulet,placeholder,default,neck,placeholder,{},{},{},{}
204,amulet,placeholder,default,neck,placeholder,{},{},{},{}
205,amulet,placeholder,default,neck,placeholder,{},{},{},{}
206,amulet,placeholder,default,neck,placeholder,{},{},{},{}
207,amulet,placeholder,default,neck,placeholder,{},{},{},{}
208,amulet,placeholder,default,neck,placeholder,{},{},{},{}
209,amulet,placeholder,default,neck,placeholder,{},{},{},{}
210,amulet,placeholder,default,neck,placeholder,{},{},{},{}
211,amulet,placeholder,default,neck,placeholder,{},{},{},{}
212,amulet,placeholder,default,neck,placeholder,{},{},{},{}
213,amulet,placeholder,default,neck,placeholder,{},{},{},{}
214,amulet,placeholder,default,neck,placeholder,{},{},{},{}
215,amulet,placeholder,default,neck,placeholder,{},{},{},{}
216,amulet,placeholder,default,neck,placeholder,{},{},{},{}
217,amulet,placeholder,default,neck,placeholder,{},{},{},{}
218,amulet,placeholder,default,neck,placeholder,{},{},{},{}
219,amulet,placeholder,default,neck,placeholder,{},{},{},{}
220,amulet,placeholder,default,neck,placeholder,{},{},{},{}
221,amulet,placeholder,default,neck,placeholder,{},{},{},{}
222,amulet,placeholder,default,neck,placeholder,{},{},{},{}
223,amulet,placeholder,default,neck,placeholder,{},{},{},{}
224,amulet,placeholder,default,neck,placeholder,{},{},{},{}
225,amulet,placeholder,default,neck,placeholder,{},{},{},{}
226,amulet,placeholder,default,neck,placeholder,{},{},{},{}
227,amulet,placeholder,default,neck,placeholder,{},{},{},{}
228,amulet,placeholder,default,neck,placeholder,{},{},{},{}
229,amulet,placeholder,default,neck,placeholder,{},{},{},{}
230,amulet,placeholder,default,neck,placeholder,{},{},{},{}
231,amulet,placeholder,default,neck,placeholder,{},{},{},{}
232,amulet,placeholder,default,neck,placeholder,{},{},{},{}
233,amulet,placeholder,default,neck,placeholder,{},{},{},{}
234,amulet,placeholder,default,neck,placeholder,{},{},{},{}
235,amulet,placeholder,default,neck,placeholder,{},{},{},{}
236,amulet,placeholder,default,neck,placeholder,{},{},{},{}
237,amulet,placeholder,default,neck,placeholder,{},{},{},{}
238,amulet,placeholder,default,neck,placeholder,{},{},{},{}
239,amulet,placeholder,default,neck,placeholder,{},{},{},{}
240,amulet,placeholder,default,neck,placeholder,{},{},{},{}
241,amulet,placeholder,default,neck,placeholder,{},{},{},{}
242,amulet,placeholder,default,neck,placeholder,{},{},{},{}
243,amulet,placeholder,default,neck,placeholder,{},{},{},{}
244,amulet,placeholder,default,neck,placeholder,{},{},{},{}
245,amulet,placeholder,default,neck,placeholder,{},{},{},{}
246,amulet,placeholder,default,neck,placeholder,{},{},{},{}
247,amulet,placeholder,default,neck,placeholder,{},{},{},{}
248,amulet,placeholder,default,neck,placeholder,{},{},{},{}
249,amulet,placeholder,default,neck,placeholder,{},{},{},{}
250,amulet,placeholder,default,neck,placeholder,{},{},{},{}
251,amulet,placeholder,default,neck,placeholder,{},{},{},{}
252,amulet,placeholder,default,neck,placeholder,{},{},{},{}
253,amulet,placeholder,default,neck,placeholder,{},{},{},{}
254,amulet,placeholder,default,neck,placeholder,{},{},{},{}
255,amulet,placeholder,default,neck,placeholder,{},{},{},{}
256,amulet,placeholder,default,neck,placeholder,{},{},{},{}
257,amulet,placeholder,default,neck,placeholder,{},{},{},{}
258,amulet,placeholder,default,neck,placeholder,{},{},{},{}
259,amulet,placeholder,default,neck,placeholder,{},{},{},{}
260,amulet,placeholder,default,neck,placeholder,{},{},{},{}
261,amulet,placeholder,default,neck,placeholder,{},{},{},{}
262,amulet,placeholder,default,neck,placeholder,{},{},{},{}
263,amulet,placeholder,default,neck,placeholder,{},{},{},{}
264,amulet,placeholder,default,neck,placeholder,{},{},{},{}
265,amulet,placeholder,default,neck,placeholder,{},{},{},{}
266,amulet,placeholder,default,neck,placeholder,{},{},{},{}
267,amulet,placeholder,default,neck,placeholder,{},{},{},{}
268,amulet,placeholder,default,neck,placeholder,{},{},{},{}
269,amulet,placeholder,default,neck,placeholder,{},{},{},{}
270,amulet,placeholder,default,neck,placeholder,{},{},{},{}
271,amulet,placeholder,default,neck,placeholder,{},{},{},{}
272,amulet,placeholder,default,neck,placeholder,{},{},{},{}
273,amulet,placeholder,default,neck,placeholder,{},{},{},{}
274,amulet,placeholder,default,neck,placeholder,{},{},{},{}
275,amulet,placeholder,default,neck,placeholder,{},{},{},{}
276,amulet,placeholder,default,neck,placeholder,{},{},{},{}
277,amulet,placeholder,default,neck,placeholder,{},{},{},{}
278,amulet,placeholder,default,neck,placeholder,{},{},{},{}
279,amulet,placeholder,default,neck,placeholder,{},{},{},{}
280,amulet,placeholder,default,neck,placeholder,{},{},{},{}
281,amulet,placeholder,default,neck,placeholder,{},{},{},{}
282,amulet,placeholder,default,neck,placeholder,{},{},{},{}
283,amulet,placeholder,default,neck,placeholder,{},{},{},{}
284,amulet,placeholder,default,neck,placeholder,{},{},{},{}
285,amulet,placeholder,default,neck,placeholder,{},{},{},{}
286,amulet,placeholder,default,neck,placeholder,{},{},{},{}
287,amulet,placeholder,default,neck,placeholder,{},{},{},{}
288,amulet,placeholder,default,neck,placeholder,{},{},{},{}
289,amulet,placeholder,default,neck,placeholder,{},{},{},{}
290,amulet,placeholder,default,neck,placeholder,{},{},{},{}
291,amulet,placeholder,default,neck,placeholder,{},{},{},{}
292,amulet,placeholder,default,neck,placeholder,{},{},{},{}
293,amulet,placeholder,default,neck,placeholder,{},{},{},{}
294,amulet,placeholder,default,neck,placeholder,{},{},{},{}
295,amulet,placeholder,default,neck,placeholder,{},{},{},{}
296,amulet,placeholder,default,neck,placeholder,{},{},{},{}
297,amulet,placeholder,default,neck,placeholder,{},{},{},{}
298,amulet,placeholder,default,neck,placeholder,{},{},{},{}
299,amulet,placeholder,default,neck,placeholder,{},{},{},{}
300,trinket,Whitefeather Pin,Female,trinket,A small ivory pin in the shape of a white feather.,"{""itemType"":""trinket"",""bonus"":{""chance"":{""parry"":0,""dodge"":0,""block"":0,""resist"":{""omni"":0,""light"":0,""dark"":0,""anima"":0,""status"":0}},""value"":{""block"":0,""armor"":0,""resist"":{""omni"":0,""light"":0,""dark"":0,""anima"":0,""status"":0.01}}},""durability"":1        }","{""bonus"":{""allure"":0,""charisma"":0,""libido"":0,""dominance"":0},""soiled"":{""blood"":0,""sweat"":0,""semen"":0,""urine"":0,""discharge"":0,""arousal"":0}}","{""indestructible"":true,""sex"":""female""     }",{}
301,trinket,Foxtail anal plug,Florina,trinket,"A white foxtail anal plug, conspicuously placed.","{""itemType"":""trinket"",""bonus"":{""chance"":{""parry"":0,""dodge"":0,""block"":0,""resist"":{""omni"":0,""light"":0,""dark"":0,""anima"":0,""status"":0}},""value"":{""block"":0,""armor"":0,""resist"":{""omni"":0,""light"":0,""dark"":0,""anima"":0,""status"":0.01}}},""durability"":1        }","{""bonus"":{""allure"":0,""charisma"":0,""libido"":0,""dominance"":0},""soiled"":{""blood"":0,""sweat"":0,""semen"":0,""urine"":0,""discharge"":0,""arousal"":0}}","{""indestructible"":true,""analPlug"":true,""visible"":true,""whitefeather"":true,""sex"":""female"",""erotic"":true}",{}
302,trinket,Small Discrete anal plug,Female,trinket,"A small, smooth anal plug reminescent the shape of a fir tree.","{""itemType"":""trinket"",""bonus"":{""chance"":{""parry"":0,""dodge"":0,""block"":0,""resist"":{""omni"":0,""light"":0,""dark"":0,""anima"":0,""status"":0}},""value"":{""block"":0,""armor"":0,""resist"":{""omni"":0,""light"":0,""dark"":0,""anima"":0,""status"":0.01}}},""durability"":1        }","{""bonus"":{""allure"":0,""charisma"":0,""libido"":0.8,""dominance"":-0.2},""soiled"":{""blood"":0,""sweat"":0,""semen"":0,""urine"":0,""discharge"":0,""arousal"":0}}","{""indestructible"":true,""analPlug"":true,""visible"":false,""sex"":""female"",""erotic"":true}",{}
303,trinket,Discrete anal plug,Female,trinket,A smooth anal plug reminescent the shape of a fir tree.,"{""itemType"":""trinket"",""bonus"":{""chance"":{""parry"":0,""dodge"":-0.1,""block"":0,""resist"":{""omni"":0,""light"":0,""dark"":0,""anima"":0,""status"":0}},""value"":{""block"":0,""armor"":0,""resist"":{""omni"":0,""light"":0,""dark"":0,""anima"":0,""status"":0.01}}},""durability"":1        }","{""bonus"":{""allure"":0,""charisma"":0,""libido"":1,""dominance"":-0.3},""soiled"":{""blood"":0,""sweat"":0,""semen"":0,""urine"":0,""discharge"":0,""arousal"":0}}","{""indestructible"":true,""analPlug"":true,""visible"":false,""sex"":""female"",""erotic"":true}",{}
304,trinket,Large Discrete anal plug,Female,trinket,"A large, smooth anal plug reminescent the shape of a fir tree.","{""itemType"":""trinket"",""bonus"":{""chance"":{""parry"":0,""dodge"":0,""block"":0,""resist"":{""omni"":0,""light"":0,""dark"":0,""anima"":0,""status"":0}},""value"":{""block"":0,""armor"":0,""resist"":{""omni"":0,""light"":0,""dark"":0,""anima"":0,""status"":0.01}}},""durability"":1        }","{""bonus"":{""allure"":0,""charisma"":0,""libido"":1.4,""dominance"":-0.5},""soiled"":{""blood"":0,""sweat"":0,""semen"":0,""urine"":0,""discharge"":0,""arousal"":0}}","{""indestructible"":true,""analPlug"":true,""visible"":false,""sex"":""female"",""erotic"":true}",{}
305,trinket,placeholder,default,trinket,placeholder,{},{},{},{}
306,trinket,placeholder,default,trinket,placeholder,{},{},{},{}
307,trinket,placeholder,default,trinket,placeholder,{},{},{},{}
308,trinket,placeholder,default,trinket,placeholder,{},{},{},{}
309,trinket,placeholder,default,trinket,placeholder,{},{},{},{}
310,trinket,placeholder,default,trinket,placeholder,{},{},{},{}
311,trinket,placeholder,default,trinket,placeholder,{},{},{},{}
312,trinket,placeholder,default,trinket,placeholder,{},{},{},{}
313,trinket,placeholder,default,trinket,placeholder,{},{},{},{}
314,trinket,placeholder,default,trinket,placeholder,{},{},{},{}
315,trinket,placeholder,default,trinket,placeholder,{},{},{},{}
316,trinket,placeholder,default,trinket,placeholder,{},{},{},{}
317,trinket,placeholder,default,trinket,placeholder,{},{},{},{}
318,trinket,placeholder,default,trinket,placeholder,{},{},{},{}
319,trinket,placeholder,default,trinket,placeholder,{},{},{},{}
320,trinket,placeholder,default,trinket,placeholder,{},{},{},{}
321,trinket,placeholder,default,trinket,placeholder,{},{},{},{}
322,trinket,placeholder,default,trinket,placeholder,{},{},{},{}
323,trinket,placeholder,default,trinket,placeholder,{},{},{},{}
324,trinket,placeholder,default,trinket,placeholder,{},{},{},{}
325,trinket,placeholder,default,trinket,placeholder,{},{},{},{}
326,trinket,placeholder,default,trinket,placeholder,{},{},{},{}
327,trinket,placeholder,default,trinket,placeholder,{},{},{},{}
328,trinket,placeholder,default,trinket,placeholder,{},{},{},{}
329,trinket,placeholder,default,trinket,placeholder,{},{},{},{}
330,trinket,placeholder,default,trinket,placeholder,{},{},{},{}
331,trinket,placeholder,default,trinket,placeholder,{},{},{},{}
332,trinket,placeholder,default,trinket,placeholder,{},{},{},{}
333,trinket,placeholder,default,trinket,placeholder,{},{},{},{}
334,trinket,placeholder,default,trinket,placeholder,{},{},{},{}
335,trinket,placeholder,default,trinket,placeholder,{},{},{},{}
336,trinket,placeholder,default,trinket,placeholder,{},{},{},{}
337,trinket,placeholder,default,trinket,placeholder,{},{},{},{}
338,trinket,placeholder,default,trinket,placeholder,{},{},{},{}
339,trinket,placeholder,default,trinket,placeholder,{},{},{},{}
340,trinket,placeholder,default,trinket,placeholder,{},{},{},{}
341,trinket,placeholder,default,trinket,placeholder,{},{},{},{}
342,trinket,placeholder,default,trinket,placeholder,{},{},{},{}
343,trinket,placeholder,default,trinket,placeholder,{},{},{},{}
344,trinket,placeholder,default,trinket,placeholder,{},{},{},{}
345,trinket,placeholder,default,trinket,placeholder,{},{},{},{}
346,trinket,placeholder,default,trinket,placeholder,{},{},{},{}
347,trinket,placeholder,default,trinket,placeholder,{},{},{},{}
348,trinket,placeholder,default,trinket,placeholder,{},{},{},{}
349,trinket,placeholder,default,trinket,placeholder,{},{},{},{}
350,trinket,placeholder,default,trinket,placeholder,{},{},{},{}
351,trinket,placeholder,default,trinket,placeholder,{},{},{},{}
352,trinket,placeholder,default,trinket,placeholder,{},{},{},{}
353,trinket,placeholder,default,trinket,placeholder,{},{},{},{}
354,trinket,placeholder,default,trinket,placeholder,{},{},{},{}
355,trinket,placeholder,default,trinket,placeholder,{},{},{},{}
356,trinket,placeholder,default,trinket,placeholder,{},{},{},{}
357,trinket,placeholder,default,trinket,placeholder,{},{},{},{}
358,trinket,placeholder,default,trinket,placeholder,{},{},{},{}
359,trinket,placeholder,default,trinket,placeholder,{},{},{},{}
360,trinket,placeholder,default,trinket,placeholder,{},{},{},{}
361,trinket,placeholder,default,trinket,placeholder,{},{},{},{}
362,trinket,placeholder,default,trinket,placeholder,{},{},{},{}
363,trinket,placeholder,default,trinket,placeholder,{},{},{},{}
364,trinket,placeholder,default,trinket,placeholder,{},{},{},{}
365,trinket,placeholder,default,trinket,placeholder,{},{},{},{}
366,trinket,placeholder,default,trinket,placeholder,{},{},{},{}
367,trinket,placeholder,default,trinket,placeholder,{},{},{},{}
368,trinket,placeholder,default,trinket,placeholder,{},{},{},{}
369,trinket,placeholder,default,trinket,placeholder,{},{},{},{}
370,trinket,placeholder,default,trinket,placeholder,{},{},{},{}
371,trinket,placeholder,default,trinket,placeholder,{},{},{},{}
372,trinket,placeholder,default,trinket,placeholder,{},{},{},{}
373,trinket,placeholder,default,trinket,placeholder,{},{},{},{}
374,trinket,placeholder,default,trinket,placeholder,{},{},{},{}
375,trinket,placeholder,default,trinket,placeholder,{},{},{},{}
376,trinket,placeholder,default,trinket,placeholder,{},{},{},{}
377,trinket,placeholder,default,trinket,placeholder,{},{},{},{}
378,trinket,placeholder,default,trinket,placeholder,{},{},{},{}
379,trinket,placeholder,default,trinket,placeholder,{},{},{},{}
380,trinket,placeholder,default,trinket,placeholder,{},{},{},{}
381,trinket,placeholder,default,trinket,placeholder,{},{},{},{}
382,trinket,placeholder,default,trinket,placeholder,{},{},{},{}
383,trinket,placeholder,default,trinket,placeholder,{},{},{},{}
384,trinket,placeholder,default,trinket,placeholder,{},{},{},{}
385,trinket,placeholder,default,trinket,placeholder,{},{},{},{}
386,trinket,placeholder,default,trinket,placeholder,{},{},{},{}
387,trinket,placeholder,default,trinket,placeholder,{},{},{},{}
388,trinket,placeholder,default,trinket,placeholder,{},{},{},{}
389,trinket,placeholder,default,trinket,placeholder,{},{},{},{}
390,trinket,placeholder,default,trinket,placeholder,{},{},{},{}
391,trinket,placeholder,default,trinket,placeholder,{},{},{},{}
392,trinket,placeholder,default,trinket,placeholder,{},{},{},{}
393,trinket,placeholder,default,trinket,placeholder,{},{},{},{}
394,trinket,placeholder,default,trinket,placeholder,{},{},{},{}
395,trinket,placeholder,default,trinket,placeholder,{},{},{},{}
396,trinket,placeholder,default,trinket,placeholder,{},{},{},{}
397,trinket,placeholder,default,trinket,placeholder,{},{},{},{}
398,trinket,placeholder,default,trinket,placeholder,{},{},{},{}
399,trinket,placeholder,default,trinket,placeholder,{},{},{},{}
400,ring,placeholder,default,trinket,placeholder,{},{},{},{}
401,ring,placeholder,default,trinket,placeholder,{},{},{},{}
402,ring,placeholder,default,trinket,placeholder,{},{},{},{}
403,ring,placeholder,default,trinket,placeholder,{},{},{},{}
404,ring,placeholder,default,trinket,placeholder,{},{},{},{}
405,ring,placeholder,default,trinket,placeholder,{},{},{},{}
406,ring,placeholder,default,trinket,placeholder,{},{},{},{}
407,ring,placeholder,default,trinket,placeholder,{},{},{},{}
408,ring,placeholder,default,trinket,placeholder,{},{},{},{}
409,ring,placeholder,default,trinket,placeholder,{},{},{},{}
410,ring,placeholder,default,trinket,placeholder,{},{},{},{}
411,ring,placeholder,default,trinket,placeholder,{},{},{},{}
412,ring,placeholder,default,trinket,placeholder,{},{},{},{}
413,ring,placeholder,default,trinket,placeholder,{},{},{},{}
414,ring,placeholder,default,trinket,placeholder,{},{},{},{}
415,ring,placeholder,default,trinket,placeholder,{},{},{},{}
416,ring,placeholder,default,trinket,placeholder,{},{},{},{}
417,ring,placeholder,default,trinket,placeholder,{},{},{},{}
418,ring,placeholder,default,trinket,placeholder,{},{},{},{}
419,ring,placeholder,default,trinket,placeholder,{},{},{},{}
420,ring,placeholder,default,trinket,placeholder,{},{},{},{}
421,ring,placeholder,default,trinket,placeholder,{},{},{},{}
422,ring,placeholder,default,trinket,placeholder,{},{},{},{}
423,ring,placeholder,default,trinket,placeholder,{},{},{},{}
424,ring,placeholder,default,trinket,placeholder,{},{},{},{}
425,ring,placeholder,default,trinket,placeholder,{},{},{},{}
426,ring,placeholder,default,trinket,placeholder,{},{},{},{}
427,ring,placeholder,default,trinket,placeholder,{},{},{},{}
428,ring,placeholder,default,trinket,placeholder,{},{},{},{}
429,ring,placeholder,default,trinket,placeholder,{},{},{},{}
430,ring,placeholder,default,trinket,placeholder,{},{},{},{}
431,ring,placeholder,default,trinket,placeholder,{},{},{},{}
432,ring,placeholder,default,trinket,placeholder,{},{},{},{}
433,ring,placeholder,default,trinket,placeholder,{},{},{},{}
434,ring,placeholder,default,trinket,placeholder,{},{},{},{}
435,ring,placeholder,default,trinket,placeholder,{},{},{},{}
436,ring,placeholder,default,trinket,placeholder,{},{},{},{}
437,ring,placeholder,default,trinket,placeholder,{},{},{},{}
438,ring,placeholder,default,trinket,placeholder,{},{},{},{}
439,ring,placeholder,default,trinket,placeholder,{},{},{},{}
440,ring,placeholder,default,trinket,placeholder,{},{},{},{}
441,ring,placeholder,default,trinket,placeholder,{},{},{},{}
442,ring,placeholder,default,trinket,placeholder,{},{},{},{}
443,ring,placeholder,default,trinket,placeholder,{},{},{},{}
444,ring,placeholder,default,trinket,placeholder,{},{},{},{}
445,ring,placeholder,default,trinket,placeholder,{},{},{},{}
446,ring,placeholder,default,trinket,placeholder,{},{},{},{}
447,ring,placeholder,default,trinket,placeholder,{},{},{},{}
448,ring,placeholder,default,trinket,placeholder,{},{},{},{}
449,ring,placeholder,default,trinket,placeholder,{},{},{},{}
450,ring,placeholder,default,trinket,placeholder,{},{},{},{}
451,ring,placeholder,default,trinket,placeholder,{},{},{},{}
452,ring,placeholder,default,trinket,placeholder,{},{},{},{}
453,ring,placeholder,default,trinket,placeholder,{},{},{},{}
454,ring,placeholder,default,trinket,placeholder,{},{},{},{}
455,ring,placeholder,default,trinket,placeholder,{},{},{},{}
456,ring,placeholder,default,trinket,placeholder,{},{},{},{}
457,ring,placeholder,default,trinket,placeholder,{},{},{},{}
458,ring,placeholder,default,trinket,placeholder,{},{},{},{}
459,ring,placeholder,default,trinket,placeholder,{},{},{},{}
460,ring,placeholder,default,trinket,placeholder,{},{},{},{}
461,ring,placeholder,default,trinket,placeholder,{},{},{},{}
462,ring,placeholder,default,trinket,placeholder,{},{},{},{}
463,ring,placeholder,default,trinket,placeholder,{},{},{},{}
464,ring,placeholder,default,trinket,placeholder,{},{},{},{}
465,ring,placeholder,default,trinket,placeholder,{},{},{},{}
466,ring,placeholder,default,trinket,placeholder,{},{},{},{}
467,ring,placeholder,default,trinket,placeholder,{},{},{},{}
468,ring,placeholder,default,trinket,placeholder,{},{},{},{}
469,ring,placeholder,default,trinket,placeholder,{},{},{},{}
470,ring,placeholder,default,trinket,placeholder,{},{},{},{}
471,ring,placeholder,default,trinket,placeholder,{},{},{},{}
472,ring,placeholder,default,trinket,placeholder,{},{},{},{}
473,ring,placeholder,default,trinket,placeholder,{},{},{},{}
474,ring,placeholder,default,trinket,placeholder,{},{},{},{}
475,ring,placeholder,default,trinket,placeholder,{},{},{},{}
476,ring,placeholder,default,trinket,placeholder,{},{},{},{}
477,ring,placeholder,default,trinket,placeholder,{},{},{},{}
478,ring,placeholder,default,trinket,placeholder,{},{},{},{}
479,ring,placeholder,default,trinket,placeholder,{},{},{},{}
480,ring,placeholder,default,trinket,placeholder,{},{},{},{}
481,ring,placeholder,default,trinket,placeholder,{},{},{},{}
482,ring,placeholder,default,trinket,placeholder,{},{},{},{}
483,ring,placeholder,default,trinket,placeholder,{},{},{},{}
484,ring,placeholder,default,trinket,placeholder,{},{},{},{}
485,ring,placeholder,default,trinket,placeholder,{},{},{},{}
486,ring,placeholder,default,trinket,placeholder,{},{},{},{}
487,ring,placeholder,default,trinket,placeholder,{},{},{},{}
488,ring,placeholder,default,trinket,placeholder,{},{},{},{}
489,ring,placeholder,default,trinket,placeholder,{},{},{},{}
490,ring,placeholder,default,trinket,placeholder,{},{},{},{}
491,ring,placeholder,default,trinket,placeholder,{},{},{},{}
492,ring,placeholder,default,trinket,placeholder,{},{},{},{}
493,ring,placeholder,default,trinket,placeholder,{},{},{},{}
494,ring,placeholder,default,trinket,placeholder,{},{},{},{}
495,ring,placeholder,default,trinket,placeholder,{},{},{},{}
496,ring,placeholder,default,trinket,placeholder,{},{},{},{}
497,ring,placeholder,default,trinket,placeholder,{},{},{},{}
498,ring,placeholder,default,trinket,placeholder,{},{},{},{}
499,ring,placeholder,default,trinket,placeholder,{},{},{},{}
500,unequipped,nude,Amberyl,undershirt,Milky white breasts.,"{""itemType"":""unequipped"",""bonus"":{""chance"":{""parry"":0.01,""dodge"":0.01,""block"":0.01,""hit"":0.01,""critical"":0.01,""resist"":{""omni"":0.01,""light"":0,""dark"":0,""anima"":0,""status"":0}},""value"":{""damage"":0.02,""melee"":0.02,""critical"":0.02,""block"":0.02,""armor"":0.02,""resist"":{""omni"":0.02,""light"":0,""dark"":0,""anima"":0,""status"":0}}}}","{""bonus"":{""allure"":0.02,""charisma"":0.02,""libido"":0.02,""dominance"":0.02},""soiled"":{""blood"":0,""sweat"":0,""semen"":0,""urine"":0,""discharge"":0,""arousal"":0}}","{""prf"": ""Amberyl"", ""unequipped"": true, ""indestructible"": true}",{}
501,unequipped,nude,Amberyl,underwear,Coarse red curls provide natural cover.,"{""itemType"":""unequipped"",""bonus"":{""chance"":{""parry"":0.01,""dodge"":0.01,""block"":0.01,""hit"":0.01,""critical"":0.01,""resist"":{""omni"":0.01,""light"":0,""dark"":0,""anima"":0,""status"":0}},""value"":{""damage"":0.02,""melee"":0.02,""critical"":0.02,""block"":0.02,""armor"":0.02,""resist"":{""omni"":0.02,""light"":0,""dark"":0,""anima"":0,""status"":0}}}}","{""bonus"":{""allure"":0.02,""charisma"":0.02,""libido"":0.02,""dominance"":0.02},""soiled"":{""blood"":0,""sweat"":0,""semen"":0,""urine"":0,""discharge"":0,""arousal"":0}}","{""prf"": ""Amberyl"", ""unequipped"": true, ""indestructible"": true}",{}
502,unequipped,empty,Amberyl,offhand,Nothing!,"{""itemType"":""unequipped"",""bonus"":{""chance"":{""parry"":0.01,""dodge"":0.01,""block"":0.01,""hit"":0.01,""critical"":0.01,""resist"":{""omni"":0.01,""light"":0,""dark"":0,""anima"":0,""status"":0}},""value"":{""damage"":0.02,""melee"":0.02,""critical"":0.02,""block"":0.02,""armor"":0.02,""resist"":{""omni"":0.02,""light"":0,""dark"":0,""anima"":0,""status"":0}}}}","{""bonus"":{""allure"":0.02,""charisma"":0.02,""libido"":0.02,""dominance"":0.02},""soiled"":{""blood"":0,""sweat"":0,""semen"":0,""urine"":0,""discharge"":0,""arousal"":0}}","{""prf"": ""Amberyl"", ""unequipped"": true, ""indestructible"": true}",{}
503,unequipped,uncovered,Amberyl,head,"Soft red curls, down to the neck.","{""itemType"":""unequipped"",""bonus"":{""chance"":{""parry"":0.01,""dodge"":0.01,""block"":0.01,""hit"":0.01,""critical"":0.01,""resist"":{""omni"":0.01,""light"":0,""dark"":0,""anima"":0,""status"":0}},""value"":{""damage"":0.02,""melee"":0.02,""critical"":0.02,""block"":0.02,""armor"":0.02,""resist"":{""omni"":0.02,""light"":0,""dark"":0,""anima"":0,""status"":0}}}}","{""bonus"":{""allure"":0.02,""charisma"":0.02,""libido"":0.02,""dominance"":0.02},""soiled"":{""blood"":0,""sweat"":0,""semen"":0,""urine"":0,""discharge"":0,""arousal"":0}}","{""prf"": ""Amberyl"", ""unequipped"": true, ""indestructible"": true}",{}
504,unequipped,bare,Amberyl,neck,Unadorned smooth white skin.,"{""itemType"":""unequipped"",""bonus"":{""chance"":{""parry"":0.01,""dodge"":0.01,""block"":0.01,""hit"":0.01,""critical"":0.01,""resist"":{""omni"":0.01,""light"":0,""dark"":0,""anima"":0,""status"":0}},""value"":{""damage"":0.02,""melee"":0.02,""critical"":0.02,""block"":0.02,""armor"":0.02,""resist"":{""omni"":0.02,""light"":0,""dark"":0,""anima"":0,""status"":0}}}}","{""bonus"":{""allure"":0.02,""charisma"":0.02,""libido"":0.02,""dominance"":0.02},""soiled"":{""blood"":0,""sweat"":0,""semen"":0,""urine"":0,""discharge"":0,""arousal"":0}}","{""prf"": ""Amberyl"", ""unequipped"": true, ""indestructible"": true}",{}
505,unequipped,uncovered,Amberyl,shoulder,No restrictive gear.,"{""itemType"":""unequipped"",""bonus"":{""chance"":{""parry"":0.01,""dodge"":0.01,""block"":0.01,""hit"":0.01,""critical"":0.01,""resist"":{""omni"":0.01,""light"":0,""dark"":0,""anima"":0,""status"":0}},""value"":{""damage"":0.02,""melee"":0.02,""critical"":0.02,""block"":0.02,""armor"":0.02,""resist"":{""omni"":0.02,""light"":0,""dark"":0,""anima"":0,""status"":0}}}}","{""bonus"":{""allure"":0.02,""charisma"":0.02,""libido"":0.02,""dominance"":0.02},""soiled"":{""blood"":0,""sweat"":0,""semen"":0,""urine"":0,""discharge"":0,""arousal"":0}}","{""prf"": ""Amberyl"", ""unequipped"": true, ""indestructible"": true}",{}
506,unequipped,bare,Amberyl,back,"Smooth, with a hint of toned muscle.","{""itemType"":""unequipped"",""bonus"":{""chance"":{""parry"":0.01,""dodge"":0.01,""block"":0.01,""hit"":0.01,""critical"":0.01,""resist"":{""omni"":0.01,""light"":0,""dark"":0,""anima"":0,""status"":0}},""value"":{""damage"":0.02,""melee"":0.02,""critical"":0.02,""block"":0.02,""armor"":0.02,""resist"":{""omni"":0.02,""light"":0,""dark"":0,""anima"":0,""status"":0}}}}","{""bonus"":{""allure"":0.02,""charisma"":0.02,""libido"":0.02,""dominance"":0.02},""soiled"":{""blood"":0,""sweat"":0,""semen"":0,""urine"":0,""discharge"":0,""arousal"":0}}","{""prf"": ""Amberyl"", ""unequipped"": true, ""indestructible"": true}",{}
507,unequipped,uncovered,Amberyl,chest,No armor to protect these vitals.,"{""itemType"":""unequipped"",""bonus"":{""chance"":{""parry"":0.01,""dodge"":0.01,""block"":0.01,""hit"":0.01,""critical"":0.01,""resist"":{""omni"":0.01,""light"":0,""dark"":0,""anima"":0,""status"":0}},""value"":{""damage"":0.02,""melee"":0.02,""critical"":0.02,""block"":0.02,""armor"":0.02,""resist"":{""omni"":0.02,""light"":0,""dark"":0,""anima"":0,""status"":0}}}}","{""bonus"":{""allure"":0.02,""charisma"":0.02,""libido"":0.02,""dominance"":0.02},""soiled"":{""blood"":0,""sweat"":0,""semen"":0,""urine"":0,""discharge"":0,""arousal"":0}}","{""prf"": ""Amberyl"", ""unequipped"": true, ""indestructible"": true}",{}
508,unequipped,nude,Amberyl,shirt,No layer of cloth cover.,"{""itemType"":""unequipped"",""bonus"":{""chance"":{""parry"":0.01,""dodge"":0.01,""block"":0.01,""hit"":0.01,""critical"":0.01,""resist"":{""omni"":0.01,""light"":0,""dark"":0,""anima"":0,""status"":0}},""value"":{""damage"":0.02,""melee"":0.02,""critical"":0.02,""block"":0.02,""armor"":0.02,""resist"":{""omni"":0.02,""light"":0,""dark"":0,""anima"":0,""status"":0}}}}","{""bonus"":{""allure"":0.02,""charisma"":0.02,""libido"":0.02,""dominance"":0.02},""soiled"":{""blood"":0,""sweat"":0,""semen"":0,""urine"":0,""discharge"":0,""arousal"":0}}","{""prf"": ""Amberyl"", ""unequipped"": true, ""indestructible"": true}",{}
509,unequipped,bare,Amberyl,wrist,Unadorned smooth white skin.,"{""itemType"":""unequipped"",""bonus"":{""chance"":{""parry"":0.01,""dodge"":0.01,""block"":0.01,""hit"":0.01,""critical"":0.01,""resist"":{""omni"":0.01,""light"":0,""dark"":0,""anima"":0,""status"":0}},""value"":{""damage"":0.02,""melee"":0.02,""critical"":0.02,""block"":0.02,""armor"":0.02,""resist"":{""omni"":0.02,""light"":0,""dark"":0,""anima"":0,""status"":0}}}}","{""bonus"":{""allure"":0.02,""charisma"":0.02,""libido"":0.02,""dominance"":0.02},""soiled"":{""blood"":0,""sweat"":0,""semen"":0,""urine"":0,""discharge"":0,""arousal"":0}}","{""prf"": ""Amberyl"", ""unequipped"": true, ""indestructible"": true}",{}
510,unequipped,bare,Amberyl,hand,Unadorned smooth white skin.,"{""itemType"":""unequipped"",""bonus"":{""chance"":{""parry"":0.01,""dodge"":0.01,""block"":0.01,""hit"":0.01,""critical"":0.01,""resist"":{""omni"":0.01,""light"":0,""dark"":0,""anima"":0,""status"":0}},""value"":{""damage"":0.02,""melee"":0.02,""critical"":0.02,""block"":0.02,""armor"":0.02,""resist"":{""omni"":0.02,""light"":0,""dark"":0,""anima"":0,""status"":0}}}}","{""bonus"":{""allure"":0.02,""charisma"":0.02,""libido"":0.02,""dominance"":0.02},""soiled"":{""blood"":0,""sweat"":0,""semen"":0,""urine"":0,""discharge"":0,""arousal"":0}}","{""prf"": ""Amberyl"", ""unequipped"": true, ""indestructible"": true}",{}
511,unequipped,empty,Amberyl,waist,No belt for fashion or function.,"{""itemType"":""unequipped"",""bonus"":{""chance"":{""parry"":0.01,""dodge"":0.01,""block"":0.01,""hit"":0.01,""critical"":0.01,""resist"":{""omni"":0.01,""light"":0,""dark"":0,""anima"":0,""status"":0}},""value"":{""damage"":0.02,""melee"":0.02,""critical"":0.02,""block"":0.02,""armor"":0.02,""resist"":{""omni"":0.02,""light"":0,""dark"":0,""anima"":0,""status"":0}}}}","{""bonus"":{""allure"":0.02,""charisma"":0.02,""libido"":0.02,""dominance"":0.02},""soiled"":{""blood"":0,""sweat"":0,""semen"":0,""urine"":0,""discharge"":0,""arousal"":0}}","{""prf"": ""Amberyl"", ""unequipped"": true, ""indestructible"": true}",{}
512,unequipped,bare,Amberyl,leg,Shapely legs free from constraint.,"{""itemType"":""unequipped"",""bonus"":{""chance"":{""parry"":0.01,""dodge"":0.01,""block"":0.01,""hit"":0.01,""critical"":0.01,""resist"":{""omni"":0.01,""light"":0,""dark"":0,""anima"":0,""status"":0}},""value"":{""damage"":0.02,""melee"":0.02,""critical"":0.02,""block"":0.02,""armor"":0.02,""resist"":{""omni"":0.02,""light"":0,""dark"":0,""anima"":0,""status"":0}}}}","{""bonus"":{""allure"":0.02,""charisma"":0.02,""libido"":0.02,""dominance"":0.02},""soiled"":{""blood"":0,""sweat"":0,""semen"":0,""urine"":0,""discharge"":0,""arousal"":0}}","{""prf"": ""Amberyl"", ""unequipped"": true, ""indestructible"": true}",{}
513,unequipped,bare,Amberyl,shin,Nothing to protect these shapely calves.,"{""itemType"":""unequipped"",""bonus"":{""chance"":{""parry"":0.01,""dodge"":0.01,""block"":0.01,""hit"":0.01,""critical"":0.01,""resist"":{""omni"":0.01,""light"":0,""dark"":0,""anima"":0,""status"":0}},""value"":{""damage"":0.02,""melee"":0.02,""critical"":0.02,""block"":0.02,""armor"":0.02,""resist"":{""omni"":0.02,""light"":0,""dark"":0,""anima"":0,""status"":0}}}}","{""bonus"":{""allure"":0.02,""charisma"":0.02,""libido"":0.02,""dominance"":0.02},""soiled"":{""blood"":0,""sweat"":0,""semen"":0,""urine"":0,""discharge"":0,""arousal"":0}}","{""prf"": ""Amberyl"", ""unequipped"": true, ""indestructible"": true}",{}
514,unequipped,bare,Amberyl,foot,Nothing to protect these feet.,"{""itemType"":""unequipped"",""bonus"":{""chance"":{""parry"":0.01,""dodge"":0.01,""block"":0.01,""hit"":0.01,""critical"":0.01,""resist"":{""omni"":0.01,""light"":0,""dark"":0,""anima"":0,""status"":0}},""value"":{""damage"":0.02,""melee"":0.02,""critical"":0.02,""block"":0.02,""armor"":0.02,""resist"":{""omni"":0.02,""light"":0,""dark"":0,""anima"":0,""status"":0}}}}","{""bonus"":{""allure"":0.02,""charisma"":0.02,""libido"":0.02,""dominance"":0.02},""soiled"":{""blood"":0,""sweat"":0,""semen"":0,""urine"":0,""discharge"":0,""arousal"":0}}","{""prf"": ""Amberyl"", ""unequipped"": true, ""indestructible"": true}",{}
515,unequipped,empty,Amberyl,ring1,No rings on this hand.,"{""itemType"":""unequipped"",""bonus"":{""chance"":{""parry"":0.01,""dodge"":0.01,""block"":0.01,""hit"":0.01,""critical"":0.01,""resist"":{""omni"":0.01,""light"":0,""dark"":0,""anima"":0,""status"":0}},""value"":{""damage"":0.02,""melee"":0.02,""critical"":0.02,""block"":0.02,""armor"":0.02,""resist"":{""omni"":0.02,""light"":0,""dark"":0,""anima"":0,""status"":0}}}}","{""bonus"":{""allure"":0.02,""charisma"":0.02,""libido"":0.02,""dominance"":0.02},""soiled"":{""blood"":0,""sweat"":0,""semen"":0,""urine"":0,""discharge"":0,""arousal"":0}}","{""prf"": ""Amberyl"", ""unequipped"": true, ""indestructible"": true}",{}
516,unequipped,empty,Amberyl,ring2,No rings on this hand.,"{""itemType"":""unequipped"",""bonus"":{""chance"":{""parry"":0.01,""dodge"":0.01,""block"":0.01,""hit"":0.01,""critical"":0.01,""resist"":{""omni"":0.01,""light"":0,""dark"":0,""anima"":0,""status"":0}},""value"":{""damage"":0.02,""melee"":0.02,""critical"":0.02,""block"":0.02,""armor"":0.02,""resist"":{""omni"":0.02,""light"":0,""dark"":0,""anima"":0,""status"":0}}}}","{""bonus"":{""allure"":0.02,""charisma"":0.02,""libido"":0.02,""dominance"":0.02},""soiled"":{""blood"":0,""sweat"":0,""semen"":0,""urine"":0,""discharge"":0,""arousal"":0}}","{""prf"": ""Amberyl"", ""unequipped"": true, ""indestructible"": true}",{}
517,unequipped,empty,Amberyl,trinket1,No trinket to be found.,"{""itemType"":""unequipped"",""bonus"":{""chance"":{""parry"":0.01,""dodge"":0.01,""block"":0.01,""hit"":0.01,""critical"":0.01,""resist"":{""omni"":0.01,""light"":0,""dark"":0,""anima"":0,""status"":0}},""value"":{""damage"":0.02,""melee"":0.02,""critical"":0.02,""block"":0.02,""armor"":0.02,""resist"":{""omni"":0.02,""light"":0,""dark"":0,""anima"":0,""status"":0}}}}","{""bonus"":{""allure"":0.02,""charisma"":0.02,""libido"":0.02,""dominance"":0.02},""soiled"":{""blood"":0,""sweat"":0,""semen"":0,""urine"":0,""discharge"":0,""arousal"":0}}","{""prf"": ""Amberyl"", ""unequipped"": true, ""indestructible"": true}",{}
518,unequipped,empty,Amberyl,trinket2,No trinket to be found.,"{""itemType"":""unequipped"",""bonus"":{""chance"":{""parry"":0.01,""dodge"":0.01,""block"":0.01,""hit"":0.01,""critical"":0.01,""resist"":{""omni"":0.01,""light"":0,""dark"":0,""anima"":0,""status"":0}},""value"":{""damage"":0.02,""melee"":0.02,""critical"":0.02,""block"":0.02,""armor"":0.02,""resist"":{""omni"":0.02,""light"":0,""dark"":0,""anima"":0,""status"":0}}}}","{""bonus"":{""allure"":0.02,""charisma"":0.02,""libido"":0.02,""dominance"":0.02},""soiled"":{""blood"":0,""sweat"":0,""semen"":0,""urine"":0,""discharge"":0,""arousal"":0}}","{""prf"": ""Amberyl"", ""unequipped"": true, ""indestructible"": true}",{}
519,weapon,empty,Amberyl,mainhand,Emptyhanded,"{""weaponType"":""kick"",""material"":""body"",""bonus"":{""chance"":{""parry"":0,""dodge"":0,""block"":0,""hit"":0,""critical"":0},""value"":{""block"":0,""damage"":0,""melee"":0,""critical"":0,""effectiveMultiplier"":1}},""durability"":1}","{""bonus"":{""allure"":0,""charisma"":0,""libido"":0,""dominance"":0}        }","{""prf"": ""Amberyl"", ""unequipped"": true, ""indestructible"": true}",{}
520,unequipped,nude,Dorcas,undershirt,A bare male chest.,"{""itemType"":""unequipped"",""bonus"":{""chance"":{""parry"":0,""dodge"":0,""block"":0,""hit"":0,""critical"":0,""resist"":{""omni"":0,""light"":0,""dark"":0,""anima"":0,""status"":0}},""value"":{""damage"":0,""melee"":0,""critical"":0,""block"":0,""armor"":0,""resist"":{""omni"":0,""light"":0,""dark"":0,""anima"":0,""status"":0}}}}","{""bonus"":{""allure"":0,""charisma"":0,""libido"":0,""dominance"":0},""soiled"":{""blood"":0,""sweat"":0,""semen"":0,""urine"":0,""discharge"":0,""arousal"":0}}","{""prf"": ""Dorcas"", ""unequipped"": true, ""indestructible"": true}",{}
521,unequipped,nude,Dorcas,underwear,Nothing!,"{""itemType"":""unequipped"",""bonus"":{""chance"":{""parry"":0,""dodge"":0,""block"":0,""hit"":0,""critical"":0,""resist"":{""omni"":0,""light"":0,""dark"":0,""anima"":0,""status"":0}},""value"":{""damage"":0,""melee"":0,""critical"":0,""block"":0,""armor"":0,""resist"":{""omni"":0,""light"":0,""dark"":0,""anima"":0,""status"":0}}}}","{""bonus"":{""allure"":0,""charisma"":0,""libido"":0,""dominance"":0},""soiled"":{""blood"":0,""sweat"":0,""semen"":0,""urine"":0,""discharge"":0,""arousal"":0}}","{""prf"": ""Dorcas"", ""unequipped"": true, ""indestructible"": true}",{}
522,unequipped,empty,Dorcas,offhand,Nothing!,"{""itemType"":""unequipped"",""bonus"":{""chance"":{""parry"":0,""dodge"":0,""block"":0,""hit"":0,""critical"":0,""resist"":{""omni"":0,""light"":0,""dark"":0,""anima"":0,""status"":0}},""value"":{""damage"":0,""melee"":0,""critical"":0,""block"":0,""armor"":0,""resist"":{""omni"":0,""light"":0,""dark"":0,""anima"":0,""status"":0}}}}","{""bonus"":{""allure"":0,""charisma"":0,""libido"":0,""dominance"":0},""soiled"":{""blood"":0,""sweat"":0,""semen"":0,""urine"":0,""discharge"":0,""arousal"":0}}","{""prf"": ""Dorcas"", ""unequipped"": true, ""indestructible"": true}",{}
523,unequipped,uncovered,Dorcas,head,Nothing!,"{""itemType"":""unequipped"",""bonus"":{""chance"":{""parry"":0,""dodge"":0,""block"":0,""hit"":0,""critical"":0,""resist"":{""omni"":0,""light"":0,""dark"":0,""anima"":0,""status"":0}},""value"":{""damage"":0,""melee"":0,""critical"":0,""block"":0,""armor"":0,""resist"":{""omni"":0,""light"":0,""dark"":0,""anima"":0,""status"":0}}}}","{""bonus"":{""allure"":0,""charisma"":0,""libido"":0,""dominance"":0},""soiled"":{""blood"":0,""sweat"":0,""semen"":0,""urine"":0,""discharge"":0,""arousal"":0}}","{""prf"": ""Dorcas"", ""unequipped"": true, ""indestructible"": true}",{}
524,unequipped,bare,Dorcas,neck,Nothing!,"{""itemType"":""unequipped"",""bonus"":{""chance"":{""parry"":0,""dodge"":0,""block"":0,""hit"":0,""critical"":0,""resist"":{""omni"":0,""light"":0,""dark"":0,""anima"":0,""status"":0}},""value"":{""damage"":0,""melee"":0,""critical"":0,""block"":0,""armor"":0,""resist"":{""omni"":0,""light"":0,""dark"":0,""anima"":0,""status"":0}}}}","{""bonus"":{""allure"":0,""charisma"":0,""libido"":0,""dominance"":0},""soiled"":{""blood"":0,""sweat"":0,""semen"":0,""urine"":0,""discharge"":0,""arousal"":0}}","{""prf"": ""Dorcas"", ""unequipped"": true, ""indestructible"": true}",{}
525,unequipped,uncovered,Dorcas,shoulder,Nothing!,"{""itemType"":""unequipped"",""bonus"":{""chance"":{""parry"":0,""dodge"":0,""block"":0,""hit"":0,""critical"":0,""resist"":{""omni"":0,""light"":0,""dark"":0,""anima"":0,""status"":0}},""value"":{""damage"":0,""melee"":0,""critical"":0,""block"":0,""armor"":0,""resist"":{""omni"":0,""light"":0,""dark"":0,""anima"":0,""status"":0}}}}","{""bonus"":{""allure"":0,""charisma"":0,""libido"":0,""dominance"":0},""soiled"":{""blood"":0,""sweat"":0,""semen"":0,""urine"":0,""discharge"":0,""arousal"":0}}","{""prf"": ""Dorcas"", ""unequipped"": true, ""indestructible"": true}",{}
526,unequipped,bare,Dorcas,back,Nothing!,"{""itemType"":""unequipped"",""bonus"":{""chance"":{""parry"":0,""dodge"":0,""block"":0,""hit"":0,""critical"":0,""resist"":{""omni"":0,""light"":0,""dark"":0,""anima"":0,""status"":0}},""value"":{""damage"":0,""melee"":0,""critical"":0,""block"":0,""armor"":0,""resist"":{""omni"":0,""light"":0,""dark"":0,""anima"":0,""status"":0}}}}","{""bonus"":{""allure"":0,""charisma"":0,""libido"":0,""dominance"":0},""soiled"":{""blood"":0,""sweat"":0,""semen"":0,""urine"":0,""discharge"":0,""arousal"":0}}","{""prf"": ""Dorcas"", ""unequipped"": true, ""indestructible"": true}",{}
527,unequipped,uncovered,Dorcas,chest,Nothing!,"{""itemType"":""unequipped"",""bonus"":{""chance"":{""parry"":0,""dodge"":0,""block"":0,""hit"":0,""critical"":0,""resist"":{""omni"":0,""light"":0,""dark"":0,""anima"":0,""status"":0}},""value"":{""damage"":0,""melee"":0,""critical"":0,""block"":0,""armor"":0,""resist"":{""omni"":0,""light"":0,""dark"":0,""anima"":0,""status"":0}}}}","{""bonus"":{""allure"":0,""charisma"":0,""libido"":0,""dominance"":0},""soiled"":{""blood"":0,""sweat"":0,""semen"":0,""urine"":0,""discharge"":0,""arousal"":0}}","{""prf"": ""Dorcas"", ""unequipped"": true, ""indestructible"": true}",{}
528,unequipped,nude,Dorcas,shirt,Nothing!,"{""itemType"":""unequipped"",""bonus"":{""chance"":{""parry"":0,""dodge"":0,""block"":0,""hit"":0,""critical"":0,""resist"":{""omni"":0,""light"":0,""dark"":0,""anima"":0,""status"":0}},""value"":{""damage"":0,""melee"":0,""critical"":0,""block"":0,""armor"":0,""resist"":{""omni"":0,""light"":0,""dark"":0,""anima"":0,""status"":0}}}}","{""bonus"":{""allure"":0,""charisma"":0,""libido"":0,""dominance"":0},""soiled"":{""blood"":0,""sweat"":0,""semen"":0,""urine"":0,""discharge"":0,""arousal"":0}}","{""prf"": ""Dorcas"", ""unequipped"": true, ""indestructible"": true}",{}
529,unequipped,bare,Dorcas,wrist,Nothing!,"{""itemType"":""unequipped"",""bonus"":{""chance"":{""parry"":0,""dodge"":0,""block"":0,""hit"":0,""critical"":0,""resist"":{""omni"":0,""light"":0,""dark"":0,""anima"":0,""status"":0}},""value"":{""damage"":0,""melee"":0,""critical"":0,""block"":0,""armor"":0,""resist"":{""omni"":0,""light"":0,""dark"":0,""anima"":0,""status"":0}}}}","{""bonus"":{""allure"":0,""charisma"":0,""libido"":0,""dominance"":0},""soiled"":{""blood"":0,""sweat"":0,""semen"":0,""urine"":0,""discharge"":0,""arousal"":0}}","{""prf"": ""Dorcas"", ""unequipped"": true, ""indestructible"": true}",{}
530,unequipped,bare,Dorcas,hand,Nothing!,"{""itemType"":""unequipped"",""bonus"":{""chance"":{""parry"":0,""dodge"":0,""block"":0,""hit"":0,""critical"":0,""resist"":{""omni"":0,""light"":0,""dark"":0,""anima"":0,""status"":0}},""value"":{""damage"":0,""melee"":0,""critical"":0,""block"":0,""armor"":0,""resist"":{""omni"":0,""light"":0,""dark"":0,""anima"":0,""status"":0}}}}","{""bonus"":{""allure"":0,""charisma"":0,""libido"":0,""dominance"":0},""soiled"":{""blood"":0,""sweat"":0,""semen"":0,""urine"":0,""discharge"":0,""arousal"":0}}","{""prf"": ""Dorcas"", ""unequipped"": true, ""indestructible"": true}",{}
531,unequipped,empty,Dorcas,waist,Nothing!,"{""itemType"":""unequipped"",""bonus"":{""chance"":{""parry"":0,""dodge"":0,""block"":0,""hit"":0,""critical"":0,""resist"":{""omni"":0,""light"":0,""dark"":0,""anima"":0,""status"":0}},""value"":{""damage"":0,""melee"":0,""critical"":0,""block"":0,""armor"":0,""resist"":{""omni"":0,""light"":0,""dark"":0,""anima"":0,""status"":0}}}}","{""bonus"":{""allure"":0,""charisma"":0,""libido"":0,""dominance"":0},""soiled"":{""blood"":0,""sweat"":0,""semen"":0,""urine"":0,""discharge"":0,""arousal"":0}}","{""prf"": ""Dorcas"", ""unequipped"": true, ""indestructible"": true}",{}
532,unequipped,bare,Dorcas,leg,Nothing!,"{""itemType"":""unequipped"",""bonus"":{""chance"":{""parry"":0,""dodge"":0,""block"":0,""hit"":0,""critical"":0,""resist"":{""omni"":0,""light"":0,""dark"":0,""anima"":0,""status"":0}},""value"":{""damage"":0,""melee"":0,""critical"":0,""block"":0,""armor"":0,""resist"":{""omni"":0,""light"":0,""dark"":0,""anima"":0,""status"":0}}}}","{""bonus"":{""allure"":0,""charisma"":0,""libido"":0,""dominance"":0},""soiled"":{""blood"":0,""sweat"":0,""semen"":0,""urine"":0,""discharge"":0,""arousal"":0}}","{""prf"": ""Dorcas"", ""unequipped"": true, ""indestructible"": true}",{}
533,unequipped,bare,Dorcas,shin,Nothing!,"{""itemType"":""unequipped"",""bonus"":{""chance"":{""parry"":0,""dodge"":0,""block"":0,""hit"":0,""critical"":0,""resist"":{""omni"":0,""light"":0,""dark"":0,""anima"":0,""status"":0}},""value"":{""damage"":0,""melee"":0,""critical"":0,""block"":0,""armor"":0,""resist"":{""omni"":0,""light"":0,""dark"":0,""anima"":0,""status"":0}}}}","{""bonus"":{""allure"":0,""charisma"":0,""libido"":0,""dominance"":0},""soiled"":{""blood"":0,""sweat"":0,""semen"":0,""urine"":0,""discharge"":0,""arousal"":0}}","{""prf"": ""Dorcas"", ""unequipped"": true, ""indestructible"": true}",{}
534,unequipped,bare,Dorcas,foot,Nothing!,"{""itemType"":""unequipped"",""bonus"":{""chance"":{""parry"":0,""dodge"":0,""block"":0,""hit"":0,""critical"":0,""resist"":{""omni"":0,""light"":0,""dark"":0,""anima"":0,""status"":0}},""value"":{""damage"":0,""melee"":0,""critical"":0,""block"":0,""armor"":0,""resist"":{""omni"":0,""light"":0,""dark"":0,""anima"":0,""status"":0}}}}","{""bonus"":{""allure"":0,""charisma"":0,""libido"":0,""dominance"":0},""soiled"":{""blood"":0,""sweat"":0,""semen"":0,""urine"":0,""discharge"":0,""arousal"":0}}","{""prf"": ""Dorcas"", ""unequipped"": true, ""indestructible"": true}",{}
535,unequipped,empty,Dorcas,ring1,Nothing!,"{""itemType"":""unequipped"",""bonus"":{""chance"":{""parry"":0,""dodge"":0,""block"":0,""hit"":0,""critical"":0,""resist"":{""omni"":0,""light"":0,""dark"":0,""anima"":0,""status"":0}},""value"":{""damage"":0,""melee"":0,""critical"":0,""block"":0,""armor"":0,""resist"":{""omni"":0,""light"":0,""dark"":0,""anima"":0,""status"":0}}}}","{""bonus"":{""allure"":0,""charisma"":0,""libido"":0,""dominance"":0},""soiled"":{""blood"":0,""sweat"":0,""semen"":0,""urine"":0,""discharge"":0,""arousal"":0}}","{""prf"": ""Dorcas"", ""unequipped"": true, ""indestructible"": true}",{}
536,unequipped,empty,Dorcas,ring2,Nothing!,"{""itemType"":""unequipped"",""bonus"":{""chance"":{""parry"":0,""dodge"":0,""block"":0,""hit"":0,""critical"":0,""resist"":{""omni"":0,""light"":0,""dark"":0,""anima"":0,""status"":0}},""value"":{""damage"":0,""melee"":0,""critical"":0,""block"":0,""armor"":0,""resist"":{""omni"":0,""light"":0,""dark"":0,""anima"":0,""status"":0}}}}","{""bonus"":{""allure"":0,""charisma"":0,""libido"":0,""dominance"":0},""soiled"":{""blood"":0,""sweat"":0,""semen"":0,""urine"":0,""discharge"":0,""arousal"":0}}","{""prf"": ""Dorcas"", ""unequipped"": true, ""indestructible"": true}",{}
537,unequipped,empty,Dorcas,trinket1,Nothing!,"{""itemType"":""unequipped"",""bonus"":{""chance"":{""parry"":0,""dodge"":0,""block"":0,""hit"":0,""critical"":0,""resist"":{""omni"":0,""light"":0,""dark"":0,""anima"":0,""status"":0}},""value"":{""damage"":0,""melee"":0,""critical"":0,""block"":0,""armor"":0,""resist"":{""omni"":0,""light"":0,""dark"":0,""anima"":0,""status"":0}}}}","{""bonus"":{""allure"":0,""charisma"":0,""libido"":0,""dominance"":0},""soiled"":{""blood"":0,""sweat"":0,""semen"":0,""urine"":0,""discharge"":0,""arousal"":0}}","{""prf"": ""Dorcas"", ""unequipped"": true, ""indestructible"": true}",{}
538,unequipped,empty,Dorcas,trinket2,Nothing!,"{""itemType"":""unequipped"",""bonus"":{""chance"":{""parry"":0,""dodge"":0,""block"":0,""hit"":0,""critical"":0,""resist"":{""omni"":0,""light"":0,""dark"":0,""anima"":0,""status"":0}},""value"":{""damage"":0,""melee"":0,""critical"":0,""block"":0,""armor"":0,""resist"":{""omni"":0,""light"":0,""dark"":0,""anima"":0,""status"":0}}}}","{""bonus"":{""allure"":0,""charisma"":0,""libido"":0,""dominance"":0},""soiled"":{""blood"":0,""sweat"":0,""semen"":0,""urine"":0,""discharge"":0,""arousal"":0}}","{""prf"": ""Dorcas"", ""unequipped"": true, ""indestructible"": true}",{}
539,weapon,empty,Dorcas,mainhand,Emptyhanded,"{""weaponType"":""punch"",""material"":""body"",""bonus"":{""chance"":{""parry"":0,""dodge"":0,""block"":0,""hit"":0,""critical"":0},""value"":{""block"":0,""damage"":0,""critical"":0,""effectiveMultiplier"":1}},""durability"":1}","{""bonus"":{""allure"":0,""charisma"":0,""libido"":0,""dominance"":0}        }","{""prf"": ""Dorcas"", ""unequipped"": true, ""indestructible"": true}",{}
540,unequipped,nude,Erk,undershirt,A bare male chest.,"{""itemType"":""unequipped"",""bonus"":{""chance"":{""parry"":0,""dodge"":0,""block"":0,""hit"":0,""critical"":0,""resist"":{""omni"":0,""light"":0,""dark"":0,""anima"":0,""status"":0}},""value"":{""damage"":0,""melee"":0,""critical"":0,""block"":0,""armor"":0,""resist"":{""omni"":0,""light"":0,""dark"":0,""anima"":0,""status"":0}}}}","{""bonus"":{""allure"":0,""charisma"":0,""libido"":0,""dominance"":0},""soiled"":{""blood"":0,""sweat"":0,""semen"":0,""urine"":0,""discharge"":0,""arousal"":0}}","{""prf"": ""Erk"", ""unequipped"": true, ""indestructible"": true}",{}
541,unequipped,nude,Erk,underwear,Nothing!,"{""itemType"":""unequipped"",""bonus"":{""chance"":{""parry"":0,""dodge"":0,""block"":0,""hit"":0,""critical"":0,""resist"":{""omni"":0,""light"":0,""dark"":0,""anima"":0,""status"":0}},""value"":{""damage"":0,""melee"":0,""critical"":0,""block"":0,""armor"":0,""resist"":{""omni"":0,""light"":0,""dark"":0,""anima"":0,""status"":0}}}}","{""bonus"":{""allure"":0,""charisma"":0,""libido"":0,""dominance"":0},""soiled"":{""blood"":0,""sweat"":0,""semen"":0,""urine"":0,""discharge"":0,""arousal"":0}}","{""prf"": ""Erk"", ""unequipped"": true, ""indestructible"": true}",{}
542,unequipped,empty,Erk,offhand,Nothing!,"{""itemType"":""unequipped"",""bonus"":{""chance"":{""parry"":0,""dodge"":0,""block"":0,""hit"":0,""critical"":0,""resist"":{""omni"":0,""light"":0,""dark"":0,""anima"":0,""status"":0}},""value"":{""damage"":0,""melee"":0,""critical"":0,""block"":0,""armor"":0,""resist"":{""omni"":0,""light"":0,""dark"":0,""anima"":0,""status"":0}}}}","{""bonus"":{""allure"":0,""charisma"":0,""libido"":0,""dominance"":0},""soiled"":{""blood"":0,""sweat"":0,""semen"":0,""urine"":0,""discharge"":0,""arousal"":0}}","{""prf"": ""Erk"", ""unequipped"": true, ""indestructible"": true}",{}
543,unequipped,uncovered,Erk,head,Nothing!,"{""itemType"":""unequipped"",""bonus"":{""chance"":{""parry"":0,""dodge"":0,""block"":0,""hit"":0,""critical"":0,""resist"":{""omni"":0,""light"":0,""dark"":0,""anima"":0,""status"":0}},""value"":{""damage"":0,""melee"":0,""critical"":0,""block"":0,""armor"":0,""resist"":{""omni"":0,""light"":0,""dark"":0,""anima"":0,""status"":0}}}}","{""bonus"":{""allure"":0,""charisma"":0,""libido"":0,""dominance"":0},""soiled"":{""blood"":0,""sweat"":0,""semen"":0,""urine"":0,""discharge"":0,""arousal"":0}}","{""prf"": ""Erk"", ""unequipped"": true, ""indestructible"": true}",{}
544,unequipped,bare,Erk,neck,Nothing!,"{""itemType"":""unequipped"",""bonus"":{""chance"":{""parry"":0,""dodge"":0,""block"":0,""hit"":0,""critical"":0,""resist"":{""omni"":0,""light"":0,""dark"":0,""anima"":0,""status"":0}},""value"":{""damage"":0,""melee"":0,""critical"":0,""block"":0,""armor"":0,""resist"":{""omni"":0,""light"":0,""dark"":0,""anima"":0,""status"":0}}}}","{""bonus"":{""allure"":0,""charisma"":0,""libido"":0,""dominance"":0},""soiled"":{""blood"":0,""sweat"":0,""semen"":0,""urine"":0,""discharge"":0,""arousal"":0}}","{""prf"": ""Erk"", ""unequipped"": true, ""indestructible"": true}",{}
545,unequipped,uncovered,Erk,shoulder,Nothing!,"{""itemType"":""unequipped"",""bonus"":{""chance"":{""parry"":0,""dodge"":0,""block"":0,""hit"":0,""critical"":0,""resist"":{""omni"":0,""light"":0,""dark"":0,""anima"":0,""status"":0}},""value"":{""damage"":0,""melee"":0,""critical"":0,""block"":0,""armor"":0,""resist"":{""omni"":0,""light"":0,""dark"":0,""anima"":0,""status"":0}}}}","{""bonus"":{""allure"":0,""charisma"":0,""libido"":0,""dominance"":0},""soiled"":{""blood"":0,""sweat"":0,""semen"":0,""urine"":0,""discharge"":0,""arousal"":0}}","{""prf"": ""Erk"", ""unequipped"": true, ""indestructible"": true}",{}
546,unequipped,bare,Erk,back,Nothing!,"{""itemType"":""unequipped"",""bonus"":{""chance"":{""parry"":0,""dodge"":0,""block"":0,""hit"":0,""critical"":0,""resist"":{""omni"":0,""light"":0,""dark"":0,""anima"":0,""status"":0}},""value"":{""damage"":0,""melee"":0,""critical"":0,""block"":0,""armor"":0,""resist"":{""omni"":0,""light"":0,""dark"":0,""anima"":0,""status"":0}}}}","{""bonus"":{""allure"":0,""charisma"":0,""libido"":0,""dominance"":0},""soiled"":{""blood"":0,""sweat"":0,""semen"":0,""urine"":0,""discharge"":0,""arousal"":0}}","{""prf"": ""Erk"", ""unequipped"": true, ""indestructible"": true}",{}
547,unequipped,uncovered,Erk,chest,Nothing!,"{""itemType"":""unequipped"",""bonus"":{""chance"":{""parry"":0,""dodge"":0,""block"":0,""hit"":0,""critical"":0,""resist"":{""omni"":0,""light"":0,""dark"":0,""anima"":0,""status"":0}},""value"":{""damage"":0,""melee"":0,""critical"":0,""block"":0,""armor"":0,""resist"":{""omni"":0,""light"":0,""dark"":0,""anima"":0,""status"":0}}}}","{""bonus"":{""allure"":0,""charisma"":0,""libido"":0,""dominance"":0},""soiled"":{""blood"":0,""sweat"":0,""semen"":0,""urine"":0,""discharge"":0,""arousal"":0}}","{""prf"": ""Erk"", ""unequipped"": true, ""indestructible"": true}",{}
548,unequipped,nude,Erk,shirt,Nothing!,"{""itemType"":""unequipped"",""bonus"":{""chance"":{""parry"":0,""dodge"":0,""block"":0,""hit"":0,""critical"":0,""resist"":{""omni"":0,""light"":0,""dark"":0,""anima"":0,""status"":0}},""value"":{""damage"":0,""melee"":0,""critical"":0,""block"":0,""armor"":0,""resist"":{""omni"":0,""light"":0,""dark"":0,""anima"":0,""status"":0}}}}","{""bonus"":{""allure"":0,""charisma"":0,""libido"":0,""dominance"":0},""soiled"":{""blood"":0,""sweat"":0,""semen"":0,""urine"":0,""discharge"":0,""arousal"":0}}","{""prf"": ""Erk"", ""unequipped"": true, ""indestructible"": true}",{}
549,unequipped,bare,Erk,wrist,Nothing!,"{""itemType"":""unequipped"",""bonus"":{""chance"":{""parry"":0,""dodge"":0,""block"":0,""hit"":0,""critical"":0,""resist"":{""omni"":0,""light"":0,""dark"":0,""anima"":0,""status"":0}},""value"":{""damage"":0,""melee"":0,""critical"":0,""block"":0,""armor"":0,""resist"":{""omni"":0,""light"":0,""dark"":0,""anima"":0,""status"":0}}}}","{""bonus"":{""allure"":0,""charisma"":0,""libido"":0,""dominance"":0},""soiled"":{""blood"":0,""sweat"":0,""semen"":0,""urine"":0,""discharge"":0,""arousal"":0}}","{""prf"": ""Erk"", ""unequipped"": true, ""indestructible"": true}",{}
550,unequipped,bare,Erk,hand,Nothing!,"{""itemType"":""unequipped"",""bonus"":{""chance"":{""parry"":0,""dodge"":0,""block"":0,""hit"":0,""critical"":0,""resist"":{""omni"":0,""light"":0,""dark"":0,""anima"":0,""status"":0}},""value"":{""damage"":0,""melee"":0,""critical"":0,""block"":0,""armor"":0,""resist"":{""omni"":0,""light"":0,""dark"":0,""anima"":0,""status"":0}}}}","{""bonus"":{""allure"":0,""charisma"":0,""libido"":0,""dominance"":0},""soiled"":{""blood"":0,""sweat"":0,""semen"":0,""urine"":0,""discharge"":0,""arousal"":0}}","{""prf"": ""Erk"", ""unequipped"": true, ""indestructible"": true}",{}
551,unequipped,empty,Erk,waist,Nothing!,"{""itemType"":""unequipped"",""bonus"":{""chance"":{""parry"":0,""dodge"":0,""block"":0,""hit"":0,""critical"":0,""resist"":{""omni"":0,""light"":0,""dark"":0,""anima"":0,""status"":0}},""value"":{""damage"":0,""melee"":0,""critical"":0,""block"":0,""armor"":0,""resist"":{""omni"":0,""light"":0,""dark"":0,""anima"":0,""status"":0}}}}","{""bonus"":{""allure"":0,""charisma"":0,""libido"":0,""dominance"":0},""soiled"":{""blood"":0,""sweat"":0,""semen"":0,""urine"":0,""discharge"":0,""arousal"":0}}","{""prf"": ""Erk"", ""unequipped"": true, ""indestructible"": true}",{}
552,unequipped,bare,Erk,leg,Nothing!,"{""itemType"":""unequipped"",""bonus"":{""chance"":{""parry"":0,""dodge"":0,""block"":0,""hit"":0,""critical"":0,""resist"":{""omni"":0,""light"":0,""dark"":0,""anima"":0,""status"":0}},""value"":{""damage"":0,""melee"":0,""critical"":0,""block"":0,""armor"":0,""resist"":{""omni"":0,""light"":0,""dark"":0,""anima"":0,""status"":0}}}}","{""bonus"":{""allure"":0,""charisma"":0,""libido"":0,""dominance"":0},""soiled"":{""blood"":0,""sweat"":0,""semen"":0,""urine"":0,""discharge"":0,""arousal"":0}}","{""prf"": ""Erk"", ""unequipped"": true, ""indestructible"": true}",{}
553,unequipped,bare,Erk,shin,Nothing!,"{""itemType"":""unequipped"",""bonus"":{""chance"":{""parry"":0,""dodge"":0,""block"":0,""hit"":0,""critical"":0,""resist"":{""omni"":0,""light"":0,""dark"":0,""anima"":0,""status"":0}},""value"":{""damage"":0,""melee"":0,""critical"":0,""block"":0,""armor"":0,""resist"":{""omni"":0,""light"":0,""dark"":0,""anima"":0,""status"":0}}}}","{""bonus"":{""allure"":0,""charisma"":0,""libido"":0,""dominance"":0},""soiled"":{""blood"":0,""sweat"":0,""semen"":0,""urine"":0,""discharge"":0,""arousal"":0}}","{""prf"": ""Erk"", ""unequipped"": true, ""indestructible"": true}",{}
554,unequipped,bare,Erk,foot,Nothing!,"{""itemType"":""unequipped"",""bonus"":{""chance"":{""parry"":0,""dodge"":0,""block"":0,""hit"":0,""critical"":0,""resist"":{""omni"":0,""light"":0,""dark"":0,""anima"":0,""status"":0}},""value"":{""damage"":0,""melee"":0,""critical"":0,""block"":0,""armor"":0,""resist"":{""omni"":0,""light"":0,""dark"":0,""anima"":0,""status"":0}}}}","{""bonus"":{""allure"":0,""charisma"":0,""libido"":0,""dominance"":0},""soiled"":{""blood"":0,""sweat"":0,""semen"":0,""urine"":0,""discharge"":0,""arousal"":0}}","{""prf"": ""Erk"", ""unequipped"": true, ""indestructible"": true}",{}
555,unequipped,empty,Erk,ring1,Nothing!,"{""itemType"":""unequipped"",""bonus"":{""chance"":{""parry"":0,""dodge"":0,""block"":0,""hit"":0,""critical"":0,""resist"":{""omni"":0,""light"":0,""dark"":0,""anima"":0,""status"":0}},""value"":{""damage"":0,""melee"":0,""critical"":0,""block"":0,""armor"":0,""resist"":{""omni"":0,""light"":0,""dark"":0,""anima"":0,""status"":0}}}}","{""bonus"":{""allure"":0,""charisma"":0,""libido"":0,""dominance"":0},""soiled"":{""blood"":0,""sweat"":0,""semen"":0,""urine"":0,""discharge"":0,""arousal"":0}}","{""prf"": ""Erk"", ""unequipped"": true, ""indestructible"": true}",{}
556,unequipped,empty,Erk,ring2,Nothing!,"{""itemType"":""unequipped"",""bonus"":{""chance"":{""parry"":0,""dodge"":0,""block"":0,""hit"":0,""critical"":0,""resist"":{""omni"":0,""light"":0,""dark"":0,""anima"":0,""status"":0}},""value"":{""damage"":0,""melee"":0,""critical"":0,""block"":0,""armor"":0,""resist"":{""omni"":0,""light"":0,""dark"":0,""anima"":0,""status"":0}}}}","{""bonus"":{""allure"":0,""charisma"":0,""libido"":0,""dominance"":0},""soiled"":{""blood"":0,""sweat"":0,""semen"":0,""urine"":0,""discharge"":0,""arousal"":0}}","{""prf"": ""Erk"", ""unequipped"": true, ""indestructible"": true}",{}
557,unequipped,empty,Erk,trinket1,Nothing!,"{""itemType"":""unequipped"",""bonus"":{""chance"":{""parry"":0,""dodge"":0,""block"":0,""hit"":0,""critical"":0,""resist"":{""omni"":0,""light"":0,""dark"":0,""anima"":0,""status"":0}},""value"":{""damage"":0,""melee"":0,""critical"":0,""block"":0,""armor"":0,""resist"":{""omni"":0,""light"":0,""dark"":0,""anima"":0,""status"":0}}}}","{""bonus"":{""allure"":0,""charisma"":0,""libido"":0,""dominance"":0},""soiled"":{""blood"":0,""sweat"":0,""semen"":0,""urine"":0,""discharge"":0,""arousal"":0}}","{""prf"": ""Erk"", ""unequipped"": true, ""indestructible"": true}",{}
558,unequipped,empty,Erk,trinket2,Nothing!,"{""itemType"":""unequipped"",""bonus"":{""chance"":{""parry"":0,""dodge"":0,""block"":0,""hit"":0,""critical"":0,""resist"":{""omni"":0,""light"":0,""dark"":0,""anima"":0,""status"":0}},""value"":{""damage"":0,""melee"":0,""critical"":0,""block"":0,""armor"":0,""resist"":{""omni"":0,""light"":0,""dark"":0,""anima"":0,""status"":0}}}}","{""bonus"":{""allure"":0,""charisma"":0,""libido"":0,""dominance"":0},""soiled"":{""blood"":0,""sweat"":0,""semen"":0,""urine"":0,""discharge"":0,""arousal"":0}}","{""prf"": ""Erk"", ""unequipped"": true, ""indestructible"": true}",{}
559,weapon,empty,Erk,mainhand,Emptyhanded,"{""weaponType"":""punch"",""material"":""body"",""bonus"":{""chance"":{""parry"":0,""dodge"":0,""block"":0,""hit"":0,""critical"":0},""value"":{""block"":0,""damage"":0,""critical"":0,""effectiveMultiplier"":1}},""durability"":1}","{""bonus"":{""allure"":0,""charisma"":0,""libido"":0,""dominance"":0}        }","{""prf"": ""Erk"", ""unequipped"": true, ""indestructible"": true}",{}
560,unequipped,nude,Florina,undershirt,Milky white breasts.,"{""itemType"":""unequipped"",""bonus"":{""chance"":{""parry"":0,""dodge"":0,""block"":0,""hit"":0,""critical"":0,""resist"":{""omni"":0,""light"":0,""dark"":0,""anima"":0,""status"":0}},""value"":{""damage"":0,""melee"":0,""critical"":0,""block"":0,""armor"":0,""resist"":{""omni"":0,""light"":0,""dark"":0,""anima"":0,""status"":0}}}}","{""bonus"":{""allure"":0,""charisma"":0,""libido"":0,""dominance"":0},""soiled"":{""blood"":0,""sweat"":0,""semen"":0,""urine"":0,""discharge"":0,""arousal"":0}}","{""prf"": ""Florina"", ""unequipped"": true, ""indestructible"": true}",{}
561,unequipped,nude,Florina,underwear,Nothing!,"{""itemType"":""unequipped"",""bonus"":{""chance"":{""parry"":0,""dodge"":0,""block"":0,""hit"":0,""critical"":0,""resist"":{""omni"":0,""light"":0,""dark"":0,""anima"":0,""status"":0}},""value"":{""damage"":0,""melee"":0,""critical"":0,""block"":0,""armor"":0,""resist"":{""omni"":0,""light"":0,""dark"":0,""anima"":0,""status"":0}}}}","{""bonus"":{""allure"":0,""charisma"":0,""libido"":0,""dominance"":0},""soiled"":{""blood"":0,""sweat"":0,""semen"":0,""urine"":0,""discharge"":0,""arousal"":0}}","{""prf"": ""Florina"", ""unequipped"": true, ""indestructible"": true}",{}
562,unequipped,empty,Florina,offhand,Nothing!,"{""itemType"":""unequipped"",""bonus"":{""chance"":{""parry"":0,""dodge"":0,""block"":0,""hit"":0,""critical"":0,""resist"":{""omni"":0,""light"":0,""dark"":0,""anima"":0,""status"":0}},""value"":{""damage"":0,""melee"":0,""critical"":0,""block"":0,""armor"":0,""resist"":{""omni"":0,""light"":0,""dark"":0,""anima"":0,""status"":0}}}}","{""bonus"":{""allure"":0,""charisma"":0,""libido"":0,""dominance"":0},""soiled"":{""blood"":0,""sweat"":0,""semen"":0,""urine"":0,""discharge"":0,""arousal"":0}}","{""prf"": ""Florina"", ""unequipped"": true, ""indestructible"": true}",{}
563,unequipped,uncovered,Florina,head,Nothing!,"{""itemType"":""unequipped"",""bonus"":{""chance"":{""parry"":0,""dodge"":0,""block"":0,""hit"":0,""critical"":0,""resist"":{""omni"":0,""light"":0,""dark"":0,""anima"":0,""status"":0}},""value"":{""damage"":0,""melee"":0,""critical"":0,""block"":0,""armor"":0,""resist"":{""omni"":0,""light"":0,""dark"":0,""anima"":0,""status"":0}}}}","{""bonus"":{""allure"":0,""charisma"":0,""libido"":0,""dominance"":0},""soiled"":{""blood"":0,""sweat"":0,""semen"":0,""urine"":0,""discharge"":0,""arousal"":0}}","{""prf"": ""Florina"", ""unequipped"": true, ""indestructible"": true}",{}
564,unequipped,bare,Florina,neck,Nothing!,"{""itemType"":""unequipped"",""bonus"":{""chance"":{""parry"":0,""dodge"":0,""block"":0,""hit"":0,""critical"":0,""resist"":{""omni"":0,""light"":0,""dark"":0,""anima"":0,""status"":0}},""value"":{""damage"":0,""melee"":0,""critical"":0,""block"":0,""armor"":0,""resist"":{""omni"":0,""light"":0,""dark"":0,""anima"":0,""status"":0}}}}","{""bonus"":{""allure"":0,""charisma"":0,""libido"":0,""dominance"":0},""soiled"":{""blood"":0,""sweat"":0,""semen"":0,""urine"":0,""discharge"":0,""arousal"":0}}","{""prf"": ""Florina"", ""unequipped"": true, ""indestructible"": true}",{}
565,unequipped,uncovered,Florina,shoulder,Nothing!,"{""itemType"":""unequipped"",""bonus"":{""chance"":{""parry"":0,""dodge"":0,""block"":0,""hit"":0,""critical"":0,""resist"":{""omni"":0,""light"":0,""dark"":0,""anima"":0,""status"":0}},""value"":{""damage"":0,""melee"":0,""critical"":0,""block"":0,""armor"":0,""resist"":{""omni"":0,""light"":0,""dark"":0,""anima"":0,""status"":0}}}}","{""bonus"":{""allure"":0,""charisma"":0,""libido"":0,""dominance"":0},""soiled"":{""blood"":0,""sweat"":0,""semen"":0,""urine"":0,""discharge"":0,""arousal"":0}}","{""prf"": ""Florina"", ""unequipped"": true, ""indestructible"": true}",{}
566,unequipped,bare,Florina,back,Nothing!,"{""itemType"":""unequipped"",""bonus"":{""chance"":{""parry"":0,""dodge"":0,""block"":0,""hit"":0,""critical"":0,""resist"":{""omni"":0,""light"":0,""dark"":0,""anima"":0,""status"":0}},""value"":{""damage"":0,""melee"":0,""critical"":0,""block"":0,""armor"":0,""resist"":{""omni"":0,""light"":0,""dark"":0,""anima"":0,""status"":0}}}}","{""bonus"":{""allure"":0,""charisma"":0,""libido"":0,""dominance"":0},""soiled"":{""blood"":0,""sweat"":0,""semen"":0,""urine"":0,""discharge"":0,""arousal"":0}}","{""prf"": ""Florina"", ""unequipped"": true, ""indestructible"": true}",{}
567,unequipped,uncovered,Florina,chest,Nothing!,"{""itemType"":""unequipped"",""bonus"":{""chance"":{""parry"":0,""dodge"":0,""block"":0,""hit"":0,""critical"":0,""resist"":{""omni"":0,""light"":0,""dark"":0,""anima"":0,""status"":0}},""value"":{""damage"":0,""melee"":0,""critical"":0,""block"":0,""armor"":0,""resist"":{""omni"":0,""light"":0,""dark"":0,""anima"":0,""status"":0}}}}","{""bonus"":{""allure"":0,""charisma"":0,""libido"":0,""dominance"":0},""soiled"":{""blood"":0,""sweat"":0,""semen"":0,""urine"":0,""discharge"":0,""arousal"":0}}","{""prf"": ""Florina"", ""unequipped"": true, ""indestructible"": true}",{}
568,unequipped,nude,Florina,shirt,Nothing!,"{""itemType"":""unequipped"",""bonus"":{""chance"":{""parry"":0,""dodge"":0,""block"":0,""hit"":0,""critical"":0,""resist"":{""omni"":0,""light"":0,""dark"":0,""anima"":0,""status"":0}},""value"":{""damage"":0,""melee"":0,""critical"":0,""block"":0,""armor"":0,""resist"":{""omni"":0,""light"":0,""dark"":0,""anima"":0,""status"":0}}}}","{""bonus"":{""allure"":0,""charisma"":0,""libido"":0,""dominance"":0},""soiled"":{""blood"":0,""sweat"":0,""semen"":0,""urine"":0,""discharge"":0,""arousal"":0}}","{""prf"": ""Florina"", ""unequipped"": true, ""indestructible"": true}",{}
569,unequipped,bare,Florina,wrist,Nothing!,"{""itemType"":""unequipped"",""bonus"":{""chance"":{""parry"":0,""dodge"":0,""block"":0,""hit"":0,""critical"":0,""resist"":{""omni"":0,""light"":0,""dark"":0,""anima"":0,""status"":0}},""value"":{""damage"":0,""melee"":0,""critical"":0,""block"":0,""armor"":0,""resist"":{""omni"":0,""light"":0,""dark"":0,""anima"":0,""status"":0}}}}","{""bonus"":{""allure"":0,""charisma"":0,""libido"":0,""dominance"":0},""soiled"":{""blood"":0,""sweat"":0,""semen"":0,""urine"":0,""discharge"":0,""arousal"":0}}","{""prf"": ""Florina"", ""unequipped"": true, ""indestructible"": true}",{}
570,unequipped,bare,Florina,hand,Nothing!,"{""itemType"":""unequipped"",""bonus"":{""chance"":{""parry"":0,""dodge"":0,""block"":0,""hit"":0,""critical"":0,""resist"":{""omni"":0,""light"":0,""dark"":0,""anima"":0,""status"":0}},""value"":{""damage"":0,""melee"":0,""critical"":0,""block"":0,""armor"":0,""resist"":{""omni"":0,""light"":0,""dark"":0,""anima"":0,""status"":0}}}}","{""bonus"":{""allure"":0,""charisma"":0,""libido"":0,""dominance"":0},""soiled"":{""blood"":0,""sweat"":0,""semen"":0,""urine"":0,""discharge"":0,""arousal"":0}}","{""prf"": ""Florina"", ""unequipped"": true, ""indestructible"": true}",{}
571,unequipped,empty,Florina,waist,Nothing!,"{""itemType"":""unequipped"",""bonus"":{""chance"":{""parry"":0,""dodge"":0,""block"":0,""hit"":0,""critical"":0,""resist"":{""omni"":0,""light"":0,""dark"":0,""anima"":0,""status"":0}},""value"":{""damage"":0,""melee"":0,""critical"":0,""block"":0,""armor"":0,""resist"":{""omni"":0,""light"":0,""dark"":0,""anima"":0,""status"":0}}}}","{""bonus"":{""allure"":0,""charisma"":0,""libido"":0,""dominance"":0},""soiled"":{""blood"":0,""sweat"":0,""semen"":0,""urine"":0,""discharge"":0,""arousal"":0}}","{""prf"": ""Florina"", ""unequipped"": true, ""indestructible"": true}",{}
572,unequipped,bare,Florina,leg,Nothing!,"{""itemType"":""unequipped"",""bonus"":{""chance"":{""parry"":0,""dodge"":0,""block"":0,""hit"":0,""critical"":0,""resist"":{""omni"":0,""light"":0,""dark"":0,""anima"":0,""status"":0}},""value"":{""damage"":0,""melee"":0,""critical"":0,""block"":0,""armor"":0,""resist"":{""omni"":0,""light"":0,""dark"":0,""anima"":0,""status"":0}}}}","{""bonus"":{""allure"":0,""charisma"":0,""libido"":0,""dominance"":0},""soiled"":{""blood"":0,""sweat"":0,""semen"":0,""urine"":0,""discharge"":0,""arousal"":0}}","{""prf"": ""Florina"", ""unequipped"": true, ""indestructible"": true}",{}
573,unequipped,bare,Florina,shin,Nothing!,"{""itemType"":""unequipped"",""bonus"":{""chance"":{""parry"":0,""dodge"":0,""block"":0,""hit"":0,""critical"":0,""resist"":{""omni"":0,""light"":0,""dark"":0,""anima"":0,""status"":0}},""value"":{""damage"":0,""melee"":0,""critical"":0,""block"":0,""armor"":0,""resist"":{""omni"":0,""light"":0,""dark"":0,""anima"":0,""status"":0}}}}","{""bonus"":{""allure"":0,""charisma"":0,""libido"":0,""dominance"":0},""soiled"":{""blood"":0,""sweat"":0,""semen"":0,""urine"":0,""discharge"":0,""arousal"":0}}","{""prf"": ""Florina"", ""unequipped"": true, ""indestructible"": true}",{}
574,unequipped,bare,Florina,foot,Nothing!,"{""itemType"":""unequipped"",""bonus"":{""chance"":{""parry"":0,""dodge"":0,""block"":0,""hit"":0,""critical"":0,""resist"":{""omni"":0,""light"":0,""dark"":0,""anima"":0,""status"":0}},""value"":{""damage"":0,""melee"":0,""critical"":0,""block"":0,""armor"":0,""resist"":{""omni"":0,""light"":0,""dark"":0,""anima"":0,""status"":0}}}}","{""bonus"":{""allure"":0,""charisma"":0,""libido"":0,""dominance"":0},""soiled"":{""blood"":0,""sweat"":0,""semen"":0,""urine"":0,""discharge"":0,""arousal"":0}}","{""prf"": ""Florina"", ""unequipped"": true, ""indestructible"": true}",{}
575,unequipped,empty,Florina,ring1,Nothing!,"{""itemType"":""unequipped"",""bonus"":{""chance"":{""parry"":0,""dodge"":0,""block"":0,""hit"":0,""critical"":0,""resist"":{""omni"":0,""light"":0,""dark"":0,""anima"":0,""status"":0}},""value"":{""damage"":0,""melee"":0,""critical"":0,""block"":0,""armor"":0,""resist"":{""omni"":0,""light"":0,""dark"":0,""anima"":0,""status"":0}}}}","{""bonus"":{""allure"":0,""charisma"":0,""libido"":0,""dominance"":0},""soiled"":{""blood"":0,""sweat"":0,""semen"":0,""urine"":0,""discharge"":0,""arousal"":0}}","{""prf"": ""Florina"", ""unequipped"": true, ""indestructible"": true}",{}
576,unequipped,empty,Florina,ring2,Nothing!,"{""itemType"":""unequipped"",""bonus"":{""chance"":{""parry"":0,""dodge"":0,""block"":0,""hit"":0,""critical"":0,""resist"":{""omni"":0,""light"":0,""dark"":0,""anima"":0,""status"":0}},""value"":{""damage"":0,""melee"":0,""critical"":0,""block"":0,""armor"":0,""resist"":{""omni"":0,""light"":0,""dark"":0,""anima"":0,""status"":0}}}}","{""bonus"":{""allure"":0,""charisma"":0,""libido"":0,""dominance"":0},""soiled"":{""blood"":0,""sweat"":0,""semen"":0,""urine"":0,""discharge"":0,""arousal"":0}}","{""prf"": ""Florina"", ""unequipped"": true, ""indestructible"": true}",{}
577,unequipped,empty,Florina,trinket1,Nothing!,"{""itemType"":""unequipped"",""bonus"":{""chance"":{""parry"":0,""dodge"":0,""block"":0,""hit"":0,""critical"":0,""resist"":{""omni"":0,""light"":0,""dark"":0,""anima"":0,""status"":0}},""value"":{""damage"":0,""melee"":0,""critical"":0,""block"":0,""armor"":0,""resist"":{""omni"":0,""light"":0,""dark"":0,""anima"":0,""status"":0}}}}","{""bonus"":{""allure"":0,""charisma"":0,""libido"":0,""dominance"":0},""soiled"":{""blood"":0,""sweat"":0,""semen"":0,""urine"":0,""discharge"":0,""arousal"":0}}","{""prf"": ""Florina"", ""unequipped"": true, ""indestructible"": true}",{}
578,unequipped,empty,Florina,trinket2,Nothing!,"{""itemType"":""unequipped"",""bonus"":{""chance"":{""parry"":0,""dodge"":0,""block"":0,""hit"":0,""critical"":0,""resist"":{""omni"":0,""light"":0,""dark"":0,""anima"":0,""status"":0}},""value"":{""damage"":0,""melee"":0,""critical"":0,""block"":0,""armor"":0,""resist"":{""omni"":0,""light"":0,""dark"":0,""anima"":0,""status"":0}}}}","{""bonus"":{""allure"":0,""charisma"":0,""libido"":0,""dominance"":0},""soiled"":{""blood"":0,""sweat"":0,""semen"":0,""urine"":0,""discharge"":0,""arousal"":0}}","{""prf"": ""Florina"", ""unequipped"": true, ""indestructible"": true}",{}
579,weapon,empty,Florina,mainhand,Emptyhanded,"{""weaponType"":""kick"",""material"":""body"",""bonus"":{""chance"":{""parry"":0,""dodge"":0,""block"":0,""hit"":0,""critical"":0},""value"":{""block"":0,""damage"":0,""critical"":0,""effectiveMultiplier"":1}},""durability"":1}","{""bonus"":{""allure"":0,""charisma"":0,""libido"":0,""dominance"":0}        }","{""prf"": ""Florina"", ""unequipped"": true, ""indestructible"": true}",{}
580,unequipped,nude,Kent,undershirt,A bare male chest.,"{""itemType"":""unequipped"",""bonus"":{""chance"":{""parry"":0,""dodge"":0,""block"":0,""hit"":0,""critical"":0,""resist"":{""omni"":0,""light"":0,""dark"":0,""anima"":0,""status"":0}},""value"":{""damage"":0,""melee"":0,""critical"":0,""block"":0,""armor"":0,""resist"":{""omni"":0,""light"":0,""dark"":0,""anima"":0,""status"":0}}}}","{""bonus"":{""allure"":0,""charisma"":0,""libido"":0,""dominance"":0},""soiled"":{""blood"":0,""sweat"":0,""semen"":0,""urine"":0,""discharge"":0,""arousal"":0}}","{""prf"": ""Kent"", ""unequipped"": true, ""indestructible"": true}",{}
581,unequipped,nude,Kent,underwear,Nothing!,"{""itemType"":""unequipped"",""bonus"":{""chance"":{""parry"":0,""dodge"":0,""block"":0,""hit"":0,""critical"":0,""resist"":{""omni"":0,""light"":0,""dark"":0,""anima"":0,""status"":0}},""value"":{""damage"":0,""melee"":0,""critical"":0,""block"":0,""armor"":0,""resist"":{""omni"":0,""light"":0,""dark"":0,""anima"":0,""status"":0}}}}","{""bonus"":{""allure"":0,""charisma"":0,""libido"":0,""dominance"":0},""soiled"":{""blood"":0,""sweat"":0,""semen"":0,""urine"":0,""discharge"":0,""arousal"":0}}","{""prf"": ""Kent"", ""unequipped"": true, ""indestructible"": true}",{}
582,unequipped,empty,Kent,offhand,Nothing!,"{""itemType"":""unequipped"",""bonus"":{""chance"":{""parry"":0,""dodge"":0,""block"":0,""hit"":0,""critical"":0,""resist"":{""omni"":0,""light"":0,""dark"":0,""anima"":0,""status"":0}},""value"":{""damage"":0,""melee"":0,""critical"":0,""block"":0,""armor"":0,""resist"":{""omni"":0,""light"":0,""dark"":0,""anima"":0,""status"":0}}}}","{""bonus"":{""allure"":0,""charisma"":0,""libido"":0,""dominance"":0},""soiled"":{""blood"":0,""sweat"":0,""semen"":0,""urine"":0,""discharge"":0,""arousal"":0}}","{""prf"": ""Kent"", ""unequipped"": true, ""indestructible"": true}",{}
583,unequipped,uncovered,Kent,head,Nothing!,"{""itemType"":""unequipped"",""bonus"":{""chance"":{""parry"":0,""dodge"":0,""block"":0,""hit"":0,""critical"":0,""resist"":{""omni"":0,""light"":0,""dark"":0,""anima"":0,""status"":0}},""value"":{""damage"":0,""melee"":0,""critical"":0,""block"":0,""armor"":0,""resist"":{""omni"":0,""light"":0,""dark"":0,""anima"":0,""status"":0}}}}","{""bonus"":{""allure"":0,""charisma"":0,""libido"":0,""dominance"":0},""soiled"":{""blood"":0,""sweat"":0,""semen"":0,""urine"":0,""discharge"":0,""arousal"":0}}","{""prf"": ""Kent"", ""unequipped"": true, ""indestructible"": true}",{}
584,unequipped,bare,Kent,neck,Nothing!,"{""itemType"":""unequipped"",""bonus"":{""chance"":{""parry"":0,""dodge"":0,""block"":0,""hit"":0,""critical"":0,""resist"":{""omni"":0,""light"":0,""dark"":0,""anima"":0,""status"":0}},""value"":{""damage"":0,""melee"":0,""critical"":0,""block"":0,""armor"":0,""resist"":{""omni"":0,""light"":0,""dark"":0,""anima"":0,""status"":0}}}}","{""bonus"":{""allure"":0,""charisma"":0,""libido"":0,""dominance"":0},""soiled"":{""blood"":0,""sweat"":0,""semen"":0,""urine"":0,""discharge"":0,""arousal"":0}}","{""prf"": ""Kent"", ""unequipped"": true, ""indestructible"": true}",{}
585,unequipped,uncovered,Kent,shoulder,Nothing!,"{""itemType"":""unequipped"",""bonus"":{""chance"":{""parry"":0,""dodge"":0,""block"":0,""hit"":0,""critical"":0,""resist"":{""omni"":0,""light"":0,""dark"":0,""anima"":0,""status"":0}},""value"":{""damage"":0,""melee"":0,""critical"":0,""block"":0,""armor"":0,""resist"":{""omni"":0,""light"":0,""dark"":0,""anima"":0,""status"":0}}}}","{""bonus"":{""allure"":0,""charisma"":0,""libido"":0,""dominance"":0},""soiled"":{""blood"":0,""sweat"":0,""semen"":0,""urine"":0,""discharge"":0,""arousal"":0}}","{""prf"": ""Kent"", ""unequipped"": true, ""indestructible"": true}",{}
586,unequipped,bare,Kent,back,Nothing!,"{""itemType"":""unequipped"",""bonus"":{""chance"":{""parry"":0,""dodge"":0,""block"":0,""hit"":0,""critical"":0,""resist"":{""omni"":0,""light"":0,""dark"":0,""anima"":0,""status"":0}},""value"":{""damage"":0,""melee"":0,""critical"":0,""block"":0,""armor"":0,""resist"":{""omni"":0,""light"":0,""dark"":0,""anima"":0,""status"":0}}}}","{""bonus"":{""allure"":0,""charisma"":0,""libido"":0,""dominance"":0},""soiled"":{""blood"":0,""sweat"":0,""semen"":0,""urine"":0,""discharge"":0,""arousal"":0}}","{""prf"": ""Kent"", ""unequipped"": true, ""indestructible"": true}",{}
587,unequipped,uncovered,Kent,chest,Nothing!,"{""itemType"":""unequipped"",""bonus"":{""chance"":{""parry"":0,""dodge"":0,""block"":0,""hit"":0,""critical"":0,""resist"":{""omni"":0,""light"":0,""dark"":0,""anima"":0,""status"":0}},""value"":{""damage"":0,""melee"":0,""critical"":0,""block"":0,""armor"":0,""resist"":{""omni"":0,""light"":0,""dark"":0,""anima"":0,""status"":0}}}}","{""bonus"":{""allure"":0,""charisma"":0,""libido"":0,""dominance"":0},""soiled"":{""blood"":0,""sweat"":0,""semen"":0,""urine"":0,""discharge"":0,""arousal"":0}}","{""prf"": ""Kent"", ""unequipped"": true, ""indestructible"": true}",{}
588,unequipped,nude,Kent,shirt,Nothing!,"{""itemType"":""unequipped"",""bonus"":{""chance"":{""parry"":0,""dodge"":0,""block"":0,""hit"":0,""critical"":0,""resist"":{""omni"":0,""light"":0,""dark"":0,""anima"":0,""status"":0}},""value"":{""damage"":0,""melee"":0,""critical"":0,""block"":0,""armor"":0,""resist"":{""omni"":0,""light"":0,""dark"":0,""anima"":0,""status"":0}}}}","{""bonus"":{""allure"":0,""charisma"":0,""libido"":0,""dominance"":0},""soiled"":{""blood"":0,""sweat"":0,""semen"":0,""urine"":0,""discharge"":0,""arousal"":0}}","{""prf"": ""Kent"", ""unequipped"": true, ""indestructible"": true}",{}
589,unequipped,bare,Kent,wrist,Nothing!,"{""itemType"":""unequipped"",""bonus"":{""chance"":{""parry"":0,""dodge"":0,""block"":0,""hit"":0,""critical"":0,""resist"":{""omni"":0,""light"":0,""dark"":0,""anima"":0,""status"":0}},""value"":{""damage"":0,""melee"":0,""critical"":0,""block"":0,""armor"":0,""resist"":{""omni"":0,""light"":0,""dark"":0,""anima"":0,""status"":0}}}}","{""bonus"":{""allure"":0,""charisma"":0,""libido"":0,""dominance"":0},""soiled"":{""blood"":0,""sweat"":0,""semen"":0,""urine"":0,""discharge"":0,""arousal"":0}}","{""prf"": ""Kent"", ""unequipped"": true, ""indestructible"": true}",{}
590,unequipped,bare,Kent,hand,Nothing!,"{""itemType"":""unequipped"",""bonus"":{""chance"":{""parry"":0,""dodge"":0,""block"":0,""hit"":0,""critical"":0,""resist"":{""omni"":0,""light"":0,""dark"":0,""anima"":0,""status"":0}},""value"":{""damage"":0,""melee"":0,""critical"":0,""block"":0,""armor"":0,""resist"":{""omni"":0,""light"":0,""dark"":0,""anima"":0,""status"":0}}}}","{""bonus"":{""allure"":0,""charisma"":0,""libido"":0,""dominance"":0},""soiled"":{""blood"":0,""sweat"":0,""semen"":0,""urine"":0,""discharge"":0,""arousal"":0}}","{""prf"": ""Kent"", ""unequipped"": true, ""indestructible"": true}",{}
591,unequipped,empty,Kent,waist,Nothing!,"{""itemType"":""unequipped"",""bonus"":{""chance"":{""parry"":0,""dodge"":0,""block"":0,""hit"":0,""critical"":0,""resist"":{""omni"":0,""light"":0,""dark"":0,""anima"":0,""status"":0}},""value"":{""damage"":0,""melee"":0,""critical"":0,""block"":0,""armor"":0,""resist"":{""omni"":0,""light"":0,""dark"":0,""anima"":0,""status"":0}}}}","{""bonus"":{""allure"":0,""charisma"":0,""libido"":0,""dominance"":0},""soiled"":{""blood"":0,""sweat"":0,""semen"":0,""urine"":0,""discharge"":0,""arousal"":0}}","{""prf"": ""Kent"", ""unequipped"": true, ""indestructible"": true}",{}
592,unequipped,bare,Kent,leg,Nothing!,"{""itemType"":""unequipped"",""bonus"":{""chance"":{""parry"":0,""dodge"":0,""block"":0,""hit"":0,""critical"":0,""resist"":{""omni"":0,""light"":0,""dark"":0,""anima"":0,""status"":0}},""value"":{""damage"":0,""melee"":0,""critical"":0,""block"":0,""armor"":0,""resist"":{""omni"":0,""light"":0,""dark"":0,""anima"":0,""status"":0}}}}","{""bonus"":{""allure"":0,""charisma"":0,""libido"":0,""dominance"":0},""soiled"":{""blood"":0,""sweat"":0,""semen"":0,""urine"":0,""discharge"":0,""arousal"":0}}","{""prf"": ""Kent"", ""unequipped"": true, ""indestructible"": true}",{}
593,unequipped,bare,Kent,shin,Nothing!,"{""itemType"":""unequipped"",""bonus"":{""chance"":{""parry"":0,""dodge"":0,""block"":0,""hit"":0,""critical"":0,""resist"":{""omni"":0,""light"":0,""dark"":0,""anima"":0,""status"":0}},""value"":{""damage"":0,""melee"":0,""critical"":0,""block"":0,""armor"":0,""resist"":{""omni"":0,""light"":0,""dark"":0,""anima"":0,""status"":0}}}}","{""bonus"":{""allure"":0,""charisma"":0,""libido"":0,""dominance"":0},""soiled"":{""blood"":0,""sweat"":0,""semen"":0,""urine"":0,""discharge"":0,""arousal"":0}}","{""prf"": ""Kent"", ""unequipped"": true, ""indestructible"": true}",{}
594,unequipped,bare,Kent,foot,Nothing!,"{""itemType"":""unequipped"",""bonus"":{""chance"":{""parry"":0,""dodge"":0,""block"":0,""hit"":0,""critical"":0,""resist"":{""omni"":0,""light"":0,""dark"":0,""anima"":0,""status"":0}},""value"":{""damage"":0,""melee"":0,""critical"":0,""block"":0,""armor"":0,""resist"":{""omni"":0,""light"":0,""dark"":0,""anima"":0,""status"":0}}}}","{""bonus"":{""allure"":0,""charisma"":0,""libido"":0,""dominance"":0},""soiled"":{""blood"":0,""sweat"":0,""semen"":0,""urine"":0,""discharge"":0,""arousal"":0}}","{""prf"": ""Kent"", ""unequipped"": true, ""indestructible"": true}",{}
595,unequipped,empty,Kent,ring1,Nothing!,"{""itemType"":""unequipped"",""bonus"":{""chance"":{""parry"":0,""dodge"":0,""block"":0,""hit"":0,""critical"":0,""resist"":{""omni"":0,""light"":0,""dark"":0,""anima"":0,""status"":0}},""value"":{""damage"":0,""melee"":0,""critical"":0,""block"":0,""armor"":0,""resist"":{""omni"":0,""light"":0,""dark"":0,""anima"":0,""status"":0}}}}","{""bonus"":{""allure"":0,""charisma"":0,""libido"":0,""dominance"":0},""soiled"":{""blood"":0,""sweat"":0,""semen"":0,""urine"":0,""discharge"":0,""arousal"":0}}","{""prf"": ""Kent"", ""unequipped"": true, ""indestructible"": true}",{}
596,unequipped,empty,Kent,ring2,Nothing!,"{""itemType"":""unequipped"",""bonus"":{""chance"":{""parry"":0,""dodge"":0,""block"":0,""hit"":0,""critical"":0,""resist"":{""omni"":0,""light"":0,""dark"":0,""anima"":0,""status"":0}},""value"":{""damage"":0,""melee"":0,""critical"":0,""block"":0,""armor"":0,""resist"":{""omni"":0,""light"":0,""dark"":0,""anima"":0,""status"":0}}}}","{""bonus"":{""allure"":0,""charisma"":0,""libido"":0,""dominance"":0},""soiled"":{""blood"":0,""sweat"":0,""semen"":0,""urine"":0,""discharge"":0,""arousal"":0}}","{""prf"": ""Kent"", ""unequipped"": true, ""indestructible"": true}",{}
597,unequipped,empty,Kent,trinket1,Nothing!,"{""itemType"":""unequipped"",""bonus"":{""chance"":{""parry"":0,""dodge"":0,""block"":0,""hit"":0,""critical"":0,""resist"":{""omni"":0,""light"":0,""dark"":0,""anima"":0,""status"":0}},""value"":{""damage"":0,""melee"":0,""critical"":0,""block"":0,""armor"":0,""resist"":{""omni"":0,""light"":0,""dark"":0,""anima"":0,""status"":0}}}}","{""bonus"":{""allure"":0,""charisma"":0,""libido"":0,""dominance"":0},""soiled"":{""blood"":0,""sweat"":0,""semen"":0,""urine"":0,""discharge"":0,""arousal"":0}}","{""prf"": ""Kent"", ""unequipped"": true, ""indestructible"": true}",{}
598,unequipped,empty,Kent,trinket2,Nothing!,"{""itemType"":""unequipped"",""bonus"":{""chance"":{""parry"":0,""dodge"":0,""block"":0,""hit"":0,""critical"":0,""resist"":{""omni"":0,""light"":0,""dark"":0,""anima"":0,""status"":0}},""value"":{""damage"":0,""melee"":0,""critical"":0,""block"":0,""armor"":0,""resist"":{""omni"":0,""light"":0,""dark"":0,""anima"":0,""status"":0}}}}","{""bonus"":{""allure"":0,""charisma"":0,""libido"":0,""dominance"":0},""soiled"":{""blood"":0,""sweat"":0,""semen"":0,""urine"":0,""discharge"":0,""arousal"":0}}","{""prf"": ""Kent"", ""unequipped"": true, ""indestructible"": true}",{}
599,weapon,empty,Kent,mainhand,Emptyhanded,"{""weaponType"":""strike"",""material"":""body"",""bonus"":{""chance"":{""parry"":0,""dodge"":0,""block"":0,""hit"":0,""critical"":0},""value"":{""block"":0,""damage"":0,""critical"":0,""effectiveMultiplier"":1}},""durability"":1}","{""bonus"":{""allure"":0,""charisma"":0,""libido"":0,""dominance"":0}        }","{""prf"": ""Kent"", ""unequipped"": true, ""indestructible"": true}",{}
600,unequipped,nude,Lucius,undershirt,A bare male chest.,"{""itemType"":""unequipped"",""bonus"":{""chance"":{""parry"":0,""dodge"":0,""block"":0,""hit"":0,""critical"":0,""resist"":{""omni"":0,""light"":0,""dark"":0,""anima"":0,""status"":0}},""value"":{""damage"":0,""melee"":0,""critical"":0,""block"":0,""armor"":0,""resist"":{""omni"":0,""light"":0,""dark"":0,""anima"":0,""status"":0}}}}","{""bonus"":{""allure"":0,""charisma"":0,""libido"":0,""dominance"":0},""soiled"":{""blood"":0,""sweat"":0,""semen"":0,""urine"":0,""discharge"":0,""arousal"":0}}","{""prf"": ""Lucius"", ""unequipped"": true, ""indestructible"": true}",{}
601,unequipped,nude,Lucius,underwear,Nothing!,"{""itemType"":""unequipped"",""bonus"":{""chance"":{""parry"":0,""dodge"":0,""block"":0,""hit"":0,""critical"":0,""resist"":{""omni"":0,""light"":0,""dark"":0,""anima"":0,""status"":0}},""value"":{""damage"":0,""melee"":0,""critical"":0,""block"":0,""armor"":0,""resist"":{""omni"":0,""light"":0,""dark"":0,""anima"":0,""status"":0}}}}","{""bonus"":{""allure"":0,""charisma"":0,""libido"":0,""dominance"":0},""soiled"":{""blood"":0,""sweat"":0,""semen"":0,""urine"":0,""discharge"":0,""arousal"":0}}","{""prf"": ""Lucius"", ""unequipped"": true, ""indestructible"": true}",{}
602,unequipped,empty,Lucius,offhand,Nothing!,"{""itemType"":""unequipped"",""bonus"":{""chance"":{""parry"":0,""dodge"":0,""block"":0,""hit"":0,""critical"":0,""resist"":{""omni"":0,""light"":0,""dark"":0,""anima"":0,""status"":0}},""value"":{""damage"":0,""melee"":0,""critical"":0,""block"":0,""armor"":0,""resist"":{""omni"":0,""light"":0,""dark"":0,""anima"":0,""status"":0}}}}","{""bonus"":{""allure"":0,""charisma"":0,""libido"":0,""dominance"":0},""soiled"":{""blood"":0,""sweat"":0,""semen"":0,""urine"":0,""discharge"":0,""arousal"":0}}","{""prf"": ""Lucius"", ""unequipped"": true, ""indestructible"": true}",{}
603,unequipped,uncovered,Lucius,head,Nothing!,"{""itemType"":""unequipped"",""bonus"":{""chance"":{""parry"":0,""dodge"":0,""block"":0,""hit"":0,""critical"":0,""resist"":{""omni"":0,""light"":0,""dark"":0,""anima"":0,""status"":0}},""value"":{""damage"":0,""melee"":0,""critical"":0,""block"":0,""armor"":0,""resist"":{""omni"":0,""light"":0,""dark"":0,""anima"":0,""status"":0}}}}","{""bonus"":{""allure"":0,""charisma"":0,""libido"":0,""dominance"":0},""soiled"":{""blood"":0,""sweat"":0,""semen"":0,""urine"":0,""discharge"":0,""arousal"":0}}","{""prf"": ""Lucius"", ""unequipped"": true, ""indestructible"": true}",{}
604,unequipped,bare,Lucius,neck,Nothing!,"{""itemType"":""unequipped"",""bonus"":{""chance"":{""parry"":0,""dodge"":0,""block"":0,""hit"":0,""critical"":0,""resist"":{""omni"":0,""light"":0,""dark"":0,""anima"":0,""status"":0}},""value"":{""damage"":0,""melee"":0,""critical"":0,""block"":0,""armor"":0,""resist"":{""omni"":0,""light"":0,""dark"":0,""anima"":0,""status"":0}}}}","{""bonus"":{""allure"":0,""charisma"":0,""libido"":0,""dominance"":0},""soiled"":{""blood"":0,""sweat"":0,""semen"":0,""urine"":0,""discharge"":0,""arousal"":0}}","{""prf"": ""Lucius"", ""unequipped"": true, ""indestructible"": true}",{}
605,unequipped,uncovered,Lucius,shoulder,Nothing!,"{""itemType"":""unequipped"",""bonus"":{""chance"":{""parry"":0,""dodge"":0,""block"":0,""hit"":0,""critical"":0,""resist"":{""omni"":0,""light"":0,""dark"":0,""anima"":0,""status"":0}},""value"":{""damage"":0,""melee"":0,""critical"":0,""block"":0,""armor"":0,""resist"":{""omni"":0,""light"":0,""dark"":0,""anima"":0,""status"":0}}}}","{""bonus"":{""allure"":0,""charisma"":0,""libido"":0,""dominance"":0},""soiled"":{""blood"":0,""sweat"":0,""semen"":0,""urine"":0,""discharge"":0,""arousal"":0}}","{""prf"": ""Lucius"", ""unequipped"": true, ""indestructible"": true}",{}
606,unequipped,bare,Lucius,back,Nothing!,"{""itemType"":""unequipped"",""bonus"":{""chance"":{""parry"":0,""dodge"":0,""block"":0,""hit"":0,""critical"":0,""resist"":{""omni"":0,""light"":0,""dark"":0,""anima"":0,""status"":0}},""value"":{""damage"":0,""melee"":0,""critical"":0,""block"":0,""armor"":0,""resist"":{""omni"":0,""light"":0,""dark"":0,""anima"":0,""status"":0}}}}","{""bonus"":{""allure"":0,""charisma"":0,""libido"":0,""dominance"":0},""soiled"":{""blood"":0,""sweat"":0,""semen"":0,""urine"":0,""discharge"":0,""arousal"":0}}","{""prf"": ""Lucius"", ""unequipped"": true, ""indestructible"": true}",{}
607,unequipped,uncovered,Lucius,chest,Nothing!,"{""itemType"":""unequipped"",""bonus"":{""chance"":{""parry"":0,""dodge"":0,""block"":0,""hit"":0,""critical"":0,""resist"":{""omni"":0,""light"":0,""dark"":0,""anima"":0,""status"":0}},""value"":{""damage"":0,""melee"":0,""critical"":0,""block"":0,""armor"":0,""resist"":{""omni"":0,""light"":0,""dark"":0,""anima"":0,""status"":0}}}}","{""bonus"":{""allure"":0,""charisma"":0,""libido"":0,""dominance"":0},""soiled"":{""blood"":0,""sweat"":0,""semen"":0,""urine"":0,""discharge"":0,""arousal"":0}}","{""prf"": ""Lucius"", ""unequipped"": true, ""indestructible"": true}",{}
608,unequipped,nude,Lucius,shirt,Nothing!,"{""itemType"":""unequipped"",""bonus"":{""chance"":{""parry"":0,""dodge"":0,""block"":0,""hit"":0,""critical"":0,""resist"":{""omni"":0,""light"":0,""dark"":0,""anima"":0,""status"":0}},""value"":{""damage"":0,""melee"":0,""critical"":0,""block"":0,""armor"":0,""resist"":{""omni"":0,""light"":0,""dark"":0,""anima"":0,""status"":0}}}}","{""bonus"":{""allure"":0,""charisma"":0,""libido"":0,""dominance"":0},""soiled"":{""blood"":0,""sweat"":0,""semen"":0,""urine"":0,""discharge"":0,""arousal"":0}}","{""prf"": ""Lucius"", ""unequipped"": true, ""indestructible"": true}",{}
609,unequipped,bare,Lucius,wrist,Nothing!,"{""itemType"":""unequipped"",""bonus"":{""chance"":{""parry"":0,""dodge"":0,""block"":0,""hit"":0,""critical"":0,""resist"":{""omni"":0,""light"":0,""dark"":0,""anima"":0,""status"":0}},""value"":{""damage"":0,""melee"":0,""critical"":0,""block"":0,""armor"":0,""resist"":{""omni"":0,""light"":0,""dark"":0,""anima"":0,""status"":0}}}}","{""bonus"":{""allure"":0,""charisma"":0,""libido"":0,""dominance"":0},""soiled"":{""blood"":0,""sweat"":0,""semen"":0,""urine"":0,""discharge"":0,""arousal"":0}}","{""prf"": ""Lucius"", ""unequipped"": true, ""indestructible"": true}",{}
610,unequipped,bare,Lucius,hand,Nothing!,"{""itemType"":""unequipped"",""bonus"":{""chance"":{""parry"":0,""dodge"":0,""block"":0,""hit"":0,""critical"":0,""resist"":{""omni"":0,""light"":0,""dark"":0,""anima"":0,""status"":0}},""value"":{""damage"":0,""melee"":0,""critical"":0,""block"":0,""armor"":0,""resist"":{""omni"":0,""light"":0,""dark"":0,""anima"":0,""status"":0}}}}","{""bonus"":{""allure"":0,""charisma"":0,""libido"":0,""dominance"":0},""soiled"":{""blood"":0,""sweat"":0,""semen"":0,""urine"":0,""discharge"":0,""arousal"":0}}","{""prf"": ""Lucius"", ""unequipped"": true, ""indestructible"": true}",{}
611,unequipped,empty,Lucius,waist,Nothing!,"{""itemType"":""unequipped"",""bonus"":{""chance"":{""parry"":0,""dodge"":0,""block"":0,""hit"":0,""critical"":0,""resist"":{""omni"":0,""light"":0,""dark"":0,""anima"":0,""status"":0}},""value"":{""damage"":0,""melee"":0,""critical"":0,""block"":0,""armor"":0,""resist"":{""omni"":0,""light"":0,""dark"":0,""anima"":0,""status"":0}}}}","{""bonus"":{""allure"":0,""charisma"":0,""libido"":0,""dominance"":0},""soiled"":{""blood"":0,""sweat"":0,""semen"":0,""urine"":0,""discharge"":0,""arousal"":0}}","{""prf"": ""Lucius"", ""unequipped"": true, ""indestructible"": true}",{}
612,unequipped,bare,Lucius,leg,Nothing!,"{""itemType"":""unequipped"",""bonus"":{""chance"":{""parry"":0,""dodge"":0,""block"":0,""hit"":0,""critical"":0,""resist"":{""omni"":0,""light"":0,""dark"":0,""anima"":0,""status"":0}},""value"":{""damage"":0,""melee"":0,""critical"":0,""block"":0,""armor"":0,""resist"":{""omni"":0,""light"":0,""dark"":0,""anima"":0,""status"":0}}}}","{""bonus"":{""allure"":0,""charisma"":0,""libido"":0,""dominance"":0},""soiled"":{""blood"":0,""sweat"":0,""semen"":0,""urine"":0,""discharge"":0,""arousal"":0}}","{""prf"": ""Lucius"", ""unequipped"": true, ""indestructible"": true}",{}
613,unequipped,bare,Lucius,shin,Nothing!,"{""itemType"":""unequipped"",""bonus"":{""chance"":{""parry"":0,""dodge"":0,""block"":0,""hit"":0,""critical"":0,""resist"":{""omni"":0,""light"":0,""dark"":0,""anima"":0,""status"":0}},""value"":{""damage"":0,""melee"":0,""critical"":0,""block"":0,""armor"":0,""resist"":{""omni"":0,""light"":0,""dark"":0,""anima"":0,""status"":0}}}}","{""bonus"":{""allure"":0,""charisma"":0,""libido"":0,""dominance"":0},""soiled"":{""blood"":0,""sweat"":0,""semen"":0,""urine"":0,""discharge"":0,""arousal"":0}}","{""prf"": ""Lucius"", ""unequipped"": true, ""indestructible"": true}",{}
614,unequipped,bare,Lucius,foot,Nothing!,"{""itemType"":""unequipped"",""bonus"":{""chance"":{""parry"":0,""dodge"":0,""block"":0,""hit"":0,""critical"":0,""resist"":{""omni"":0,""light"":0,""dark"":0,""anima"":0,""status"":0}},""value"":{""damage"":0,""melee"":0,""critical"":0,""block"":0,""armor"":0,""resist"":{""omni"":0,""light"":0,""dark"":0,""anima"":0,""status"":0}}}}","{""bonus"":{""allure"":0,""charisma"":0,""libido"":0,""dominance"":0},""soiled"":{""blood"":0,""sweat"":0,""semen"":0,""urine"":0,""discharge"":0,""arousal"":0}}","{""prf"": ""Lucius"", ""unequipped"": true, ""indestructible"": true}",{}
615,unequipped,empty,Lucius,ring1,Nothing!,"{""itemType"":""unequipped"",""bonus"":{""chance"":{""parry"":0,""dodge"":0,""block"":0,""hit"":0,""critical"":0,""resist"":{""omni"":0,""light"":0,""dark"":0,""anima"":0,""status"":0}},""value"":{""damage"":0,""melee"":0,""critical"":0,""block"":0,""armor"":0,""resist"":{""omni"":0,""light"":0,""dark"":0,""anima"":0,""status"":0}}}}","{""bonus"":{""allure"":0,""charisma"":0,""libido"":0,""dominance"":0},""soiled"":{""blood"":0,""sweat"":0,""semen"":0,""urine"":0,""discharge"":0,""arousal"":0}}","{""prf"": ""Lucius"", ""unequipped"": true, ""indestructible"": true}",{}
616,unequipped,empty,Lucius,ring2,Nothing!,"{""itemType"":""unequipped"",""bonus"":{""chance"":{""parry"":0,""dodge"":0,""block"":0,""hit"":0,""critical"":0,""resist"":{""omni"":0,""light"":0,""dark"":0,""anima"":0,""status"":0}},""value"":{""damage"":0,""melee"":0,""critical"":0,""block"":0,""armor"":0,""resist"":{""omni"":0,""light"":0,""dark"":0,""anima"":0,""status"":0}}}}","{""bonus"":{""allure"":0,""charisma"":0,""libido"":0,""dominance"":0},""soiled"":{""blood"":0,""sweat"":0,""semen"":0,""urine"":0,""discharge"":0,""arousal"":0}}","{""prf"": ""Lucius"", ""unequipped"": true, ""indestructible"": true}",{}
617,unequipped,empty,Lucius,trinket1,Nothing!,"{""itemType"":""unequipped"",""bonus"":{""chance"":{""parry"":0,""dodge"":0,""block"":0,""hit"":0,""critical"":0,""resist"":{""omni"":0,""light"":0,""dark"":0,""anima"":0,""status"":0}},""value"":{""damage"":0,""melee"":0,""critical"":0,""block"":0,""armor"":0,""resist"":{""omni"":0,""light"":0,""dark"":0,""anima"":0,""status"":0}}}}","{""bonus"":{""allure"":0,""charisma"":0,""libido"":0,""dominance"":0},""soiled"":{""blood"":0,""sweat"":0,""semen"":0,""urine"":0,""discharge"":0,""arousal"":0}}","{""prf"": ""Lucius"", ""unequipped"": true, ""indestructible"": true}",{}
618,unequipped,empty,Lucius,trinket2,Nothing!,"{""itemType"":""unequipped"",""bonus"":{""chance"":{""parry"":0,""dodge"":0,""block"":0,""hit"":0,""critical"":0,""resist"":{""omni"":0,""light"":0,""dark"":0,""anima"":0,""status"":0}},""value"":{""damage"":0,""melee"":0,""critical"":0,""block"":0,""armor"":0,""resist"":{""omni"":0,""light"":0,""dark"":0,""anima"":0,""status"":0}}}}","{""bonus"":{""allure"":0,""charisma"":0,""libido"":0,""dominance"":0},""soiled"":{""blood"":0,""sweat"":0,""semen"":0,""urine"":0,""discharge"":0,""arousal"":0}}","{""prf"": ""Lucius"", ""unequipped"": true, ""indestructible"": true}",{}
619,weapon,empty,Lucius,mainhand,Emptyhanded,"{""weaponType"":""punch"",""material"":""body"",""bonus"":{""chance"":{""parry"":0,""dodge"":0,""block"":0,""hit"":0,""critical"":0},""value"":{""block"":0,""damage"":0,""critical"":0,""effectiveMultiplier"":1}},""durability"":1}","{""bonus"":{""allure"":0,""charisma"":0,""libido"":0,""dominance"":0}        }","{""prf"": ""Lucius"", ""unequipped"": true, ""indestructible"": true}",{}
620,unequipped,nude,Lyn,undershirt,Milky white breasts.,"{""itemType"":""unequipped"",""bonus"":{""chance"":{""parry"":0,""dodge"":0,""block"":0,""hit"":0,""critical"":0,""resist"":{""omni"":0,""light"":0,""dark"":0,""anima"":0,""status"":0}},""value"":{""damage"":0,""melee"":0,""critical"":0,""block"":0,""armor"":0,""resist"":{""omni"":0,""light"":0,""dark"":0,""anima"":0,""status"":0}}}}","{""bonus"":{""allure"":0,""charisma"":0,""libido"":0,""dominance"":0},""soiled"":{""blood"":0,""sweat"":0,""semen"":0,""urine"":0,""discharge"":0,""arousal"":0}}","{""prf"": ""Lyn"", ""unequipped"": true, ""indestructible"": true}",{}
621,unequipped,nude,Lyn,underwear,Nothing!,"{""itemType"":""unequipped"",""bonus"":{""chance"":{""parry"":0,""dodge"":0,""block"":0,""hit"":0,""critical"":0,""resist"":{""omni"":0,""light"":0,""dark"":0,""anima"":0,""status"":0}},""value"":{""damage"":0,""melee"":0,""critical"":0,""block"":0,""armor"":0,""resist"":{""omni"":0,""light"":0,""dark"":0,""anima"":0,""status"":0}}}}","{""bonus"":{""allure"":0,""charisma"":0,""libido"":0,""dominance"":0},""soiled"":{""blood"":0,""sweat"":0,""semen"":0,""urine"":0,""discharge"":0,""arousal"":0}}","{""prf"": ""Lyn"", ""unequipped"": true, ""indestructible"": true}",{}
622,unequipped,empty,Lyn,offhand,Nothing!,"{""itemType"":""unequipped"",""bonus"":{""chance"":{""parry"":0,""dodge"":0,""block"":0,""hit"":0,""critical"":0,""resist"":{""omni"":0,""light"":0,""dark"":0,""anima"":0,""status"":0}},""value"":{""damage"":0,""melee"":0,""critical"":0,""block"":0,""armor"":0,""resist"":{""omni"":0,""light"":0,""dark"":0,""anima"":0,""status"":0}}}}","{""bonus"":{""allure"":0,""charisma"":0,""libido"":0,""dominance"":0},""soiled"":{""blood"":0,""sweat"":0,""semen"":0,""urine"":0,""discharge"":0,""arousal"":0}}","{""prf"": ""Lyn"", ""unequipped"": true, ""indestructible"": true}",{}
623,unequipped,uncovered,Lyn,head,Nothing!,"{""itemType"":""unequipped"",""bonus"":{""chance"":{""parry"":0,""dodge"":0,""block"":0,""hit"":0,""critical"":0,""resist"":{""omni"":0,""light"":0,""dark"":0,""anima"":0,""status"":0}},""value"":{""damage"":0,""melee"":0,""critical"":0,""block"":0,""armor"":0,""resist"":{""omni"":0,""light"":0,""dark"":0,""anima"":0,""status"":0}}}}","{""bonus"":{""allure"":0,""charisma"":0,""libido"":0,""dominance"":0},""soiled"":{""blood"":0,""sweat"":0,""semen"":0,""urine"":0,""discharge"":0,""arousal"":0}}","{""prf"": ""Lyn"", ""unequipped"": true, ""indestructible"": true}",{}
624,unequipped,bare,Lyn,neck,Nothing!,"{""itemType"":""unequipped"",""bonus"":{""chance"":{""parry"":0,""dodge"":0,""block"":0,""hit"":0,""critical"":0,""resist"":{""omni"":0,""light"":0,""dark"":0,""anima"":0,""status"":0}},""value"":{""damage"":0,""melee"":0,""critical"":0,""block"":0,""armor"":0,""resist"":{""omni"":0,""light"":0,""dark"":0,""anima"":0,""status"":0}}}}","{""bonus"":{""allure"":0,""charisma"":0,""libido"":0,""dominance"":0},""soiled"":{""blood"":0,""sweat"":0,""semen"":0,""urine"":0,""discharge"":0,""arousal"":0}}","{""prf"": ""Lyn"", ""unequipped"": true, ""indestructible"": true}",{}
625,unequipped,uncovered,Lyn,shoulder,Nothing!,"{""itemType"":""unequipped"",""bonus"":{""chance"":{""parry"":0,""dodge"":0,""block"":0,""hit"":0,""critical"":0,""resist"":{""omni"":0,""light"":0,""dark"":0,""anima"":0,""status"":0}},""value"":{""damage"":0,""melee"":0,""critical"":0,""block"":0,""armor"":0,""resist"":{""omni"":0,""light"":0,""dark"":0,""anima"":0,""status"":0}}}}","{""bonus"":{""allure"":0,""charisma"":0,""libido"":0,""dominance"":0},""soiled"":{""blood"":0,""sweat"":0,""semen"":0,""urine"":0,""discharge"":0,""arousal"":0}}","{""prf"": ""Lyn"", ""unequipped"": true, ""indestructible"": true}",{}
626,unequipped,bare,Lyn,back,Nothing!,"{""itemType"":""unequipped"",""bonus"":{""chance"":{""parry"":0,""dodge"":0,""block"":0,""hit"":0,""critical"":0,""resist"":{""omni"":0,""light"":0,""dark"":0,""anima"":0,""status"":0}},""value"":{""damage"":0,""melee"":0,""critical"":0,""block"":0,""armor"":0,""resist"":{""omni"":0,""light"":0,""dark"":0,""anima"":0,""status"":0}}}}","{""bonus"":{""allure"":0,""charisma"":0,""libido"":0,""dominance"":0},""soiled"":{""blood"":0,""sweat"":0,""semen"":0,""urine"":0,""discharge"":0,""arousal"":0}}","{""prf"": ""Lyn"", ""unequipped"": true, ""indestructible"": true}",{}
627,unequipped,uncovered,Lyn,chest,Nothing!,"{""itemType"":""unequipped"",""bonus"":{""chance"":{""parry"":0,""dodge"":0,""block"":0,""hit"":0,""critical"":0,""resist"":{""omni"":0,""light"":0,""dark"":0,""anima"":0,""status"":0}},""value"":{""damage"":0,""melee"":0,""critical"":0,""block"":0,""armor"":0,""resist"":{""omni"":0,""light"":0,""dark"":0,""anima"":0,""status"":0}}}}","{""bonus"":{""allure"":0,""charisma"":0,""libido"":0,""dominance"":0},""soiled"":{""blood"":0,""sweat"":0,""semen"":0,""urine"":0,""discharge"":0,""arousal"":0}}","{""prf"": ""Lyn"", ""unequipped"": true, ""indestructible"": true}",{}
628,unequipped,nude,Lyn,shirt,Nothing!,"{""itemType"":""unequipped"",""bonus"":{""chance"":{""parry"":0,""dodge"":0,""block"":0,""hit"":0,""critical"":0,""resist"":{""omni"":0,""light"":0,""dark"":0,""anima"":0,""status"":0}},""value"":{""damage"":0,""melee"":0,""critical"":0,""block"":0,""armor"":0,""resist"":{""omni"":0,""light"":0,""dark"":0,""anima"":0,""status"":0}}}}","{""bonus"":{""allure"":0,""charisma"":0,""libido"":0,""dominance"":0},""soiled"":{""blood"":0,""sweat"":0,""semen"":0,""urine"":0,""discharge"":0,""arousal"":0}}","{""prf"": ""Lyn"", ""unequipped"": true, ""indestructible"": true}",{}
629,unequipped,bare,Lyn,wrist,Nothing!,"{""itemType"":""unequipped"",""bonus"":{""chance"":{""parry"":0,""dodge"":0,""block"":0,""hit"":0,""critical"":0,""resist"":{""omni"":0,""light"":0,""dark"":0,""anima"":0,""status"":0}},""value"":{""damage"":0,""melee"":0,""critical"":0,""block"":0,""armor"":0,""resist"":{""omni"":0,""light"":0,""dark"":0,""anima"":0,""status"":0}}}}","{""bonus"":{""allure"":0,""charisma"":0,""libido"":0,""dominance"":0},""soiled"":{""blood"":0,""sweat"":0,""semen"":0,""urine"":0,""discharge"":0,""arousal"":0}}","{""prf"": ""Lyn"", ""unequipped"": true, ""indestructible"": true}",{}
630,unequipped,bare,Lyn,hand,Nothing!,"{""itemType"":""unequipped"",""bonus"":{""chance"":{""parry"":0,""dodge"":0,""block"":0,""hit"":0,""critical"":0,""resist"":{""omni"":0,""light"":0,""dark"":0,""anima"":0,""status"":0}},""value"":{""damage"":0,""melee"":0,""critical"":0,""block"":0,""armor"":0,""resist"":{""omni"":0,""light"":0,""dark"":0,""anima"":0,""status"":0}}}}","{""bonus"":{""allure"":0,""charisma"":0,""libido"":0,""dominance"":0},""soiled"":{""blood"":0,""sweat"":0,""semen"":0,""urine"":0,""discharge"":0,""arousal"":0}}","{""prf"": ""Lyn"", ""unequipped"": true, ""indestructible"": true}",{}
631,unequipped,empty,Lyn,waist,Nothing!,"{""itemType"":""unequipped"",""bonus"":{""chance"":{""parry"":0,""dodge"":0,""block"":0,""hit"":0,""critical"":0,""resist"":{""omni"":0,""light"":0,""dark"":0,""anima"":0,""status"":0}},""value"":{""damage"":0,""melee"":0,""critical"":0,""block"":0,""armor"":0,""resist"":{""omni"":0,""light"":0,""dark"":0,""anima"":0,""status"":0}}}}","{""bonus"":{""allure"":0,""charisma"":0,""libido"":0,""dominance"":0},""soiled"":{""blood"":0,""sweat"":0,""semen"":0,""urine"":0,""discharge"":0,""arousal"":0}}","{""prf"": ""Lyn"", ""unequipped"": true, ""indestructible"": true}",{}
632,unequipped,bare,Lyn,leg,Nothing!,"{""itemType"":""unequipped"",""bonus"":{""chance"":{""parry"":0,""dodge"":0,""block"":0,""hit"":0,""critical"":0,""resist"":{""omni"":0,""light"":0,""dark"":0,""anima"":0,""status"":0}},""value"":{""damage"":0,""melee"":0,""critical"":0,""block"":0,""armor"":0,""resist"":{""omni"":0,""light"":0,""dark"":0,""anima"":0,""status"":0}}}}","{""bonus"":{""allure"":0,""charisma"":0,""libido"":0,""dominance"":0},""soiled"":{""blood"":0,""sweat"":0,""semen"":0,""urine"":0,""discharge"":0,""arousal"":0}}","{""prf"": ""Lyn"", ""unequipped"": true, ""indestructible"": true}",{}
633,unequipped,bare,Lyn,shin,Nothing!,"{""itemType"":""unequipped"",""bonus"":{""chance"":{""parry"":0,""dodge"":0,""block"":0,""hit"":0,""critical"":0,""resist"":{""omni"":0,""light"":0,""dark"":0,""anima"":0,""status"":0}},""value"":{""damage"":0,""melee"":0,""critical"":0,""block"":0,""armor"":0,""resist"":{""omni"":0,""light"":0,""dark"":0,""anima"":0,""status"":0}}}}","{""bonus"":{""allure"":0,""charisma"":0,""libido"":0,""dominance"":0},""soiled"":{""blood"":0,""sweat"":0,""semen"":0,""urine"":0,""discharge"":0,""arousal"":0}}","{""prf"": ""Lyn"", ""unequipped"": true, ""indestructible"": true}",{}
634,unequipped,bare,Lyn,foot,Nothing!,"{""itemType"":""unequipped"",""bonus"":{""chance"":{""parry"":0,""dodge"":0,""block"":0,""hit"":0,""critical"":0,""resist"":{""omni"":0,""light"":0,""dark"":0,""anima"":0,""status"":0}},""value"":{""damage"":0,""melee"":0,""critical"":0,""block"":0,""armor"":0,""resist"":{""omni"":0,""light"":0,""dark"":0,""anima"":0,""status"":0}}}}","{""bonus"":{""allure"":0,""charisma"":0,""libido"":0,""dominance"":0},""soiled"":{""blood"":0,""sweat"":0,""semen"":0,""urine"":0,""discharge"":0,""arousal"":0}}","{""prf"": ""Lyn"", ""unequipped"": true, ""indestructible"": true}",{}
635,unequipped,empty,Lyn,ring1,Nothing!,"{""itemType"":""unequipped"",""bonus"":{""chance"":{""parry"":0,""dodge"":0,""block"":0,""hit"":0,""critical"":0,""resist"":{""omni"":0,""light"":0,""dark"":0,""anima"":0,""status"":0}},""value"":{""damage"":0,""melee"":0,""critical"":0,""block"":0,""armor"":0,""resist"":{""omni"":0,""light"":0,""dark"":0,""anima"":0,""status"":0}}}}","{""bonus"":{""allure"":0,""charisma"":0,""libido"":0,""dominance"":0},""soiled"":{""blood"":0,""sweat"":0,""semen"":0,""urine"":0,""discharge"":0,""arousal"":0}}","{""prf"": ""Lyn"", ""unequipped"": true, ""indestructible"": true}",{}
636,unequipped,empty,Lyn,ring2,Nothing!,"{""itemType"":""unequipped"",""bonus"":{""chance"":{""parry"":0,""dodge"":0,""block"":0,""hit"":0,""critical"":0,""resist"":{""omni"":0,""light"":0,""dark"":0,""anima"":0,""status"":0}},""value"":{""damage"":0,""melee"":0,""critical"":0,""block"":0,""armor"":0,""resist"":{""omni"":0,""light"":0,""dark"":0,""anima"":0,""status"":0}}}}","{""bonus"":{""allure"":0,""charisma"":0,""libido"":0,""dominance"":0},""soiled"":{""blood"":0,""sweat"":0,""semen"":0,""urine"":0,""discharge"":0,""arousal"":0}}","{""prf"": ""Lyn"", ""unequipped"": true, ""indestructible"": true}",{}
637,unequipped,empty,Lyn,trinket1,Nothing!,"{""itemType"":""unequipped"",""bonus"":{""chance"":{""parry"":0,""dodge"":0,""block"":0,""hit"":0,""critical"":0,""resist"":{""omni"":0,""light"":0,""dark"":0,""anima"":0,""status"":0}},""value"":{""damage"":0,""melee"":0,""critical"":0,""block"":0,""armor"":0,""resist"":{""omni"":0,""light"":0,""dark"":0,""anima"":0,""status"":0}}}}","{""bonus"":{""allure"":0,""charisma"":0,""libido"":0,""dominance"":0},""soiled"":{""blood"":0,""sweat"":0,""semen"":0,""urine"":0,""discharge"":0,""arousal"":0}}","{""prf"": ""Lyn"", ""unequipped"": true, ""indestructible"": true}",{}
638,unequipped,empty,Lyn,trinket2,Nothing!,"{""itemType"":""unequipped"",""bonus"":{""chance"":{""parry"":0,""dodge"":0,""block"":0,""hit"":0,""critical"":0,""resist"":{""omni"":0,""light"":0,""dark"":0,""anima"":0,""status"":0}},""value"":{""damage"":0,""melee"":0,""critical"":0,""block"":0,""armor"":0,""resist"":{""omni"":0,""light"":0,""dark"":0,""anima"":0,""status"":0}}}}","{""bonus"":{""allure"":0,""charisma"":0,""libido"":0,""dominance"":0},""soiled"":{""blood"":0,""sweat"":0,""semen"":0,""urine"":0,""discharge"":0,""arousal"":0}}","{""prf"": ""Lyn"", ""unequipped"": true, ""indestructible"": true}",{}
639,weapon,empty,Lyn,mainhand,Emptyhanded,"{""weaponType"":""kick"",""material"":""body"",""bonus"":{""chance"":{""parry"":0,""dodge"":0,""block"":0,""hit"":0,""critical"":0},""value"":{""block"":0,""damage"":0,""critical"":0,""effectiveMultiplier"":1}},""durability"":1}","{""bonus"":{""allure"":0,""charisma"":0,""libido"":0,""dominance"":0}        }","{""prf"": ""Lyn"", ""unequipped"": true, ""indestructible"": true}",{}
640,unequipped,nude,Matthew,undershirt,A bare male chest.,"{""itemType"":""unequipped"",""bonus"":{""chance"":{""parry"":0,""dodge"":0,""block"":0,""hit"":0,""critical"":0,""resist"":{""omni"":0,""light"":0,""dark"":0,""anima"":0,""status"":0}},""value"":{""damage"":0,""melee"":0,""critical"":0,""block"":0,""armor"":0,""resist"":{""omni"":0,""light"":0,""dark"":0,""anima"":0,""status"":0}}}}","{""bonus"":{""allure"":0,""charisma"":0,""libido"":0,""dominance"":0},""soiled"":{""blood"":0,""sweat"":0,""semen"":0,""urine"":0,""discharge"":0,""arousal"":0}}","{""prf"": ""Matthew"", ""unequipped"": true, ""indestructible"": true}",{}
641,unequipped,nude,Matthew,underwear,Nothing!,"{""itemType"":""unequipped"",""bonus"":{""chance"":{""parry"":0,""dodge"":0,""block"":0,""hit"":0,""critical"":0,""resist"":{""omni"":0,""light"":0,""dark"":0,""anima"":0,""status"":0}},""value"":{""damage"":0,""melee"":0,""critical"":0,""block"":0,""armor"":0,""resist"":{""omni"":0,""light"":0,""dark"":0,""anima"":0,""status"":0}}}}","{""bonus"":{""allure"":0,""charisma"":0,""libido"":0,""dominance"":0},""soiled"":{""blood"":0,""sweat"":0,""semen"":0,""urine"":0,""discharge"":0,""arousal"":0}}","{""prf"": ""Matthew"", ""unequipped"": true, ""indestructible"": true}",{}
642,unequipped,empty,Matthew,offhand,Nothing!,"{""itemType"":""unequipped"",""bonus"":{""chance"":{""parry"":0,""dodge"":0,""block"":0,""hit"":0,""critical"":0,""resist"":{""omni"":0,""light"":0,""dark"":0,""anima"":0,""status"":0}},""value"":{""damage"":0,""melee"":0,""critical"":0,""block"":0,""armor"":0,""resist"":{""omni"":0,""light"":0,""dark"":0,""anima"":0,""status"":0}}}}","{""bonus"":{""allure"":0,""charisma"":0,""libido"":0,""dominance"":0},""soiled"":{""blood"":0,""sweat"":0,""semen"":0,""urine"":0,""discharge"":0,""arousal"":0}}","{""prf"": ""Matthew"", ""unequipped"": true, ""indestructible"": true}",{}
643,unequipped,uncovered,Matthew,head,Nothing!,"{""itemType"":""unequipped"",""bonus"":{""chance"":{""parry"":0,""dodge"":0,""block"":0,""hit"":0,""critical"":0,""resist"":{""omni"":0,""light"":0,""dark"":0,""anima"":0,""status"":0}},""value"":{""damage"":0,""melee"":0,""critical"":0,""block"":0,""armor"":0,""resist"":{""omni"":0,""light"":0,""dark"":0,""anima"":0,""status"":0}}}}","{""bonus"":{""allure"":0,""charisma"":0,""libido"":0,""dominance"":0},""soiled"":{""blood"":0,""sweat"":0,""semen"":0,""urine"":0,""discharge"":0,""arousal"":0}}","{""prf"": ""Matthew"", ""unequipped"": true, ""indestructible"": true}",{}
644,unequipped,bare,Matthew,neck,Nothing!,"{""itemType"":""unequipped"",""bonus"":{""chance"":{""parry"":0,""dodge"":0,""block"":0,""hit"":0,""critical"":0,""resist"":{""omni"":0,""light"":0,""dark"":0,""anima"":0,""status"":0}},""value"":{""damage"":0,""melee"":0,""critical"":0,""block"":0,""armor"":0,""resist"":{""omni"":0,""light"":0,""dark"":0,""anima"":0,""status"":0}}}}","{""bonus"":{""allure"":0,""charisma"":0,""libido"":0,""dominance"":0},""soiled"":{""blood"":0,""sweat"":0,""semen"":0,""urine"":0,""discharge"":0,""arousal"":0}}","{""prf"": ""Matthew"", ""unequipped"": true, ""indestructible"": true}",{}
645,unequipped,uncovered,Matthew,shoulder,Nothing!,"{""itemType"":""unequipped"",""bonus"":{""chance"":{""parry"":0,""dodge"":0,""block"":0,""hit"":0,""critical"":0,""resist"":{""omni"":0,""light"":0,""dark"":0,""anima"":0,""status"":0}},""value"":{""damage"":0,""melee"":0,""critical"":0,""block"":0,""armor"":0,""resist"":{""omni"":0,""light"":0,""dark"":0,""anima"":0,""status"":0}}}}","{""bonus"":{""allure"":0,""charisma"":0,""libido"":0,""dominance"":0},""soiled"":{""blood"":0,""sweat"":0,""semen"":0,""urine"":0,""discharge"":0,""arousal"":0}}","{""prf"": ""Matthew"", ""unequipped"": true, ""indestructible"": true}",{}
646,unequipped,bare,Matthew,back,Nothing!,"{""itemType"":""unequipped"",""bonus"":{""chance"":{""parry"":0,""dodge"":0,""block"":0,""hit"":0,""critical"":0,""resist"":{""omni"":0,""light"":0,""dark"":0,""anima"":0,""status"":0}},""value"":{""damage"":0,""melee"":0,""critical"":0,""block"":0,""armor"":0,""resist"":{""omni"":0,""light"":0,""dark"":0,""anima"":0,""status"":0}}}}","{""bonus"":{""allure"":0,""charisma"":0,""libido"":0,""dominance"":0},""soiled"":{""blood"":0,""sweat"":0,""semen"":0,""urine"":0,""discharge"":0,""arousal"":0}}","{""prf"": ""Matthew"", ""unequipped"": true, ""indestructible"": true}",{}
647,unequipped,uncovered,Matthew,chest,Nothing!,"{""itemType"":""unequipped"",""bonus"":{""chance"":{""parry"":0,""dodge"":0,""block"":0,""hit"":0,""critical"":0,""resist"":{""omni"":0,""light"":0,""dark"":0,""anima"":0,""status"":0}},""value"":{""damage"":0,""melee"":0,""critical"":0,""block"":0,""armor"":0,""resist"":{""omni"":0,""light"":0,""dark"":0,""anima"":0,""status"":0}}}}","{""bonus"":{""allure"":0,""charisma"":0,""libido"":0,""dominance"":0},""soiled"":{""blood"":0,""sweat"":0,""semen"":0,""urine"":0,""discharge"":0,""arousal"":0}}","{""prf"": ""Matthew"", ""unequipped"": true, ""indestructible"": true}",{}
648,unequipped,nude,Matthew,shirt,Nothing!,"{""itemType"":""unequipped"",""bonus"":{""chance"":{""parry"":0,""dodge"":0,""block"":0,""hit"":0,""critical"":0,""resist"":{""omni"":0,""light"":0,""dark"":0,""anima"":0,""status"":0}},""value"":{""damage"":0,""melee"":0,""critical"":0,""block"":0,""armor"":0,""resist"":{""omni"":0,""light"":0,""dark"":0,""anima"":0,""status"":0}}}}","{""bonus"":{""allure"":0,""charisma"":0,""libido"":0,""dominance"":0},""soiled"":{""blood"":0,""sweat"":0,""semen"":0,""urine"":0,""discharge"":0,""arousal"":0}}","{""prf"": ""Matthew"", ""unequipped"": true, ""indestructible"": true}",{}
649,unequipped,bare,Matthew,wrist,Nothing!,"{""itemType"":""unequipped"",""bonus"":{""chance"":{""parry"":0,""dodge"":0,""block"":0,""hit"":0,""critical"":0,""resist"":{""omni"":0,""light"":0,""dark"":0,""anima"":0,""status"":0}},""value"":{""damage"":0,""melee"":0,""critical"":0,""block"":0,""armor"":0,""resist"":{""omni"":0,""light"":0,""dark"":0,""anima"":0,""status"":0}}}}","{""bonus"":{""allure"":0,""charisma"":0,""libido"":0,""dominance"":0},""soiled"":{""blood"":0,""sweat"":0,""semen"":0,""urine"":0,""discharge"":0,""arousal"":0}}","{""prf"": ""Matthew"", ""unequipped"": true, ""indestructible"": true}",{}
650,unequipped,bare,Matthew,hand,Nothing!,"{""itemType"":""unequipped"",""bonus"":{""chance"":{""parry"":0,""dodge"":0,""block"":0,""hit"":0,""critical"":0,""resist"":{""omni"":0,""light"":0,""dark"":0,""anima"":0,""status"":0}},""value"":{""damage"":0,""melee"":0,""critical"":0,""block"":0,""armor"":0,""resist"":{""omni"":0,""light"":0,""dark"":0,""anima"":0,""status"":0}}}}","{""bonus"":{""allure"":0,""charisma"":0,""libido"":0,""dominance"":0},""soiled"":{""blood"":0,""sweat"":0,""semen"":0,""urine"":0,""discharge"":0,""arousal"":0}}","{""prf"": ""Matthew"", ""unequipped"": true, ""indestructible"": true}",{}
651,unequipped,empty,Matthew,waist,Nothing!,"{""itemType"":""unequipped"",""bonus"":{""chance"":{""parry"":0,""dodge"":0,""block"":0,""hit"":0,""critical"":0,""resist"":{""omni"":0,""light"":0,""dark"":0,""anima"":0,""status"":0}},""value"":{""damage"":0,""melee"":0,""critical"":0,""block"":0,""armor"":0,""resist"":{""omni"":0,""light"":0,""dark"":0,""anima"":0,""status"":0}}}}","{""bonus"":{""allure"":0,""charisma"":0,""libido"":0,""dominance"":0},""soiled"":{""blood"":0,""sweat"":0,""semen"":0,""urine"":0,""discharge"":0,""arousal"":0}}","{""prf"": ""Matthew"", ""unequipped"": true, ""indestructible"": true}",{}
652,unequipped,bare,Matthew,leg,Nothing!,"{""itemType"":""unequipped"",""bonus"":{""chance"":{""parry"":0,""dodge"":0,""block"":0,""hit"":0,""critical"":0,""resist"":{""omni"":0,""light"":0,""dark"":0,""anima"":0,""status"":0}},""value"":{""damage"":0,""melee"":0,""critical"":0,""block"":0,""armor"":0,""resist"":{""omni"":0,""light"":0,""dark"":0,""anima"":0,""status"":0}}}}","{""bonus"":{""allure"":0,""charisma"":0,""libido"":0,""dominance"":0},""soiled"":{""blood"":0,""sweat"":0,""semen"":0,""urine"":0,""discharge"":0,""arousal"":0}}","{""prf"": ""Matthew"", ""unequipped"": true, ""indestructible"": true}",{}
653,unequipped,bare,Matthew,shin,Nothing!,"{""itemType"":""unequipped"",""bonus"":{""chance"":{""parry"":0,""dodge"":0,""block"":0,""hit"":0,""critical"":0,""resist"":{""omni"":0,""light"":0,""dark"":0,""anima"":0,""status"":0}},""value"":{""damage"":0,""melee"":0,""critical"":0,""block"":0,""armor"":0,""resist"":{""omni"":0,""light"":0,""dark"":0,""anima"":0,""status"":0}}}}","{""bonus"":{""allure"":0,""charisma"":0,""libido"":0,""dominance"":0},""soiled"":{""blood"":0,""sweat"":0,""semen"":0,""urine"":0,""discharge"":0,""arousal"":0}}","{""prf"": ""Matthew"", ""unequipped"": true, ""indestructible"": true}",{}
654,unequipped,bare,Matthew,foot,Nothing!,"{""itemType"":""unequipped"",""bonus"":{""chance"":{""parry"":0,""dodge"":0,""block"":0,""hit"":0,""critical"":0,""resist"":{""omni"":0,""light"":0,""dark"":0,""anima"":0,""status"":0}},""value"":{""damage"":0,""melee"":0,""critical"":0,""block"":0,""armor"":0,""resist"":{""omni"":0,""light"":0,""dark"":0,""anima"":0,""status"":0}}}}","{""bonus"":{""allure"":0,""charisma"":0,""libido"":0,""dominance"":0},""soiled"":{""blood"":0,""sweat"":0,""semen"":0,""urine"":0,""discharge"":0,""arousal"":0}}","{""prf"": ""Matthew"", ""unequipped"": true, ""indestructible"": true}",{}
655,unequipped,empty,Matthew,ring1,Nothing!,"{""itemType"":""unequipped"",""bonus"":{""chance"":{""parry"":0,""dodge"":0,""block"":0,""hit"":0,""critical"":0,""resist"":{""omni"":0,""light"":0,""dark"":0,""anima"":0,""status"":0}},""value"":{""damage"":0,""melee"":0,""critical"":0,""block"":0,""armor"":0,""resist"":{""omni"":0,""light"":0,""dark"":0,""anima"":0,""status"":0}}}}","{""bonus"":{""allure"":0,""charisma"":0,""libido"":0,""dominance"":0},""soiled"":{""blood"":0,""sweat"":0,""semen"":0,""urine"":0,""discharge"":0,""arousal"":0}}","{""prf"": ""Matthew"", ""unequipped"": true, ""indestructible"": true}",{}
656,unequipped,empty,Matthew,ring2,Nothing!,"{""itemType"":""unequipped"",""bonus"":{""chance"":{""parry"":0,""dodge"":0,""block"":0,""hit"":0,""critical"":0,""resist"":{""omni"":0,""light"":0,""dark"":0,""anima"":0,""status"":0}},""value"":{""damage"":0,""melee"":0,""critical"":0,""block"":0,""armor"":0,""resist"":{""omni"":0,""light"":0,""dark"":0,""anima"":0,""status"":0}}}}","{""bonus"":{""allure"":0,""charisma"":0,""libido"":0,""dominance"":0},""soiled"":{""blood"":0,""sweat"":0,""semen"":0,""urine"":0,""discharge"":0,""arousal"":0}}","{""prf"": ""Matthew"", ""unequipped"": true, ""indestructible"": true}",{}
657,unequipped,empty,Matthew,trinket1,Nothing!,"{""itemType"":""unequipped"",""bonus"":{""chance"":{""parry"":0,""dodge"":0,""block"":0,""hit"":0,""critical"":0,""resist"":{""omni"":0,""light"":0,""dark"":0,""anima"":0,""status"":0}},""value"":{""damage"":0,""melee"":0,""critical"":0,""block"":0,""armor"":0,""resist"":{""omni"":0,""light"":0,""dark"":0,""anima"":0,""status"":0}}}}","{""bonus"":{""allure"":0,""charisma"":0,""libido"":0,""dominance"":0},""soiled"":{""blood"":0,""sweat"":0,""semen"":0,""urine"":0,""discharge"":0,""arousal"":0}}","{""prf"": ""Matthew"", ""unequipped"": true, ""indestructible"": true}",{}
658,unequipped,empty,Matthew,trinket2,Nothing!,"{""itemType"":""unequipped"",""bonus"":{""chance"":{""parry"":0,""dodge"":0,""block"":0,""hit"":0,""critical"":0,""resist"":{""omni"":0,""light"":0,""dark"":0,""anima"":0,""status"":0}},""value"":{""damage"":0,""melee"":0,""critical"":0,""block"":0,""armor"":0,""resist"":{""omni"":0,""light"":0,""dark"":0,""anima"":0,""status"":0}}}}","{""bonus"":{""allure"":0,""charisma"":0,""libido"":0,""dominance"":0},""soiled"":{""blood"":0,""sweat"":0,""semen"":0,""urine"":0,""discharge"":0,""arousal"":0}}","{""prf"": ""Matthew"", ""unequipped"": true, ""indestructible"": true}",{}
659,weapon,empty,Matthew,mainhand,Emptyhanded,"{""weaponType"":""strike"",""material"":""body"",""bonus"":{""chance"":{""parry"":0,""dodge"":0,""block"":0,""hit"":0,""critical"":0},""value"":{""block"":0,""damage"":0,""critical"":0,""effectiveMultiplier"":1}},""durability"":1}","{""bonus"":{""allure"":0,""charisma"":0,""libido"":0,""dominance"":0}        }","{""prf"": ""Matthew"", ""unequipped"": true, ""indestructible"": true}",{}
660,unequipped,nude,Natalie,undershirt,Milky white breasts.,"{""itemType"":""unequipped"",""bonus"":{""chance"":{""parry"":0,""dodge"":0,""block"":0,""hit"":0,""critical"":0,""resist"":{""omni"":0,""light"":0,""dark"":0,""anima"":0,""status"":0}},""value"":{""damage"":0,""melee"":0,""critical"":0,""block"":0,""armor"":0,""resist"":{""omni"":0,""light"":0,""dark"":0,""anima"":0,""status"":0}}}}","{""bonus"":{""allure"":0,""charisma"":0,""libido"":0,""dominance"":0},""soiled"":{""blood"":0,""sweat"":0,""semen"":0,""urine"":0,""discharge"":0,""arousal"":0}}","{""prf"": ""Natalie"", ""unequipped"": true, ""indestructible"": true}",{}
661,unequipped,nude,Natalie,underwear,Nothing!,"{""itemType"":""unequipped"",""bonus"":{""chance"":{""parry"":0,""dodge"":0,""block"":0,""hit"":0,""critical"":0,""resist"":{""omni"":0,""light"":0,""dark"":0,""anima"":0,""status"":0}},""value"":{""damage"":0,""melee"":0,""critical"":0,""block"":0,""armor"":0,""resist"":{""omni"":0,""light"":0,""dark"":0,""anima"":0,""status"":0}}}}","{""bonus"":{""allure"":0,""charisma"":0,""libido"":0,""dominance"":0},""soiled"":{""blood"":0,""sweat"":0,""semen"":0,""urine"":0,""discharge"":0,""arousal"":0}}","{""prf"": ""Natalie"", ""unequipped"": true, ""indestructible"": true}",{}
662,unequipped,empty,Natalie,offhand,Nothing!,"{""itemType"":""unequipped"",""bonus"":{""chance"":{""parry"":0,""dodge"":0,""block"":0,""hit"":0,""critical"":0,""resist"":{""omni"":0,""light"":0,""dark"":0,""anima"":0,""status"":0}},""value"":{""damage"":0,""melee"":0,""critical"":0,""block"":0,""armor"":0,""resist"":{""omni"":0,""light"":0,""dark"":0,""anima"":0,""status"":0}}}}","{""bonus"":{""allure"":0,""charisma"":0,""libido"":0,""dominance"":0},""soiled"":{""blood"":0,""sweat"":0,""semen"":0,""urine"":0,""discharge"":0,""arousal"":0}}","{""prf"": ""Natalie"", ""unequipped"": true, ""indestructible"": true}",{}
663,unequipped,uncovered,Natalie,head,Nothing!,"{""itemType"":""unequipped"",""bonus"":{""chance"":{""parry"":0,""dodge"":0,""block"":0,""hit"":0,""critical"":0,""resist"":{""omni"":0,""light"":0,""dark"":0,""anima"":0,""status"":0}},""value"":{""damage"":0,""melee"":0,""critical"":0,""block"":0,""armor"":0,""resist"":{""omni"":0,""light"":0,""dark"":0,""anima"":0,""status"":0}}}}","{""bonus"":{""allure"":0,""charisma"":0,""libido"":0,""dominance"":0},""soiled"":{""blood"":0,""sweat"":0,""semen"":0,""urine"":0,""discharge"":0,""arousal"":0}}","{""prf"": ""Natalie"", ""unequipped"": true, ""indestructible"": true}",{}
664,unequipped,bare,Natalie,neck,Nothing!,"{""itemType"":""unequipped"",""bonus"":{""chance"":{""parry"":0,""dodge"":0,""block"":0,""hit"":0,""critical"":0,""resist"":{""omni"":0,""light"":0,""dark"":0,""anima"":0,""status"":0}},""value"":{""damage"":0,""melee"":0,""critical"":0,""block"":0,""armor"":0,""resist"":{""omni"":0,""light"":0,""dark"":0,""anima"":0,""status"":0}}}}","{""bonus"":{""allure"":0,""charisma"":0,""libido"":0,""dominance"":0},""soiled"":{""blood"":0,""sweat"":0,""semen"":0,""urine"":0,""discharge"":0,""arousal"":0}}","{""prf"": ""Natalie"", ""unequipped"": true, ""indestructible"": true}",{}
665,unequipped,uncovered,Natalie,shoulder,Nothing!,"{""itemType"":""unequipped"",""bonus"":{""chance"":{""parry"":0,""dodge"":0,""block"":0,""hit"":0,""critical"":0,""resist"":{""omni"":0,""light"":0,""dark"":0,""anima"":0,""status"":0}},""value"":{""damage"":0,""melee"":0,""critical"":0,""block"":0,""armor"":0,""resist"":{""omni"":0,""light"":0,""dark"":0,""anima"":0,""status"":0}}}}","{""bonus"":{""allure"":0,""charisma"":0,""libido"":0,""dominance"":0},""soiled"":{""blood"":0,""sweat"":0,""semen"":0,""urine"":0,""discharge"":0,""arousal"":0}}","{""prf"": ""Natalie"", ""unequipped"": true, ""indestructible"": true}",{}
666,unequipped,bare,Natalie,back,Nothing!,"{""itemType"":""unequipped"",""bonus"":{""chance"":{""parry"":0,""dodge"":0,""block"":0,""hit"":0,""critical"":0,""resist"":{""omni"":0,""light"":0,""dark"":0,""anima"":0,""status"":0}},""value"":{""damage"":0,""melee"":0,""critical"":0,""block"":0,""armor"":0,""resist"":{""omni"":0,""light"":0,""dark"":0,""anima"":0,""status"":0}}}}","{""bonus"":{""allure"":0,""charisma"":0,""libido"":0,""dominance"":0},""soiled"":{""blood"":0,""sweat"":0,""semen"":0,""urine"":0,""discharge"":0,""arousal"":0}}","{""prf"": ""Natalie"", ""unequipped"": true, ""indestructible"": true}",{}
667,unequipped,uncovered,Natalie,chest,Nothing!,"{""itemType"":""unequipped"",""bonus"":{""chance"":{""parry"":0,""dodge"":0,""block"":0,""hit"":0,""critical"":0,""resist"":{""omni"":0,""light"":0,""dark"":0,""anima"":0,""status"":0}},""value"":{""damage"":0,""melee"":0,""critical"":0,""block"":0,""armor"":0,""resist"":{""omni"":0,""light"":0,""dark"":0,""anima"":0,""status"":0}}}}","{""bonus"":{""allure"":0,""charisma"":0,""libido"":0,""dominance"":0},""soiled"":{""blood"":0,""sweat"":0,""semen"":0,""urine"":0,""discharge"":0,""arousal"":0}}","{""prf"": ""Natalie"", ""unequipped"": true, ""indestructible"": true}",{}
668,unequipped,nude,Natalie,shirt,Nothing!,"{""itemType"":""unequipped"",""bonus"":{""chance"":{""parry"":0,""dodge"":0,""block"":0,""hit"":0,""critical"":0,""resist"":{""omni"":0,""light"":0,""dark"":0,""anima"":0,""status"":0}},""value"":{""damage"":0,""melee"":0,""critical"":0,""block"":0,""armor"":0,""resist"":{""omni"":0,""light"":0,""dark"":0,""anima"":0,""status"":0}}}}","{""bonus"":{""allure"":0,""charisma"":0,""libido"":0,""dominance"":0},""soiled"":{""blood"":0,""sweat"":0,""semen"":0,""urine"":0,""discharge"":0,""arousal"":0}}","{""prf"": ""Natalie"", ""unequipped"": true, ""indestructible"": true}",{}
669,unequipped,bare,Natalie,wrist,Nothing!,"{""itemType"":""unequipped"",""bonus"":{""chance"":{""parry"":0,""dodge"":0,""block"":0,""hit"":0,""critical"":0,""resist"":{""omni"":0,""light"":0,""dark"":0,""anima"":0,""status"":0}},""value"":{""damage"":0,""melee"":0,""critical"":0,""block"":0,""armor"":0,""resist"":{""omni"":0,""light"":0,""dark"":0,""anima"":0,""status"":0}}}}","{""bonus"":{""allure"":0,""charisma"":0,""libido"":0,""dominance"":0},""soiled"":{""blood"":0,""sweat"":0,""semen"":0,""urine"":0,""discharge"":0,""arousal"":0}}","{""prf"": ""Natalie"", ""unequipped"": true, ""indestructible"": true}",{}
670,unequipped,bare,Natalie,hand,Nothing!,"{""itemType"":""unequipped"",""bonus"":{""chance"":{""parry"":0,""dodge"":0,""block"":0,""hit"":0,""critical"":0,""resist"":{""omni"":0,""light"":0,""dark"":0,""anima"":0,""status"":0}},""value"":{""damage"":0,""melee"":0,""critical"":0,""block"":0,""armor"":0,""resist"":{""omni"":0,""light"":0,""dark"":0,""anima"":0,""status"":0}}}}","{""bonus"":{""allure"":0,""charisma"":0,""libido"":0,""dominance"":0},""soiled"":{""blood"":0,""sweat"":0,""semen"":0,""urine"":0,""discharge"":0,""arousal"":0}}","{""prf"": ""Natalie"", ""unequipped"": true, ""indestructible"": true}",{}
671,unequipped,empty,Natalie,waist,Nothing!,"{""itemType"":""unequipped"",""bonus"":{""chance"":{""parry"":0,""dodge"":0,""block"":0,""hit"":0,""critical"":0,""resist"":{""omni"":0,""light"":0,""dark"":0,""anima"":0,""status"":0}},""value"":{""damage"":0,""melee"":0,""critical"":0,""block"":0,""armor"":0,""resist"":{""omni"":0,""light"":0,""dark"":0,""anima"":0,""status"":0}}}}","{""bonus"":{""allure"":0,""charisma"":0,""libido"":0,""dominance"":0},""soiled"":{""blood"":0,""sweat"":0,""semen"":0,""urine"":0,""discharge"":0,""arousal"":0}}","{""prf"": ""Natalie"", ""unequipped"": true, ""indestructible"": true}",{}
672,unequipped,bare,Natalie,leg,Nothing!,"{""itemType"":""unequipped"",""bonus"":{""chance"":{""parry"":0,""dodge"":0,""block"":0,""hit"":0,""critical"":0,""resist"":{""omni"":0,""light"":0,""dark"":0,""anima"":0,""status"":0}},""value"":{""damage"":0,""melee"":0,""critical"":0,""block"":0,""armor"":0,""resist"":{""omni"":0,""light"":0,""dark"":0,""anima"":0,""status"":0}}}}","{""bonus"":{""allure"":0,""charisma"":0,""libido"":0,""dominance"":0},""soiled"":{""blood"":0,""sweat"":0,""semen"":0,""urine"":0,""discharge"":0,""arousal"":0}}","{""prf"": ""Natalie"", ""unequipped"": true, ""indestructible"": true}",{}
673,unequipped,bare,Natalie,shin,Nothing!,"{""itemType"":""unequipped"",""bonus"":{""chance"":{""parry"":0,""dodge"":0,""block"":0,""hit"":0,""critical"":0,""resist"":{""omni"":0,""light"":0,""dark"":0,""anima"":0,""status"":0}},""value"":{""damage"":0,""melee"":0,""critical"":0,""block"":0,""armor"":0,""resist"":{""omni"":0,""light"":0,""dark"":0,""anima"":0,""status"":0}}}}","{""bonus"":{""allure"":0,""charisma"":0,""libido"":0,""dominance"":0},""soiled"":{""blood"":0,""sweat"":0,""semen"":0,""urine"":0,""discharge"":0,""arousal"":0}}","{""prf"": ""Natalie"", ""unequipped"": true, ""indestructible"": true}",{}
674,unequipped,bare,Natalie,foot,Nothing!,"{""itemType"":""unequipped"",""bonus"":{""chance"":{""parry"":0,""dodge"":0,""block"":0,""hit"":0,""critical"":0,""resist"":{""omni"":0,""light"":0,""dark"":0,""anima"":0,""status"":0}},""value"":{""damage"":0,""melee"":0,""critical"":0,""block"":0,""armor"":0,""resist"":{""omni"":0,""light"":0,""dark"":0,""anima"":0,""status"":0}}}}","{""bonus"":{""allure"":0,""charisma"":0,""libido"":0,""dominance"":0},""soiled"":{""blood"":0,""sweat"":0,""semen"":0,""urine"":0,""discharge"":0,""arousal"":0}}","{""prf"": ""Natalie"", ""unequipped"": true, ""indestructible"": true}",{}
675,unequipped,empty,Natalie,ring1,Nothing!,"{""itemType"":""unequipped"",""bonus"":{""chance"":{""parry"":0,""dodge"":0,""block"":0,""hit"":0,""critical"":0,""resist"":{""omni"":0,""light"":0,""dark"":0,""anima"":0,""status"":0}},""value"":{""damage"":0,""melee"":0,""critical"":0,""block"":0,""armor"":0,""resist"":{""omni"":0,""light"":0,""dark"":0,""anima"":0,""status"":0}}}}","{""bonus"":{""allure"":0,""charisma"":0,""libido"":0,""dominance"":0},""soiled"":{""blood"":0,""sweat"":0,""semen"":0,""urine"":0,""discharge"":0,""arousal"":0}}","{""prf"": ""Natalie"", ""unequipped"": true, ""indestructible"": true}",{}
676,unequipped,empty,Natalie,ring2,Nothing!,"{""itemType"":""unequipped"",""bonus"":{""chance"":{""parry"":0,""dodge"":0,""block"":0,""hit"":0,""critical"":0,""resist"":{""omni"":0,""light"":0,""dark"":0,""anima"":0,""status"":0}},""value"":{""damage"":0,""melee"":0,""critical"":0,""block"":0,""armor"":0,""resist"":{""omni"":0,""light"":0,""dark"":0,""anima"":0,""status"":0}}}}","{""bonus"":{""allure"":0,""charisma"":0,""libido"":0,""dominance"":0},""soiled"":{""blood"":0,""sweat"":0,""semen"":0,""urine"":0,""discharge"":0,""arousal"":0}}","{""prf"": ""Natalie"", ""unequipped"": true, ""indestructible"": true}",{}
677,unequipped,empty,Natalie,trinket1,Nothing!,"{""itemType"":""unequipped"",""bonus"":{""chance"":{""parry"":0,""dodge"":0,""block"":0,""hit"":0,""critical"":0,""resist"":{""omni"":0,""light"":0,""dark"":0,""anima"":0,""status"":0}},""value"":{""damage"":0,""melee"":0,""critical"":0,""block"":0,""armor"":0,""resist"":{""omni"":0,""light"":0,""dark"":0,""anima"":0,""status"":0}}}}","{""bonus"":{""allure"":0,""charisma"":0,""libido"":0,""dominance"":0},""soiled"":{""blood"":0,""sweat"":0,""semen"":0,""urine"":0,""discharge"":0,""arousal"":0}}","{""prf"": ""Natalie"", ""unequipped"": true, ""indestructible"": true}",{}
678,unequipped,empty,Natalie,trinket2,Nothing!,"{""itemType"":""unequipped"",""bonus"":{""chance"":{""parry"":0,""dodge"":0,""block"":0,""hit"":0,""critical"":0,""resist"":{""omni"":0,""light"":0,""dark"":0,""anima"":0,""status"":0}},""value"":{""damage"":0,""melee"":0,""critical"":0,""block"":0,""armor"":0,""resist"":{""omni"":0,""light"":0,""dark"":0,""anima"":0,""status"":0}}}}","{""bonus"":{""allure"":0,""charisma"":0,""libido"":0,""dominance"":0},""soiled"":{""blood"":0,""sweat"":0,""semen"":0,""urine"":0,""discharge"":0,""arousal"":0}}","{""prf"": ""Natalie"", ""unequipped"": true, ""indestructible"": true}",{}
679,weapon,empty,Natalie,mainhand,Emptyhanded,"{""weaponType"":""scratch"",""material"":""body"",""bonus"":{""chance"":{""parry"":0,""dodge"":0,""block"":0,""hit"":0,""critical"":0},""value"":{""block"":0,""damage"":0,""critical"":0,""effectiveMultiplier"":1}},""durability"":1}","{""bonus"":{""allure"":0,""charisma"":0,""libido"":0,""dominance"":0}        }","{""prf"": ""Natalie"", ""unequipped"": true, ""indestructible"": true}",{}
680,unequipped,nude,Nils,undershirt,A bare male chest.,"{""itemType"":""unequipped"",""bonus"":{""chance"":{""parry"":0,""dodge"":0,""block"":0,""hit"":0,""critical"":0,""resist"":{""omni"":0,""light"":0,""dark"":0,""anima"":0,""status"":0}},""value"":{""damage"":0,""melee"":0,""critical"":0,""block"":0,""armor"":0,""resist"":{""omni"":0,""light"":0,""dark"":0,""anima"":0,""status"":0}}}}","{""bonus"":{""allure"":0,""charisma"":0,""libido"":0,""dominance"":0},""soiled"":{""blood"":0,""sweat"":0,""semen"":0,""urine"":0,""discharge"":0,""arousal"":0}}","{""prf"": ""Nils"", ""unequipped"": true, ""indestructible"": true}",{}
681,unequipped,nude,Nils,underwear,Nothing!,"{""itemType"":""unequipped"",""bonus"":{""chance"":{""parry"":0,""dodge"":0,""block"":0,""hit"":0,""critical"":0,""resist"":{""omni"":0,""light"":0,""dark"":0,""anima"":0,""status"":0}},""value"":{""damage"":0,""melee"":0,""critical"":0,""block"":0,""armor"":0,""resist"":{""omni"":0,""light"":0,""dark"":0,""anima"":0,""status"":0}}}}","{""bonus"":{""allure"":0,""charisma"":0,""libido"":0,""dominance"":0},""soiled"":{""blood"":0,""sweat"":0,""semen"":0,""urine"":0,""discharge"":0,""arousal"":0}}","{""prf"": ""Nils"", ""unequipped"": true, ""indestructible"": true}",{}
682,unequipped,empty,Nils,offhand,Nothing!,"{""itemType"":""unequipped"",""bonus"":{""chance"":{""parry"":0,""dodge"":0,""block"":0,""hit"":0,""critical"":0,""resist"":{""omni"":0,""light"":0,""dark"":0,""anima"":0,""status"":0}},""value"":{""damage"":0,""melee"":0,""critical"":0,""block"":0,""armor"":0,""resist"":{""omni"":0,""light"":0,""dark"":0,""anima"":0,""status"":0}}}}","{""bonus"":{""allure"":0,""charisma"":0,""libido"":0,""dominance"":0},""soiled"":{""blood"":0,""sweat"":0,""semen"":0,""urine"":0,""discharge"":0,""arousal"":0}}","{""prf"": ""Nils"", ""unequipped"": true, ""indestructible"": true}",{}
683,unequipped,uncovered,Nils,head,Nothing!,"{""itemType"":""unequipped"",""bonus"":{""chance"":{""parry"":0,""dodge"":0,""block"":0,""hit"":0,""critical"":0,""resist"":{""omni"":0,""light"":0,""dark"":0,""anima"":0,""status"":0}},""value"":{""damage"":0,""melee"":0,""critical"":0,""block"":0,""armor"":0,""resist"":{""omni"":0,""light"":0,""dark"":0,""anima"":0,""status"":0}}}}","{""bonus"":{""allure"":0,""charisma"":0,""libido"":0,""dominance"":0},""soiled"":{""blood"":0,""sweat"":0,""semen"":0,""urine"":0,""discharge"":0,""arousal"":0}}","{""prf"": ""Nils"", ""unequipped"": true, ""indestructible"": true}",{}
684,unequipped,bare,Nils,neck,Nothing!,"{""itemType"":""unequipped"",""bonus"":{""chance"":{""parry"":0,""dodge"":0,""block"":0,""hit"":0,""critical"":0,""resist"":{""omni"":0,""light"":0,""dark"":0,""anima"":0,""status"":0}},""value"":{""damage"":0,""melee"":0,""critical"":0,""block"":0,""armor"":0,""resist"":{""omni"":0,""light"":0,""dark"":0,""anima"":0,""status"":0}}}}","{""bonus"":{""allure"":0,""charisma"":0,""libido"":0,""dominance"":0},""soiled"":{""blood"":0,""sweat"":0,""semen"":0,""urine"":0,""discharge"":0,""arousal"":0}}","{""prf"": ""Nils"", ""unequipped"": true, ""indestructible"": true}",{}
685,unequipped,uncovered,Nils,shoulder,Nothing!,"{""itemType"":""unequipped"",""bonus"":{""chance"":{""parry"":0,""dodge"":0,""block"":0,""hit"":0,""critical"":0,""resist"":{""omni"":0,""light"":0,""dark"":0,""anima"":0,""status"":0}},""value"":{""damage"":0,""melee"":0,""critical"":0,""block"":0,""armor"":0,""resist"":{""omni"":0,""light"":0,""dark"":0,""anima"":0,""status"":0}}}}","{""bonus"":{""allure"":0,""charisma"":0,""libido"":0,""dominance"":0},""soiled"":{""blood"":0,""sweat"":0,""semen"":0,""urine"":0,""discharge"":0,""arousal"":0}}","{""prf"": ""Nils"", ""unequipped"": true, ""indestructible"": true}",{}
686,unequipped,bare,Nils,back,Nothing!,"{""itemType"":""unequipped"",""bonus"":{""chance"":{""parry"":0,""dodge"":0,""block"":0,""hit"":0,""critical"":0,""resist"":{""omni"":0,""light"":0,""dark"":0,""anima"":0,""status"":0}},""value"":{""damage"":0,""melee"":0,""critical"":0,""block"":0,""armor"":0,""resist"":{""omni"":0,""light"":0,""dark"":0,""anima"":0,""status"":0}}}}","{""bonus"":{""allure"":0,""charisma"":0,""libido"":0,""dominance"":0},""soiled"":{""blood"":0,""sweat"":0,""semen"":0,""urine"":0,""discharge"":0,""arousal"":0}}","{""prf"": ""Nils"", ""unequipped"": true, ""indestructible"": true}",{}
687,unequipped,uncovered,Nils,chest,Nothing!,"{""itemType"":""unequipped"",""bonus"":{""chance"":{""parry"":0,""dodge"":0,""block"":0,""hit"":0,""critical"":0,""resist"":{""omni"":0,""light"":0,""dark"":0,""anima"":0,""status"":0}},""value"":{""damage"":0,""melee"":0,""critical"":0,""block"":0,""armor"":0,""resist"":{""omni"":0,""light"":0,""dark"":0,""anima"":0,""status"":0}}}}","{""bonus"":{""allure"":0,""charisma"":0,""libido"":0,""dominance"":0},""soiled"":{""blood"":0,""sweat"":0,""semen"":0,""urine"":0,""discharge"":0,""arousal"":0}}","{""prf"": ""Nils"", ""unequipped"": true, ""indestructible"": true}",{}
688,unequipped,nude,Nils,shirt,Nothing!,"{""itemType"":""unequipped"",""bonus"":{""chance"":{""parry"":0,""dodge"":0,""block"":0,""hit"":0,""critical"":0,""resist"":{""omni"":0,""light"":0,""dark"":0,""anima"":0,""status"":0}},""value"":{""damage"":0,""melee"":0,""critical"":0,""block"":0,""armor"":0,""resist"":{""omni"":0,""light"":0,""dark"":0,""anima"":0,""status"":0}}}}","{""bonus"":{""allure"":0,""charisma"":0,""libido"":0,""dominance"":0},""soiled"":{""blood"":0,""sweat"":0,""semen"":0,""urine"":0,""discharge"":0,""arousal"":0}}","{""prf"": ""Nils"", ""unequipped"": true, ""indestructible"": true}",{}
689,unequipped,bare,Nils,wrist,Nothing!,"{""itemType"":""unequipped"",""bonus"":{""chance"":{""parry"":0,""dodge"":0,""block"":0,""hit"":0,""critical"":0,""resist"":{""omni"":0,""light"":0,""dark"":0,""anima"":0,""status"":0}},""value"":{""damage"":0,""melee"":0,""critical"":0,""block"":0,""armor"":0,""resist"":{""omni"":0,""light"":0,""dark"":0,""anima"":0,""status"":0}}}}","{""bonus"":{""allure"":0,""charisma"":0,""libido"":0,""dominance"":0},""soiled"":{""blood"":0,""sweat"":0,""semen"":0,""urine"":0,""discharge"":0,""arousal"":0}}","{""prf"": ""Nils"", ""unequipped"": true, ""indestructible"": true}",{}
690,unequipped,bare,Nils,hand,Nothing!,"{""itemType"":""unequipped"",""bonus"":{""chance"":{""parry"":0,""dodge"":0,""block"":0,""hit"":0,""critical"":0,""resist"":{""omni"":0,""light"":0,""dark"":0,""anima"":0,""status"":0}},""value"":{""damage"":0,""melee"":0,""critical"":0,""block"":0,""armor"":0,""resist"":{""omni"":0,""light"":0,""dark"":0,""anima"":0,""status"":0}}}}","{""bonus"":{""allure"":0,""charisma"":0,""libido"":0,""dominance"":0},""soiled"":{""blood"":0,""sweat"":0,""semen"":0,""urine"":0,""discharge"":0,""arousal"":0}}","{""prf"": ""Nils"", ""unequipped"": true, ""indestructible"": true}",{}
691,unequipped,empty,Nils,waist,Nothing!,"{""itemType"":""unequipped"",""bonus"":{""chance"":{""parry"":0,""dodge"":0,""block"":0,""hit"":0,""critical"":0,""resist"":{""omni"":0,""light"":0,""dark"":0,""anima"":0,""status"":0}},""value"":{""damage"":0,""melee"":0,""critical"":0,""block"":0,""armor"":0,""resist"":{""omni"":0,""light"":0,""dark"":0,""anima"":0,""status"":0}}}}","{""bonus"":{""allure"":0,""charisma"":0,""libido"":0,""dominance"":0},""soiled"":{""blood"":0,""sweat"":0,""semen"":0,""urine"":0,""discharge"":0,""arousal"":0}}","{""prf"": ""Nils"", ""unequipped"": true, ""indestructible"": true}",{}
692,unequipped,bare,Nils,leg,Nothing!,"{""itemType"":""unequipped"",""bonus"":{""chance"":{""parry"":0,""dodge"":0,""block"":0,""hit"":0,""critical"":0,""resist"":{""omni"":0,""light"":0,""dark"":0,""anima"":0,""status"":0}},""value"":{""damage"":0,""melee"":0,""critical"":0,""block"":0,""armor"":0,""resist"":{""omni"":0,""light"":0,""dark"":0,""anima"":0,""status"":0}}}}","{""bonus"":{""allure"":0,""charisma"":0,""libido"":0,""dominance"":0},""soiled"":{""blood"":0,""sweat"":0,""semen"":0,""urine"":0,""discharge"":0,""arousal"":0}}","{""prf"": ""Nils"", ""unequipped"": true, ""indestructible"": true}",{}
693,unequipped,bare,Nils,shin,Nothing!,"{""itemType"":""unequipped"",""bonus"":{""chance"":{""parry"":0,""dodge"":0,""block"":0,""hit"":0,""critical"":0,""resist"":{""omni"":0,""light"":0,""dark"":0,""anima"":0,""status"":0}},""value"":{""damage"":0,""melee"":0,""critical"":0,""block"":0,""armor"":0,""resist"":{""omni"":0,""light"":0,""dark"":0,""anima"":0,""status"":0}}}}","{""bonus"":{""allure"":0,""charisma"":0,""libido"":0,""dominance"":0},""soiled"":{""blood"":0,""sweat"":0,""semen"":0,""urine"":0,""discharge"":0,""arousal"":0}}","{""prf"": ""Nils"", ""unequipped"": true, ""indestructible"": true}",{}
694,unequipped,bare,Nils,foot,Nothing!,"{""itemType"":""unequipped"",""bonus"":{""chance"":{""parry"":0,""dodge"":0,""block"":0,""hit"":0,""critical"":0,""resist"":{""omni"":0,""light"":0,""dark"":0,""anima"":0,""status"":0}},""value"":{""damage"":0,""melee"":0,""critical"":0,""block"":0,""armor"":0,""resist"":{""omni"":0,""light"":0,""dark"":0,""anima"":0,""status"":0}}}}","{""bonus"":{""allure"":0,""charisma"":0,""libido"":0,""dominance"":0},""soiled"":{""blood"":0,""sweat"":0,""semen"":0,""urine"":0,""discharge"":0,""arousal"":0}}","{""prf"": ""Nils"", ""unequipped"": true, ""indestructible"": true}",{}
695,unequipped,empty,Nils,ring1,Nothing!,"{""itemType"":""unequipped"",""bonus"":{""chance"":{""parry"":0,""dodge"":0,""block"":0,""hit"":0,""critical"":0,""resist"":{""omni"":0,""light"":0,""dark"":0,""anima"":0,""status"":0}},""value"":{""damage"":0,""melee"":0,""critical"":0,""block"":0,""armor"":0,""resist"":{""omni"":0,""light"":0,""dark"":0,""anima"":0,""status"":0}}}}","{""bonus"":{""allure"":0,""charisma"":0,""libido"":0,""dominance"":0},""soiled"":{""blood"":0,""sweat"":0,""semen"":0,""urine"":0,""discharge"":0,""arousal"":0}}","{""prf"": ""Nils"", ""unequipped"": true, ""indestructible"": true}",{}
696,unequipped,empty,Nils,ring2,Nothing!,"{""itemType"":""unequipped"",""bonus"":{""chance"":{""parry"":0,""dodge"":0,""block"":0,""hit"":0,""critical"":0,""resist"":{""omni"":0,""light"":0,""dark"":0,""anima"":0,""status"":0}},""value"":{""damage"":0,""melee"":0,""critical"":0,""block"":0,""armor"":0,""resist"":{""omni"":0,""light"":0,""dark"":0,""anima"":0,""status"":0}}}}","{""bonus"":{""allure"":0,""charisma"":0,""libido"":0,""dominance"":0},""soiled"":{""blood"":0,""sweat"":0,""semen"":0,""urine"":0,""discharge"":0,""arousal"":0}}","{""prf"": ""Nils"", ""unequipped"": true, ""indestructible"": true}",{}
697,unequipped,empty,Nils,trinket1,Nothing!,"{""itemType"":""unequipped"",""bonus"":{""chance"":{""parry"":0,""dodge"":0,""block"":0,""hit"":0,""critical"":0,""resist"":{""omni"":0,""light"":0,""dark"":0,""anima"":0,""status"":0}},""value"":{""damage"":0,""melee"":0,""critical"":0,""block"":0,""armor"":0,""resist"":{""omni"":0,""light"":0,""dark"":0,""anima"":0,""status"":0}}}}","{""bonus"":{""allure"":0,""charisma"":0,""libido"":0,""dominance"":0},""soiled"":{""blood"":0,""sweat"":0,""semen"":0,""urine"":0,""discharge"":0,""arousal"":0}}","{""prf"": ""Nils"", ""unequipped"": true, ""indestructible"": true}",{}
698,unequipped,empty,Nils,trinket2,Nothing!,"{""itemType"":""unequipped"",""bonus"":{""chance"":{""parry"":0,""dodge"":0,""block"":0,""hit"":0,""critical"":0,""resist"":{""omni"":0,""light"":0,""dark"":0,""anima"":0,""status"":0}},""value"":{""damage"":0,""melee"":0,""critical"":0,""block"":0,""armor"":0,""resist"":{""omni"":0,""light"":0,""dark"":0,""anima"":0,""status"":0}}}}","{""bonus"":{""allure"":0,""charisma"":0,""libido"":0,""dominance"":0},""soiled"":{""blood"":0,""sweat"":0,""semen"":0,""urine"":0,""discharge"":0,""arousal"":0}}","{""prf"": ""Nils"", ""unequipped"": true, ""indestructible"": true}",{}
699,weapon,empty,Nils,mainhand,Emptyhanded,"{""weaponType"":""kick"",""material"":""body"",""bonus"":{""chance"":{""parry"":0,""dodge"":0,""block"":0,""hit"":0,""critical"":0},""value"":{""block"":0,""damage"":0,""critical"":0,""effectiveMultiplier"":1}},""durability"":1}","{""bonus"":{""allure"":0,""charisma"":0,""libido"":0,""dominance"":0}        }","{""prf"": ""Nils"", ""unequipped"": true, ""indestructible"": true}",{}
700,unequipped,nude,Ninian,undershirt,Milky white breasts.,"{""itemType"":""unequipped"",""bonus"":{""chance"":{""parry"":0,""dodge"":0,""block"":0,""hit"":0,""critical"":0,""resist"":{""omni"":0,""light"":0,""dark"":0,""anima"":0,""status"":0}},""value"":{""damage"":0,""melee"":0,""critical"":0,""block"":0,""armor"":0,""resist"":{""omni"":0,""light"":0,""dark"":0,""anima"":0,""status"":0}}}}","{""bonus"":{""allure"":0,""charisma"":0,""libido"":0,""dominance"":0},""soiled"":{""blood"":0,""sweat"":0,""semen"":0,""urine"":0,""discharge"":0,""arousal"":0}}","{""prf"": ""Ninian"", ""unequipped"": true, ""indestructible"": true}",{}
701,unequipped,nude,Ninian,underwear,Nothing!,"{""itemType"":""unequipped"",""bonus"":{""chance"":{""parry"":0,""dodge"":0,""block"":0,""hit"":0,""critical"":0,""resist"":{""omni"":0,""light"":0,""dark"":0,""anima"":0,""status"":0}},""value"":{""damage"":0,""melee"":0,""critical"":0,""block"":0,""armor"":0,""resist"":{""omni"":0,""light"":0,""dark"":0,""anima"":0,""status"":0}}}}","{""bonus"":{""allure"":0,""charisma"":0,""libido"":0,""dominance"":0},""soiled"":{""blood"":0,""sweat"":0,""semen"":0,""urine"":0,""discharge"":0,""arousal"":0}}","{""prf"": ""Ninian"", ""unequipped"": true, ""indestructible"": true}",{}
702,unequipped,empty,Ninian,offhand,Nothing!,"{""itemType"":""unequipped"",""bonus"":{""chance"":{""parry"":0,""dodge"":0,""block"":0,""hit"":0,""critical"":0,""resist"":{""omni"":0,""light"":0,""dark"":0,""anima"":0,""status"":0}},""value"":{""damage"":0,""melee"":0,""critical"":0,""block"":0,""armor"":0,""resist"":{""omni"":0,""light"":0,""dark"":0,""anima"":0,""status"":0}}}}","{""bonus"":{""allure"":0,""charisma"":0,""libido"":0,""dominance"":0},""soiled"":{""blood"":0,""sweat"":0,""semen"":0,""urine"":0,""discharge"":0,""arousal"":0}}","{""prf"": ""Ninian"", ""unequipped"": true, ""indestructible"": true}",{}
703,unequipped,uncovered,Ninian,head,Nothing!,"{""itemType"":""unequipped"",""bonus"":{""chance"":{""parry"":0,""dodge"":0,""block"":0,""hit"":0,""critical"":0,""resist"":{""omni"":0,""light"":0,""dark"":0,""anima"":0,""status"":0}},""value"":{""damage"":0,""melee"":0,""critical"":0,""block"":0,""armor"":0,""resist"":{""omni"":0,""light"":0,""dark"":0,""anima"":0,""status"":0}}}}","{""bonus"":{""allure"":0,""charisma"":0,""libido"":0,""dominance"":0},""soiled"":{""blood"":0,""sweat"":0,""semen"":0,""urine"":0,""discharge"":0,""arousal"":0}}","{""prf"": ""Ninian"", ""unequipped"": true, ""indestructible"": true}",{}
704,unequipped,bare,Ninian,neck,Nothing!,"{""itemType"":""unequipped"",""bonus"":{""chance"":{""parry"":0,""dodge"":0,""block"":0,""hit"":0,""critical"":0,""resist"":{""omni"":0,""light"":0,""dark"":0,""anima"":0,""status"":0}},""value"":{""damage"":0,""melee"":0,""critical"":0,""block"":0,""armor"":0,""resist"":{""omni"":0,""light"":0,""dark"":0,""anima"":0,""status"":0}}}}","{""bonus"":{""allure"":0,""charisma"":0,""libido"":0,""dominance"":0},""soiled"":{""blood"":0,""sweat"":0,""semen"":0,""urine"":0,""discharge"":0,""arousal"":0}}","{""prf"": ""Ninian"", ""unequipped"": true, ""indestructible"": true}",{}
705,unequipped,uncovered,Ninian,shoulder,Nothing!,"{""itemType"":""unequipped"",""bonus"":{""chance"":{""parry"":0,""dodge"":0,""block"":0,""hit"":0,""critical"":0,""resist"":{""omni"":0,""light"":0,""dark"":0,""anima"":0,""status"":0}},""value"":{""damage"":0,""melee"":0,""critical"":0,""block"":0,""armor"":0,""resist"":{""omni"":0,""light"":0,""dark"":0,""anima"":0,""status"":0}}}}","{""bonus"":{""allure"":0,""charisma"":0,""libido"":0,""dominance"":0},""soiled"":{""blood"":0,""sweat"":0,""semen"":0,""urine"":0,""discharge"":0,""arousal"":0}}","{""prf"": ""Ninian"", ""unequipped"": true, ""indestructible"": true}",{}
706,unequipped,uncovered,Ninian,chest,Nothing!,"{""itemType"":""unequipped"",""bonus"":{""chance"":{""parry"":0,""dodge"":0,""block"":0,""hit"":0,""critical"":0,""resist"":{""omni"":0,""light"":0,""dark"":0,""anima"":0,""status"":0}},""value"":{""damage"":0,""melee"":0,""critical"":0,""block"":0,""armor"":0,""resist"":{""omni"":0,""light"":0,""dark"":0,""anima"":0,""status"":0}}}}","{""bonus"":{""allure"":0,""charisma"":0,""libido"":0,""dominance"":0},""soiled"":{""blood"":0,""sweat"":0,""semen"":0,""urine"":0,""discharge"":0,""arousal"":0}}","{""prf"": ""Ninian"", ""unequipped"": true, ""indestructible"": true}",{}
707,unequipped,bare,Ninian,back,Nothing!,"{""itemType"":""unequipped"",""bonus"":{""chance"":{""parry"":0,""dodge"":0,""block"":0,""hit"":0,""critical"":0,""resist"":{""omni"":0,""light"":0,""dark"":0,""anima"":0,""status"":0}},""value"":{""damage"":0,""melee"":0,""critical"":0,""block"":0,""armor"":0,""resist"":{""omni"":0,""light"":0,""dark"":0,""anima"":0,""status"":0}}}}","{""bonus"":{""allure"":0,""charisma"":0,""libido"":0,""dominance"":0},""soiled"":{""blood"":0,""sweat"":0,""semen"":0,""urine"":0,""discharge"":0,""arousal"":0}}","{""prf"": ""Ninian"", ""unequipped"": true, ""indestructible"": true}",{}
708,unequipped,nude,Ninian,shirt,Nothing!,"{""itemType"":""unequipped"",""bonus"":{""chance"":{""parry"":0,""dodge"":0,""block"":0,""hit"":0,""critical"":0,""resist"":{""omni"":0,""light"":0,""dark"":0,""anima"":0,""status"":0}},""value"":{""damage"":0,""melee"":0,""critical"":0,""block"":0,""armor"":0,""resist"":{""omni"":0,""light"":0,""dark"":0,""anima"":0,""status"":0}}}}","{""bonus"":{""allure"":0,""charisma"":0,""libido"":0,""dominance"":0},""soiled"":{""blood"":0,""sweat"":0,""semen"":0,""urine"":0,""discharge"":0,""arousal"":0}}","{""prf"": ""Ninian"", ""unequipped"": true, ""indestructible"": true}",{}
709,unequipped,bare,Ninian,wrist,Nothing!,"{""itemType"":""unequipped"",""bonus"":{""chance"":{""parry"":0,""dodge"":0,""block"":0,""hit"":0,""critical"":0,""resist"":{""omni"":0,""light"":0,""dark"":0,""anima"":0,""status"":0}},""value"":{""damage"":0,""melee"":0,""critical"":0,""block"":0,""armor"":0,""resist"":{""omni"":0,""light"":0,""dark"":0,""anima"":0,""status"":0}}}}","{""bonus"":{""allure"":0,""charisma"":0,""libido"":0,""dominance"":0},""soiled"":{""blood"":0,""sweat"":0,""semen"":0,""urine"":0,""discharge"":0,""arousal"":0}}","{""prf"": ""Ninian"", ""unequipped"": true, ""indestructible"": true}",{}
710,unequipped,bare,Ninian,hand,Nothing!,"{""itemType"":""unequipped"",""bonus"":{""chance"":{""parry"":0,""dodge"":0,""block"":0,""hit"":0,""critical"":0,""resist"":{""omni"":0,""light"":0,""dark"":0,""anima"":0,""status"":0}},""value"":{""damage"":0,""melee"":0,""critical"":0,""block"":0,""armor"":0,""resist"":{""omni"":0,""light"":0,""dark"":0,""anima"":0,""status"":0}}}}","{""bonus"":{""allure"":0,""charisma"":0,""libido"":0,""dominance"":0},""soiled"":{""blood"":0,""sweat"":0,""semen"":0,""urine"":0,""discharge"":0,""arousal"":0}}","{""prf"": ""Ninian"", ""unequipped"": true, ""indestructible"": true}",{}
711,unequipped,empty,Ninian,waist,Nothing!,"{""itemType"":""unequipped"",""bonus"":{""chance"":{""parry"":0,""dodge"":0,""block"":0,""hit"":0,""critical"":0,""resist"":{""omni"":0,""light"":0,""dark"":0,""anima"":0,""status"":0}},""value"":{""damage"":0,""melee"":0,""critical"":0,""block"":0,""armor"":0,""resist"":{""omni"":0,""light"":0,""dark"":0,""anima"":0,""status"":0}}}}","{""bonus"":{""allure"":0,""charisma"":0,""libido"":0,""dominance"":0},""soiled"":{""blood"":0,""sweat"":0,""semen"":0,""urine"":0,""discharge"":0,""arousal"":0}}","{""prf"": ""Ninian"", ""unequipped"": true, ""indestructible"": true}",{}
712,unequipped,bare,Ninian,leg,Nothing!,"{""itemType"":""unequipped"",""bonus"":{""chance"":{""parry"":0,""dodge"":0,""block"":0,""hit"":0,""critical"":0,""resist"":{""omni"":0,""light"":0,""dark"":0,""anima"":0,""status"":0}},""value"":{""damage"":0,""melee"":0,""critical"":0,""block"":0,""armor"":0,""resist"":{""omni"":0,""light"":0,""dark"":0,""anima"":0,""status"":0}}}}","{""bonus"":{""allure"":0,""charisma"":0,""libido"":0,""dominance"":0},""soiled"":{""blood"":0,""sweat"":0,""semen"":0,""urine"":0,""discharge"":0,""arousal"":0}}","{""prf"": ""Ninian"", ""unequipped"": true, ""indestructible"": true}",{}
713,unequipped,bare,Ninian,shin,Nothing!,"{""itemType"":""unequipped"",""bonus"":{""chance"":{""parry"":0,""dodge"":0,""block"":0,""hit"":0,""critical"":0,""resist"":{""omni"":0,""light"":0,""dark"":0,""anima"":0,""status"":0}},""value"":{""damage"":0,""melee"":0,""critical"":0,""block"":0,""armor"":0,""resist"":{""omni"":0,""light"":0,""dark"":0,""anima"":0,""status"":0}}}}","{""bonus"":{""allure"":0,""charisma"":0,""libido"":0,""dominance"":0},""soiled"":{""blood"":0,""sweat"":0,""semen"":0,""urine"":0,""discharge"":0,""arousal"":0}}","{""prf"": ""Ninian"", ""unequipped"": true, ""indestructible"": true}",{}
714,unequipped,bare,Ninian,foot,Nothing!,"{""itemType"":""unequipped"",""bonus"":{""chance"":{""parry"":0,""dodge"":0,""block"":0,""hit"":0,""critical"":0,""resist"":{""omni"":0,""light"":0,""dark"":0,""anima"":0,""status"":0}},""value"":{""damage"":0,""melee"":0,""critical"":0,""block"":0,""armor"":0,""resist"":{""omni"":0,""light"":0,""dark"":0,""anima"":0,""status"":0}}}}","{""bonus"":{""allure"":0,""charisma"":0,""libido"":0,""dominance"":0},""soiled"":{""blood"":0,""sweat"":0,""semen"":0,""urine"":0,""discharge"":0,""arousal"":0}}","{""prf"": ""Ninian"", ""unequipped"": true, ""indestructible"": true}",{}
715,unequipped,empty,Ninian,ring1,Nothing!,"{""itemType"":""unequipped"",""bonus"":{""chance"":{""parry"":0,""dodge"":0,""block"":0,""hit"":0,""critical"":0,""resist"":{""omni"":0,""light"":0,""dark"":0,""anima"":0,""status"":0}},""value"":{""damage"":0,""melee"":0,""critical"":0,""block"":0,""armor"":0,""resist"":{""omni"":0,""light"":0,""dark"":0,""anima"":0,""status"":0}}}}","{""bonus"":{""allure"":0,""charisma"":0,""libido"":0,""dominance"":0},""soiled"":{""blood"":0,""sweat"":0,""semen"":0,""urine"":0,""discharge"":0,""arousal"":0}}","{""prf"": ""Ninian"", ""unequipped"": true, ""indestructible"": true}",{}
716,unequipped,empty,Ninian,ring2,Nothing!,"{""itemType"":""unequipped"",""bonus"":{""chance"":{""parry"":0,""dodge"":0,""block"":0,""hit"":0,""critical"":0,""resist"":{""omni"":0,""light"":0,""dark"":0,""anima"":0,""status"":0}},""value"":{""damage"":0,""melee"":0,""critical"":0,""block"":0,""armor"":0,""resist"":{""omni"":0,""light"":0,""dark"":0,""anima"":0,""status"":0}}}}","{""bonus"":{""allure"":0,""charisma"":0,""libido"":0,""dominance"":0},""soiled"":{""blood"":0,""sweat"":0,""semen"":0,""urine"":0,""discharge"":0,""arousal"":0}}","{""prf"": ""Ninian"", ""unequipped"": true, ""indestructible"": true}",{}
717,unequipped,empty,Ninian,trinket1,Nothing!,"{""itemType"":""unequipped"",""bonus"":{""chance"":{""parry"":0,""dodge"":0,""block"":0,""hit"":0,""critical"":0,""resist"":{""omni"":0,""light"":0,""dark"":0,""anima"":0,""status"":0}},""value"":{""damage"":0,""melee"":0,""critical"":0,""block"":0,""armor"":0,""resist"":{""omni"":0,""light"":0,""dark"":0,""anima"":0,""status"":0}}}}","{""bonus"":{""allure"":0,""charisma"":0,""libido"":0,""dominance"":0},""soiled"":{""blood"":0,""sweat"":0,""semen"":0,""urine"":0,""discharge"":0,""arousal"":0}}","{""prf"": ""Ninian"", ""unequipped"": true, ""indestructible"": true}",{}
718,unequipped,empty,Ninian,trinket2,Nothing!,"{""itemType"":""unequipped"",""bonus"":{""chance"":{""parry"":0,""dodge"":0,""block"":0,""hit"":0,""critical"":0,""resist"":{""omni"":0,""light"":0,""dark"":0,""anima"":0,""status"":0}},""value"":{""damage"":0,""melee"":0,""critical"":0,""block"":0,""armor"":0,""resist"":{""omni"":0,""light"":0,""dark"":0,""anima"":0,""status"":0}}}}","{""bonus"":{""allure"":0,""charisma"":0,""libido"":0,""dominance"":0},""soiled"":{""blood"":0,""sweat"":0,""semen"":0,""urine"":0,""discharge"":0,""arousal"":0}}","{""prf"": ""Ninian"", ""unequipped"": true, ""indestructible"": true}",{}
719,weapon,empty,Ninian,mainhand,Emptyhanded,"{""weaponType"":""scratch"",""material"":""body"",""bonus"":{""chance"":{""parry"":0,""dodge"":0,""block"":0,""hit"":0,""critical"":0},""value"":{""block"":0,""damage"":0,""critical"":0,""effectiveMultiplier"":1}},""durability"":1}","{""bonus"":{""allure"":0,""charisma"":0,""libido"":0,""dominance"":0}        }","{""prf"": ""Ninian"", ""unequipped"": true, ""indestructible"": true}",{}
720,unequipped,nude,Rath,undershirt,A bare male chest.,"{""itemType"":""unequipped"",""bonus"":{""chance"":{""parry"":0,""dodge"":0,""block"":0,""hit"":0,""critical"":0,""resist"":{""omni"":0,""light"":0,""dark"":0,""anima"":0,""status"":0}},""value"":{""damage"":0,""melee"":0,""critical"":0,""block"":0,""armor"":0,""resist"":{""omni"":0,""light"":0,""dark"":0,""anima"":0,""status"":0}}}}","{""bonus"":{""allure"":0,""charisma"":0,""libido"":0,""dominance"":0},""soiled"":{""blood"":0,""sweat"":0,""semen"":0,""urine"":0,""discharge"":0,""arousal"":0}}","{""prf"": ""Rath"", ""unequipped"": true, ""indestructible"": true}",{}
721,unequipped,nude,Rath,underwear,Nothing!,"{""itemType"":""unequipped"",""bonus"":{""chance"":{""parry"":0,""dodge"":0,""block"":0,""hit"":0,""critical"":0,""resist"":{""omni"":0,""light"":0,""dark"":0,""anima"":0,""status"":0}},""value"":{""damage"":0,""melee"":0,""critical"":0,""block"":0,""armor"":0,""resist"":{""omni"":0,""light"":0,""dark"":0,""anima"":0,""status"":0}}}}","{""bonus"":{""allure"":0,""charisma"":0,""libido"":0,""dominance"":0},""soiled"":{""blood"":0,""sweat"":0,""semen"":0,""urine"":0,""discharge"":0,""arousal"":0}}","{""prf"": ""Rath"", ""unequipped"": true, ""indestructible"": true}",{}
722,unequipped,empty,Rath,offhand,Nothing!,"{""itemType"":""unequipped"",""bonus"":{""chance"":{""parry"":0,""dodge"":0,""block"":0,""hit"":0,""critical"":0,""resist"":{""omni"":0,""light"":0,""dark"":0,""anima"":0,""status"":0}},""value"":{""damage"":0,""melee"":0,""critical"":0,""block"":0,""armor"":0,""resist"":{""omni"":0,""light"":0,""dark"":0,""anima"":0,""status"":0}}}}","{""bonus"":{""allure"":0,""charisma"":0,""libido"":0,""dominance"":0},""soiled"":{""blood"":0,""sweat"":0,""semen"":0,""urine"":0,""discharge"":0,""arousal"":0}}","{""prf"": ""Rath"", ""unequipped"": true, ""indestructible"": true}",{}
723,unequipped,uncovered,Rath,head,Nothing!,"{""itemType"":""unequipped"",""bonus"":{""chance"":{""parry"":0,""dodge"":0,""block"":0,""hit"":0,""critical"":0,""resist"":{""omni"":0,""light"":0,""dark"":0,""anima"":0,""status"":0}},""value"":{""damage"":0,""melee"":0,""critical"":0,""block"":0,""armor"":0,""resist"":{""omni"":0,""light"":0,""dark"":0,""anima"":0,""status"":0}}}}","{""bonus"":{""allure"":0,""charisma"":0,""libido"":0,""dominance"":0},""soiled"":{""blood"":0,""sweat"":0,""semen"":0,""urine"":0,""discharge"":0,""arousal"":0}}","{""prf"": ""Rath"", ""unequipped"": true, ""indestructible"": true}",{}
724,unequipped,bare,Rath,neck,Nothing!,"{""itemType"":""unequipped"",""bonus"":{""chance"":{""parry"":0,""dodge"":0,""block"":0,""hit"":0,""critical"":0,""resist"":{""omni"":0,""light"":0,""dark"":0,""anima"":0,""status"":0}},""value"":{""damage"":0,""melee"":0,""critical"":0,""block"":0,""armor"":0,""resist"":{""omni"":0,""light"":0,""dark"":0,""anima"":0,""status"":0}}}}","{""bonus"":{""allure"":0,""charisma"":0,""libido"":0,""dominance"":0},""soiled"":{""blood"":0,""sweat"":0,""semen"":0,""urine"":0,""discharge"":0,""arousal"":0}}","{""prf"": ""Rath"", ""unequipped"": true, ""indestructible"": true}",{}
725,unequipped,uncovered,Rath,shoulder,Nothing!,"{""itemType"":""unequipped"",""bonus"":{""chance"":{""parry"":0,""dodge"":0,""block"":0,""hit"":0,""critical"":0,""resist"":{""omni"":0,""light"":0,""dark"":0,""anima"":0,""status"":0}},""value"":{""damage"":0,""melee"":0,""critical"":0,""block"":0,""armor"":0,""resist"":{""omni"":0,""light"":0,""dark"":0,""anima"":0,""status"":0}}}}","{""bonus"":{""allure"":0,""charisma"":0,""libido"":0,""dominance"":0},""soiled"":{""blood"":0,""sweat"":0,""semen"":0,""urine"":0,""discharge"":0,""arousal"":0}}","{""prf"": ""Rath"", ""unequipped"": true, ""indestructible"": true}",{}
726,unequipped,bare,Rath,back,Nothing!,"{""itemType"":""unequipped"",""bonus"":{""chance"":{""parry"":0,""dodge"":0,""block"":0,""hit"":0,""critical"":0,""resist"":{""omni"":0,""light"":0,""dark"":0,""anima"":0,""status"":0}},""value"":{""damage"":0,""melee"":0,""critical"":0,""block"":0,""armor"":0,""resist"":{""omni"":0,""light"":0,""dark"":0,""anima"":0,""status"":0}}}}","{""bonus"":{""allure"":0,""charisma"":0,""libido"":0,""dominance"":0},""soiled"":{""blood"":0,""sweat"":0,""semen"":0,""urine"":0,""discharge"":0,""arousal"":0}}","{""prf"": ""Rath"", ""unequipped"": true, ""indestructible"": true}",{}
727,unequipped,uncovered,Rath,chest,Nothing!,"{""itemType"":""unequipped"",""bonus"":{""chance"":{""parry"":0,""dodge"":0,""block"":0,""hit"":0,""critical"":0,""resist"":{""omni"":0,""light"":0,""dark"":0,""anima"":0,""status"":0}},""value"":{""damage"":0,""melee"":0,""critical"":0,""block"":0,""armor"":0,""resist"":{""omni"":0,""light"":0,""dark"":0,""anima"":0,""status"":0}}}}","{""bonus"":{""allure"":0,""charisma"":0,""libido"":0,""dominance"":0},""soiled"":{""blood"":0,""sweat"":0,""semen"":0,""urine"":0,""discharge"":0,""arousal"":0}}","{""prf"": ""Rath"", ""unequipped"": true, ""indestructible"": true}",{}
728,unequipped,nude,Rath,shirt,Nothing!,"{""itemType"":""unequipped"",""bonus"":{""chance"":{""parry"":0,""dodge"":0,""block"":0,""hit"":0,""critical"":0,""resist"":{""omni"":0,""light"":0,""dark"":0,""anima"":0,""status"":0}},""value"":{""damage"":0,""melee"":0,""critical"":0,""block"":0,""armor"":0,""resist"":{""omni"":0,""light"":0,""dark"":0,""anima"":0,""status"":0}}}}","{""bonus"":{""allure"":0,""charisma"":0,""libido"":0,""dominance"":0},""soiled"":{""blood"":0,""sweat"":0,""semen"":0,""urine"":0,""discharge"":0,""arousal"":0}}","{""prf"": ""Rath"", ""unequipped"": true, ""indestructible"": true}",{}
729,unequipped,bare,Rath,wrist,Nothing!,"{""itemType"":""unequipped"",""bonus"":{""chance"":{""parry"":0,""dodge"":0,""block"":0,""hit"":0,""critical"":0,""resist"":{""omni"":0,""light"":0,""dark"":0,""anima"":0,""status"":0}},""value"":{""damage"":0,""melee"":0,""critical"":0,""block"":0,""armor"":0,""resist"":{""omni"":0,""light"":0,""dark"":0,""anima"":0,""status"":0}}}}","{""bonus"":{""allure"":0,""charisma"":0,""libido"":0,""dominance"":0},""soiled"":{""blood"":0,""sweat"":0,""semen"":0,""urine"":0,""discharge"":0,""arousal"":0}}","{""prf"": ""Rath"", ""unequipped"": true, ""indestructible"": true}",{}
730,unequipped,bare,Rath,hand,Nothing!,"{""itemType"":""unequipped"",""bonus"":{""chance"":{""parry"":0,""dodge"":0,""block"":0,""hit"":0,""critical"":0,""resist"":{""omni"":0,""light"":0,""dark"":0,""anima"":0,""status"":0}},""value"":{""damage"":0,""melee"":0,""critical"":0,""block"":0,""armor"":0,""resist"":{""omni"":0,""light"":0,""dark"":0,""anima"":0,""status"":0}}}}","{""bonus"":{""allure"":0,""charisma"":0,""libido"":0,""dominance"":0},""soiled"":{""blood"":0,""sweat"":0,""semen"":0,""urine"":0,""discharge"":0,""arousal"":0}}","{""prf"": ""Rath"", ""unequipped"": true, ""indestructible"": true}",{}
731,unequipped,empty,Rath,waist,Nothing!,"{""itemType"":""unequipped"",""bonus"":{""chance"":{""parry"":0,""dodge"":0,""block"":0,""hit"":0,""critical"":0,""resist"":{""omni"":0,""light"":0,""dark"":0,""anima"":0,""status"":0}},""value"":{""damage"":0,""melee"":0,""critical"":0,""block"":0,""armor"":0,""resist"":{""omni"":0,""light"":0,""dark"":0,""anima"":0,""status"":0}}}}","{""bonus"":{""allure"":0,""charisma"":0,""libido"":0,""dominance"":0},""soiled"":{""blood"":0,""sweat"":0,""semen"":0,""urine"":0,""discharge"":0,""arousal"":0}}","{""prf"": ""Rath"", ""unequipped"": true, ""indestructible"": true}",{}
732,unequipped,bare,Rath,leg,Nothing!,"{""itemType"":""unequipped"",""bonus"":{""chance"":{""parry"":0,""dodge"":0,""block"":0,""hit"":0,""critical"":0,""resist"":{""omni"":0,""light"":0,""dark"":0,""anima"":0,""status"":0}},""value"":{""damage"":0,""melee"":0,""critical"":0,""block"":0,""armor"":0,""resist"":{""omni"":0,""light"":0,""dark"":0,""anima"":0,""status"":0}}}}","{""bonus"":{""allure"":0,""charisma"":0,""libido"":0,""dominance"":0},""soiled"":{""blood"":0,""sweat"":0,""semen"":0,""urine"":0,""discharge"":0,""arousal"":0}}","{""prf"": ""Rath"", ""unequipped"": true, ""indestructible"": true}",{}
733,unequipped,bare,Rath,shin,Nothing!,"{""itemType"":""unequipped"",""bonus"":{""chance"":{""parry"":0,""dodge"":0,""block"":0,""hit"":0,""critical"":0,""resist"":{""omni"":0,""light"":0,""dark"":0,""anima"":0,""status"":0}},""value"":{""damage"":0,""melee"":0,""critical"":0,""block"":0,""armor"":0,""resist"":{""omni"":0,""light"":0,""dark"":0,""anima"":0,""status"":0}}}}","{""bonus"":{""allure"":0,""charisma"":0,""libido"":0,""dominance"":0},""soiled"":{""blood"":0,""sweat"":0,""semen"":0,""urine"":0,""discharge"":0,""arousal"":0}}","{""prf"": ""Rath"", ""unequipped"": true, ""indestructible"": true}",{}
734,unequipped,bare,Rath,foot,Nothing!,"{""itemType"":""unequipped"",""bonus"":{""chance"":{""parry"":0,""dodge"":0,""block"":0,""hit"":0,""critical"":0,""resist"":{""omni"":0,""light"":0,""dark"":0,""anima"":0,""status"":0}},""value"":{""damage"":0,""melee"":0,""critical"":0,""block"":0,""armor"":0,""resist"":{""omni"":0,""light"":0,""dark"":0,""anima"":0,""status"":0}}}}","{""bonus"":{""allure"":0,""charisma"":0,""libido"":0,""dominance"":0},""soiled"":{""blood"":0,""sweat"":0,""semen"":0,""urine"":0,""discharge"":0,""arousal"":0}}","{""prf"": ""Rath"", ""unequipped"": true, ""indestructible"": true}",{}
735,unequipped,empty,Rath,ring1,Nothing!,"{""itemType"":""unequipped"",""bonus"":{""chance"":{""parry"":0,""dodge"":0,""block"":0,""hit"":0,""critical"":0,""resist"":{""omni"":0,""light"":0,""dark"":0,""anima"":0,""status"":0}},""value"":{""damage"":0,""melee"":0,""critical"":0,""block"":0,""armor"":0,""resist"":{""omni"":0,""light"":0,""dark"":0,""anima"":0,""status"":0}}}}","{""bonus"":{""allure"":0,""charisma"":0,""libido"":0,""dominance"":0},""soiled"":{""blood"":0,""sweat"":0,""semen"":0,""urine"":0,""discharge"":0,""arousal"":0}}","{""prf"": ""Rath"", ""unequipped"": true, ""indestructible"": true}",{}
736,unequipped,empty,Rath,ring2,Nothing!,"{""itemType"":""unequipped"",""bonus"":{""chance"":{""parry"":0,""dodge"":0,""block"":0,""hit"":0,""critical"":0,""resist"":{""omni"":0,""light"":0,""dark"":0,""anima"":0,""status"":0}},""value"":{""damage"":0,""melee"":0,""critical"":0,""block"":0,""armor"":0,""resist"":{""omni"":0,""light"":0,""dark"":0,""anima"":0,""status"":0}}}}","{""bonus"":{""allure"":0,""charisma"":0,""libido"":0,""dominance"":0},""soiled"":{""blood"":0,""sweat"":0,""semen"":0,""urine"":0,""discharge"":0,""arousal"":0}}","{""prf"": ""Rath"", ""unequipped"": true, ""indestructible"": true}",{}
737,unequipped,empty,Rath,trinket1,Nothing!,"{""itemType"":""unequipped"",""bonus"":{""chance"":{""parry"":0,""dodge"":0,""block"":0,""hit"":0,""critical"":0,""resist"":{""omni"":0,""light"":0,""dark"":0,""anima"":0,""status"":0}},""value"":{""damage"":0,""melee"":0,""critical"":0,""block"":0,""armor"":0,""resist"":{""omni"":0,""light"":0,""dark"":0,""anima"":0,""status"":0}}}}","{""bonus"":{""allure"":0,""charisma"":0,""libido"":0,""dominance"":0},""soiled"":{""blood"":0,""sweat"":0,""semen"":0,""urine"":0,""discharge"":0,""arousal"":0}}","{""prf"": ""Rath"", ""unequipped"": true, ""indestructible"": true}",{}
738,unequipped,empty,Rath,trinket2,Nothing!,"{""itemType"":""unequipped"",""bonus"":{""chance"":{""parry"":0,""dodge"":0,""block"":0,""hit"":0,""critical"":0,""resist"":{""omni"":0,""light"":0,""dark"":0,""anima"":0,""status"":0}},""value"":{""damage"":0,""melee"":0,""critical"":0,""block"":0,""armor"":0,""resist"":{""omni"":0,""light"":0,""dark"":0,""anima"":0,""status"":0}}}}","{""bonus"":{""allure"":0,""charisma"":0,""libido"":0,""dominance"":0},""soiled"":{""blood"":0,""sweat"":0,""semen"":0,""urine"":0,""discharge"":0,""arousal"":0}}","{""prf"": ""Rath"", ""unequipped"": true, ""indestructible"": true}",{}
739,weapon,empty,Rath,mainhand,Emptyhanded,"{""weaponType"":""kick"",""material"":""body"",""bonus"":{""chance"":{""parry"":0,""dodge"":0,""block"":0,""hit"":0,""critical"":0},""value"":{""block"":0,""damage"":0,""critical"":0,""effectiveMultiplier"":1}},""durability"":1}","{""bonus"":{""allure"":0,""charisma"":0,""libido"":0,""dominance"":0}        }","{""prf"": ""Rath"", ""unequipped"": true, ""indestructible"": true}",{}
740,unequipped,nude,Sain,undershirt,A bare male chest.,"{""itemType"":""unequipped"",""bonus"":{""chance"":{""parry"":0,""dodge"":0,""block"":0,""hit"":0,""critical"":0,""resist"":{""omni"":0,""light"":0,""dark"":0,""anima"":0,""status"":0}},""value"":{""damage"":0,""melee"":0,""critical"":0,""block"":0,""armor"":0,""resist"":{""omni"":0,""light"":0,""dark"":0,""anima"":0,""status"":0}}}}","{""bonus"":{""allure"":0,""charisma"":0,""libido"":0,""dominance"":0},""soiled"":{""blood"":0,""sweat"":0,""semen"":0,""urine"":0,""discharge"":0,""arousal"":0}}","{""prf"": ""Sain"", ""unequipped"": true, ""indestructible"": true}",{}
741,unequipped,nude,Sain,underwear,Nothing!,"{""itemType"":""unequipped"",""bonus"":{""chance"":{""parry"":0,""dodge"":0,""block"":0,""hit"":0,""critical"":0,""resist"":{""omni"":0,""light"":0,""dark"":0,""anima"":0,""status"":0}},""value"":{""damage"":0,""melee"":0,""critical"":0,""block"":0,""armor"":0,""resist"":{""omni"":0,""light"":0,""dark"":0,""anima"":0,""status"":0}}}}","{""bonus"":{""allure"":0,""charisma"":0,""libido"":0,""dominance"":0},""soiled"":{""blood"":0,""sweat"":0,""semen"":0,""urine"":0,""discharge"":0,""arousal"":0}}","{""prf"": ""Sain"", ""unequipped"": true, ""indestructible"": true}",{}
742,unequipped,empty,Sain,offhand,Nothing!,"{""itemType"":""unequipped"",""bonus"":{""chance"":{""parry"":0,""dodge"":0,""block"":0,""hit"":0,""critical"":0,""resist"":{""omni"":0,""light"":0,""dark"":0,""anima"":0,""status"":0}},""value"":{""damage"":0,""melee"":0,""critical"":0,""block"":0,""armor"":0,""resist"":{""omni"":0,""light"":0,""dark"":0,""anima"":0,""status"":0}}}}","{""bonus"":{""allure"":0,""charisma"":0,""libido"":0,""dominance"":0},""soiled"":{""blood"":0,""sweat"":0,""semen"":0,""urine"":0,""discharge"":0,""arousal"":0}}","{""prf"": ""Sain"", ""unequipped"": true, ""indestructible"": true}",{}
743,unequipped,uncovered,Sain,head,Nothing!,"{""itemType"":""unequipped"",""bonus"":{""chance"":{""parry"":0,""dodge"":0,""block"":0,""hit"":0,""critical"":0,""resist"":{""omni"":0,""light"":0,""dark"":0,""anima"":0,""status"":0}},""value"":{""damage"":0,""melee"":0,""critical"":0,""block"":0,""armor"":0,""resist"":{""omni"":0,""light"":0,""dark"":0,""anima"":0,""status"":0}}}}","{""bonus"":{""allure"":0,""charisma"":0,""libido"":0,""dominance"":0},""soiled"":{""blood"":0,""sweat"":0,""semen"":0,""urine"":0,""discharge"":0,""arousal"":0}}","{""prf"": ""Sain"", ""unequipped"": true, ""indestructible"": true}",{}
744,unequipped,bare,Sain,neck,Nothing!,"{""itemType"":""unequipped"",""bonus"":{""chance"":{""parry"":0,""dodge"":0,""block"":0,""hit"":0,""critical"":0,""resist"":{""omni"":0,""light"":0,""dark"":0,""anima"":0,""status"":0}},""value"":{""damage"":0,""melee"":0,""critical"":0,""block"":0,""armor"":0,""resist"":{""omni"":0,""light"":0,""dark"":0,""anima"":0,""status"":0}}}}","{""bonus"":{""allure"":0,""charisma"":0,""libido"":0,""dominance"":0},""soiled"":{""blood"":0,""sweat"":0,""semen"":0,""urine"":0,""discharge"":0,""arousal"":0}}","{""prf"": ""Sain"", ""unequipped"": true, ""indestructible"": true}",{}
745,unequipped,uncovered,Sain,shoulder,Nothing!,"{""itemType"":""unequipped"",""bonus"":{""chance"":{""parry"":0,""dodge"":0,""block"":0,""hit"":0,""critical"":0,""resist"":{""omni"":0,""light"":0,""dark"":0,""anima"":0,""status"":0}},""value"":{""damage"":0,""melee"":0,""critical"":0,""block"":0,""armor"":0,""resist"":{""omni"":0,""light"":0,""dark"":0,""anima"":0,""status"":0}}}}","{""bonus"":{""allure"":0,""charisma"":0,""libido"":0,""dominance"":0},""soiled"":{""blood"":0,""sweat"":0,""semen"":0,""urine"":0,""discharge"":0,""arousal"":0}}","{""prf"": ""Sain"", ""unequipped"": true, ""indestructible"": true}",{}
746,unequipped,bare,Sain,back,Nothing!,"{""itemType"":""unequipped"",""bonus"":{""chance"":{""parry"":0,""dodge"":0,""block"":0,""hit"":0,""critical"":0,""resist"":{""omni"":0,""light"":0,""dark"":0,""anima"":0,""status"":0}},""value"":{""damage"":0,""melee"":0,""critical"":0,""block"":0,""armor"":0,""resist"":{""omni"":0,""light"":0,""dark"":0,""anima"":0,""status"":0}}}}","{""bonus"":{""allure"":0,""charisma"":0,""libido"":0,""dominance"":0},""soiled"":{""blood"":0,""sweat"":0,""semen"":0,""urine"":0,""discharge"":0,""arousal"":0}}","{""prf"": ""Sain"", ""unequipped"": true, ""indestructible"": true}",{}
747,unequipped,uncovered,Sain,chest,Nothing!,"{""itemType"":""unequipped"",""bonus"":{""chance"":{""parry"":0,""dodge"":0,""block"":0,""hit"":0,""critical"":0,""resist"":{""omni"":0,""light"":0,""dark"":0,""anima"":0,""status"":0}},""value"":{""damage"":0,""melee"":0,""critical"":0,""block"":0,""armor"":0,""resist"":{""omni"":0,""light"":0,""dark"":0,""anima"":0,""status"":0}}}}","{""bonus"":{""allure"":0,""charisma"":0,""libido"":0,""dominance"":0},""soiled"":{""blood"":0,""sweat"":0,""semen"":0,""urine"":0,""discharge"":0,""arousal"":0}}","{""prf"": ""Sain"", ""unequipped"": true, ""indestructible"": true}",{}
748,unequipped,nude,Sain,shirt,Nothing!,"{""itemType"":""unequipped"",""bonus"":{""chance"":{""parry"":0,""dodge"":0,""block"":0,""hit"":0,""critical"":0,""resist"":{""omni"":0,""light"":0,""dark"":0,""anima"":0,""status"":0}},""value"":{""damage"":0,""melee"":0,""critical"":0,""block"":0,""armor"":0,""resist"":{""omni"":0,""light"":0,""dark"":0,""anima"":0,""status"":0}}}}","{""bonus"":{""allure"":0,""charisma"":0,""libido"":0,""dominance"":0},""soiled"":{""blood"":0,""sweat"":0,""semen"":0,""urine"":0,""discharge"":0,""arousal"":0}}","{""prf"": ""Sain"", ""unequipped"": true, ""indestructible"": true}",{}
749,unequipped,bare,Sain,wrist,Nothing!,"{""itemType"":""unequipped"",""bonus"":{""chance"":{""parry"":0,""dodge"":0,""block"":0,""hit"":0,""critical"":0,""resist"":{""omni"":0,""light"":0,""dark"":0,""anima"":0,""status"":0}},""value"":{""damage"":0,""melee"":0,""critical"":0,""block"":0,""armor"":0,""resist"":{""omni"":0,""light"":0,""dark"":0,""anima"":0,""status"":0}}}}","{""bonus"":{""allure"":0,""charisma"":0,""libido"":0,""dominance"":0},""soiled"":{""blood"":0,""sweat"":0,""semen"":0,""urine"":0,""discharge"":0,""arousal"":0}}","{""prf"": ""Sain"", ""unequipped"": true, ""indestructible"": true}",{}
750,unequipped,bare,Sain,hand,Nothing!,"{""itemType"":""unequipped"",""bonus"":{""chance"":{""parry"":0,""dodge"":0,""block"":0,""hit"":0,""critical"":0,""resist"":{""omni"":0,""light"":0,""dark"":0,""anima"":0,""status"":0}},""value"":{""damage"":0,""melee"":0,""critical"":0,""block"":0,""armor"":0,""resist"":{""omni"":0,""light"":0,""dark"":0,""anima"":0,""status"":0}}}}","{""bonus"":{""allure"":0,""charisma"":0,""libido"":0,""dominance"":0},""soiled"":{""blood"":0,""sweat"":0,""semen"":0,""urine"":0,""discharge"":0,""arousal"":0}}","{""prf"": ""Sain"", ""unequipped"": true, ""indestructible"": true}",{}
751,unequipped,empty,Sain,waist,Nothing!,"{""itemType"":""unequipped"",""bonus"":{""chance"":{""parry"":0,""dodge"":0,""block"":0,""hit"":0,""critical"":0,""resist"":{""omni"":0,""light"":0,""dark"":0,""anima"":0,""status"":0}},""value"":{""damage"":0,""melee"":0,""critical"":0,""block"":0,""armor"":0,""resist"":{""omni"":0,""light"":0,""dark"":0,""anima"":0,""status"":0}}}}","{""bonus"":{""allure"":0,""charisma"":0,""libido"":0,""dominance"":0},""soiled"":{""blood"":0,""sweat"":0,""semen"":0,""urine"":0,""discharge"":0,""arousal"":0}}","{""prf"": ""Sain"", ""unequipped"": true, ""indestructible"": true}",{}
752,unequipped,bare,Sain,leg,Nothing!,"{""itemType"":""unequipped"",""bonus"":{""chance"":{""parry"":0,""dodge"":0,""block"":0,""hit"":0,""critical"":0,""resist"":{""omni"":0,""light"":0,""dark"":0,""anima"":0,""status"":0}},""value"":{""damage"":0,""melee"":0,""critical"":0,""block"":0,""armor"":0,""resist"":{""omni"":0,""light"":0,""dark"":0,""anima"":0,""status"":0}}}}","{""bonus"":{""allure"":0,""charisma"":0,""libido"":0,""dominance"":0},""soiled"":{""blood"":0,""sweat"":0,""semen"":0,""urine"":0,""discharge"":0,""arousal"":0}}","{""prf"": ""Sain"", ""unequipped"": true, ""indestructible"": true}",{}
753,unequipped,bare,Sain,shin,Nothing!,"{""itemType"":""unequipped"",""bonus"":{""chance"":{""parry"":0,""dodge"":0,""block"":0,""hit"":0,""critical"":0,""resist"":{""omni"":0,""light"":0,""dark"":0,""anima"":0,""status"":0}},""value"":{""damage"":0,""melee"":0,""critical"":0,""block"":0,""armor"":0,""resist"":{""omni"":0,""light"":0,""dark"":0,""anima"":0,""status"":0}}}}","{""bonus"":{""allure"":0,""charisma"":0,""libido"":0,""dominance"":0},""soiled"":{""blood"":0,""sweat"":0,""semen"":0,""urine"":0,""discharge"":0,""arousal"":0}}","{""prf"": ""Sain"", ""unequipped"": true, ""indestructible"": true}",{}
754,unequipped,bare,Sain,foot,Nothing!,"{""itemType"":""unequipped"",""bonus"":{""chance"":{""parry"":0,""dodge"":0,""block"":0,""hit"":0,""critical"":0,""resist"":{""omni"":0,""light"":0,""dark"":0,""anima"":0,""status"":0}},""value"":{""damage"":0,""melee"":0,""critical"":0,""block"":0,""armor"":0,""resist"":{""omni"":0,""light"":0,""dark"":0,""anima"":0,""status"":0}}}}","{""bonus"":{""allure"":0,""charisma"":0,""libido"":0,""dominance"":0},""soiled"":{""blood"":0,""sweat"":0,""semen"":0,""urine"":0,""discharge"":0,""arousal"":0}}","{""prf"": ""Sain"", ""unequipped"": true, ""indestructible"": true}",{}
755,unequipped,empty,Sain,ring1,Nothing!,"{""itemType"":""unequipped"",""bonus"":{""chance"":{""parry"":0,""dodge"":0,""block"":0,""hit"":0,""critical"":0,""resist"":{""omni"":0,""light"":0,""dark"":0,""anima"":0,""status"":0}},""value"":{""damage"":0,""melee"":0,""critical"":0,""block"":0,""armor"":0,""resist"":{""omni"":0,""light"":0,""dark"":0,""anima"":0,""status"":0}}}}","{""bonus"":{""allure"":0,""charisma"":0,""libido"":0,""dominance"":0},""soiled"":{""blood"":0,""sweat"":0,""semen"":0,""urine"":0,""discharge"":0,""arousal"":0}}","{""prf"": ""Sain"", ""unequipped"": true, ""indestructible"": true}",{}
756,unequipped,empty,Sain,ring2,Nothing!,"{""itemType"":""unequipped"",""bonus"":{""chance"":{""parry"":0,""dodge"":0,""block"":0,""hit"":0,""critical"":0,""resist"":{""omni"":0,""light"":0,""dark"":0,""anima"":0,""status"":0}},""value"":{""damage"":0,""melee"":0,""critical"":0,""block"":0,""armor"":0,""resist"":{""omni"":0,""light"":0,""dark"":0,""anima"":0,""status"":0}}}}","{""bonus"":{""allure"":0,""charisma"":0,""libido"":0,""dominance"":0},""soiled"":{""blood"":0,""sweat"":0,""semen"":0,""urine"":0,""discharge"":0,""arousal"":0}}","{""prf"": ""Sain"", ""unequipped"": true, ""indestructible"": true}",{}
757,unequipped,empty,Sain,trinket1,Nothing!,"{""itemType"":""unequipped"",""bonus"":{""chance"":{""parry"":0,""dodge"":0,""block"":0,""hit"":0,""critical"":0,""resist"":{""omni"":0,""light"":0,""dark"":0,""anima"":0,""status"":0}},""value"":{""damage"":0,""melee"":0,""critical"":0,""block"":0,""armor"":0,""resist"":{""omni"":0,""light"":0,""dark"":0,""anima"":0,""status"":0}}}}","{""bonus"":{""allure"":0,""charisma"":0,""libido"":0,""dominance"":0},""soiled"":{""blood"":0,""sweat"":0,""semen"":0,""urine"":0,""discharge"":0,""arousal"":0}}","{""prf"": ""Sain"", ""unequipped"": true, ""indestructible"": true}",{}
758,unequipped,empty,Sain,trinket2,Nothing!,"{""itemType"":""unequipped"",""bonus"":{""chance"":{""parry"":0,""dodge"":0,""block"":0,""hit"":0,""critical"":0,""resist"":{""omni"":0,""light"":0,""dark"":0,""anima"":0,""status"":0}},""value"":{""damage"":0,""melee"":0,""critical"":0,""block"":0,""armor"":0,""resist"":{""omni"":0,""light"":0,""dark"":0,""anima"":0,""status"":0}}}}","{""bonus"":{""allure"":0,""charisma"":0,""libido"":0,""dominance"":0},""soiled"":{""blood"":0,""sweat"":0,""semen"":0,""urine"":0,""discharge"":0,""arousal"":0}}","{""prf"": ""Sain"", ""unequipped"": true, ""indestructible"": true}",{}
759,weapon,empty,Sain,mainhand,Emptyhanded,"{""weaponType"":""punch"",""material"":""body"",""bonus"":{""chance"":{""parry"":0,""dodge"":0,""block"":0,""hit"":0,""critical"":0},""value"":{""block"":0,""damage"":0,""critical"":0,""effectiveMultiplier"":1}},""durability"":1}","{""bonus"":{""allure"":0,""charisma"":0,""libido"":0,""dominance"":0}        }","{""prf"": ""Sain"", ""unequipped"": true, ""indestructible"": true}",{}
760,unequipped,nude,Sapphira,undershirt,Milky white breasts.,"{""itemType"":""unequipped"",""bonus"":{""chance"":{""parry"":0,""dodge"":0,""block"":0,""hit"":0,""critical"":0,""resist"":{""omni"":0,""light"":0,""dark"":0,""anima"":0,""status"":0}},""value"":{""damage"":0,""melee"":0,""critical"":0,""block"":0,""armor"":0,""resist"":{""omni"":0,""light"":0,""dark"":0,""anima"":0,""status"":0}}}}","{""bonus"":{""allure"":0,""charisma"":0,""libido"":0,""dominance"":0},""soiled"":{""blood"":0,""sweat"":0,""semen"":0,""urine"":0,""discharge"":0,""arousal"":0}}","{""prf"": ""Sapphira"", ""unequipped"": true, ""indestructible"": true}",{}
761,unequipped,nude,Sapphira,underwear,Nothing!,"{""itemType"":""unequipped"",""bonus"":{""chance"":{""parry"":0,""dodge"":0,""block"":0,""hit"":0,""critical"":0,""resist"":{""omni"":0,""light"":0,""dark"":0,""anima"":0,""status"":0}},""value"":{""damage"":0,""melee"":0,""critical"":0,""block"":0,""armor"":0,""resist"":{""omni"":0,""light"":0,""dark"":0,""anima"":0,""status"":0}}}}","{""bonus"":{""allure"":0,""charisma"":0,""libido"":0,""dominance"":0},""soiled"":{""blood"":0,""sweat"":0,""semen"":0,""urine"":0,""discharge"":0,""arousal"":0}}","{""prf"": ""Sapphira"", ""unequipped"": true, ""indestructible"": true}",{}
762,unequipped,empty,Sapphira,offhand,Nothing!,"{""itemType"":""unequipped"",""bonus"":{""chance"":{""parry"":0,""dodge"":0,""block"":0,""hit"":0,""critical"":0,""resist"":{""omni"":0,""light"":0,""dark"":0,""anima"":0,""status"":0}},""value"":{""damage"":0,""melee"":0,""critical"":0,""block"":0,""armor"":0,""resist"":{""omni"":0,""light"":0,""dark"":0,""anima"":0,""status"":0}}}}","{""bonus"":{""allure"":0,""charisma"":0,""libido"":0,""dominance"":0},""soiled"":{""blood"":0,""sweat"":0,""semen"":0,""urine"":0,""discharge"":0,""arousal"":0}}","{""prf"": ""Sapphira"", ""unequipped"": true, ""indestructible"": true}",{}
763,unequipped,uncovered,Sapphira,head,Nothing!,"{""itemType"":""unequipped"",""bonus"":{""chance"":{""parry"":0,""dodge"":0,""block"":0,""hit"":0,""critical"":0,""resist"":{""omni"":0,""light"":0,""dark"":0,""anima"":0,""status"":0}},""value"":{""damage"":0,""melee"":0,""critical"":0,""block"":0,""armor"":0,""resist"":{""omni"":0,""light"":0,""dark"":0,""anima"":0,""status"":0}}}}","{""bonus"":{""allure"":0,""charisma"":0,""libido"":0,""dominance"":0},""soiled"":{""blood"":0,""sweat"":0,""semen"":0,""urine"":0,""discharge"":0,""arousal"":0}}","{""prf"": ""Sapphira"", ""unequipped"": true, ""indestructible"": true}",{}
764,unequipped,bare,Sapphira,neck,Nothing!,"{""itemType"":""unequipped"",""bonus"":{""chance"":{""parry"":0,""dodge"":0,""block"":0,""hit"":0,""critical"":0,""resist"":{""omni"":0,""light"":0,""dark"":0,""anima"":0,""status"":0}},""value"":{""damage"":0,""melee"":0,""critical"":0,""block"":0,""armor"":0,""resist"":{""omni"":0,""light"":0,""dark"":0,""anima"":0,""status"":0}}}}","{""bonus"":{""allure"":0,""charisma"":0,""libido"":0,""dominance"":0},""soiled"":{""blood"":0,""sweat"":0,""semen"":0,""urine"":0,""discharge"":0,""arousal"":0}}","{""prf"": ""Sapphira"", ""unequipped"": true, ""indestructible"": true}",{}
765,unequipped,uncovered,Sapphira,shoulder,Nothing!,"{""itemType"":""unequipped"",""bonus"":{""chance"":{""parry"":0,""dodge"":0,""block"":0,""hit"":0,""critical"":0,""resist"":{""omni"":0,""light"":0,""dark"":0,""anima"":0,""status"":0}},""value"":{""damage"":0,""melee"":0,""critical"":0,""block"":0,""armor"":0,""resist"":{""omni"":0,""light"":0,""dark"":0,""anima"":0,""status"":0}}}}","{""bonus"":{""allure"":0,""charisma"":0,""libido"":0,""dominance"":0},""soiled"":{""blood"":0,""sweat"":0,""semen"":0,""urine"":0,""discharge"":0,""arousal"":0}}","{""prf"": ""Sapphira"", ""unequipped"": true, ""indestructible"": true}",{}
766,unequipped,bare,Sapphira,back,Nothing!,"{""itemType"":""unequipped"",""bonus"":{""chance"":{""parry"":0,""dodge"":0,""block"":0,""hit"":0,""critical"":0,""resist"":{""omni"":0,""light"":0,""dark"":0,""anima"":0,""status"":0}},""value"":{""damage"":0,""melee"":0,""critical"":0,""block"":0,""armor"":0,""resist"":{""omni"":0,""light"":0,""dark"":0,""anima"":0,""status"":0}}}}","{""bonus"":{""allure"":0,""charisma"":0,""libido"":0,""dominance"":0},""soiled"":{""blood"":0,""sweat"":0,""semen"":0,""urine"":0,""discharge"":0,""arousal"":0}}","{""prf"": ""Sapphira"", ""unequipped"": true, ""indestructible"": true}",{}
767,unequipped,uncovered,Sapphira,chest,Nothing!,"{""itemType"":""unequipped"",""bonus"":{""chance"":{""parry"":0,""dodge"":0,""block"":0,""hit"":0,""critical"":0,""resist"":{""omni"":0,""light"":0,""dark"":0,""anima"":0,""status"":0}},""value"":{""damage"":0,""melee"":0,""critical"":0,""block"":0,""armor"":0,""resist"":{""omni"":0,""light"":0,""dark"":0,""anima"":0,""status"":0}}}}","{""bonus"":{""allure"":0,""charisma"":0,""libido"":0,""dominance"":0},""soiled"":{""blood"":0,""sweat"":0,""semen"":0,""urine"":0,""discharge"":0,""arousal"":0}}","{""prf"": ""Sapphira"", ""unequipped"": true, ""indestructible"": true}",{}
768,unequipped,nude,Sapphira,shirt,Nothing!,"{""itemType"":""unequipped"",""bonus"":{""chance"":{""parry"":0,""dodge"":0,""block"":0,""hit"":0,""critical"":0,""resist"":{""omni"":0,""light"":0,""dark"":0,""anima"":0,""status"":0}},""value"":{""damage"":0,""melee"":0,""critical"":0,""block"":0,""armor"":0,""resist"":{""omni"":0,""light"":0,""dark"":0,""anima"":0,""status"":0}}}}","{""bonus"":{""allure"":0,""charisma"":0,""libido"":0,""dominance"":0},""soiled"":{""blood"":0,""sweat"":0,""semen"":0,""urine"":0,""discharge"":0,""arousal"":0}}","{""prf"": ""Sapphira"", ""unequipped"": true, ""indestructible"": true}",{}
769,unequipped,bare,Sapphira,wrist,Nothing!,"{""itemType"":""unequipped"",""bonus"":{""chance"":{""parry"":0,""dodge"":0,""block"":0,""hit"":0,""critical"":0,""resist"":{""omni"":0,""light"":0,""dark"":0,""anima"":0,""status"":0}},""value"":{""damage"":0,""melee"":0,""critical"":0,""block"":0,""armor"":0,""resist"":{""omni"":0,""light"":0,""dark"":0,""anima"":0,""status"":0}}}}","{""bonus"":{""allure"":0,""charisma"":0,""libido"":0,""dominance"":0},""soiled"":{""blood"":0,""sweat"":0,""semen"":0,""urine"":0,""discharge"":0,""arousal"":0}}","{""prf"": ""Sapphira"", ""unequipped"": true, ""indestructible"": true}",{}
770,unequipped,bare,Sapphira,hand,Nothing!,"{""itemType"":""unequipped"",""bonus"":{""chance"":{""parry"":0,""dodge"":0,""block"":0,""hit"":0,""critical"":0,""resist"":{""omni"":0,""light"":0,""dark"":0,""anima"":0,""status"":0}},""value"":{""damage"":0,""melee"":0,""critical"":0,""block"":0,""armor"":0,""resist"":{""omni"":0,""light"":0,""dark"":0,""anima"":0,""status"":0}}}}","{""bonus"":{""allure"":0,""charisma"":0,""libido"":0,""dominance"":0},""soiled"":{""blood"":0,""sweat"":0,""semen"":0,""urine"":0,""discharge"":0,""arousal"":0}}","{""prf"": ""Sapphira"", ""unequipped"": true, ""indestructible"": true}",{}
771,unequipped,empty,Sapphira,waist,Nothing!,"{""itemType"":""unequipped"",""bonus"":{""chance"":{""parry"":0,""dodge"":0,""block"":0,""hit"":0,""critical"":0,""resist"":{""omni"":0,""light"":0,""dark"":0,""anima"":0,""status"":0}},""value"":{""damage"":0,""melee"":0,""critical"":0,""block"":0,""armor"":0,""resist"":{""omni"":0,""light"":0,""dark"":0,""anima"":0,""status"":0}}}}","{""bonus"":{""allure"":0,""charisma"":0,""libido"":0,""dominance"":0},""soiled"":{""blood"":0,""sweat"":0,""semen"":0,""urine"":0,""discharge"":0,""arousal"":0}}","{""prf"": ""Sapphira"", ""unequipped"": true, ""indestructible"": true}",{}
772,unequipped,bare,Sapphira,leg,Nothing!,"{""itemType"":""unequipped"",""bonus"":{""chance"":{""parry"":0,""dodge"":0,""block"":0,""hit"":0,""critical"":0,""resist"":{""omni"":0,""light"":0,""dark"":0,""anima"":0,""status"":0}},""value"":{""damage"":0,""melee"":0,""critical"":0,""block"":0,""armor"":0,""resist"":{""omni"":0,""light"":0,""dark"":0,""anima"":0,""status"":0}}}}","{""bonus"":{""allure"":0,""charisma"":0,""libido"":0,""dominance"":0},""soiled"":{""blood"":0,""sweat"":0,""semen"":0,""urine"":0,""discharge"":0,""arousal"":0}}","{""prf"": ""Sapphira"", ""unequipped"": true, ""indestructible"": true}",{}
773,unequipped,bare,Sapphira,shin,Nothing!,"{""itemType"":""unequipped"",""bonus"":{""chance"":{""parry"":0,""dodge"":0,""block"":0,""hit"":0,""critical"":0,""resist"":{""omni"":0,""light"":0,""dark"":0,""anima"":0,""status"":0}},""value"":{""damage"":0,""melee"":0,""critical"":0,""block"":0,""armor"":0,""resist"":{""omni"":0,""light"":0,""dark"":0,""anima"":0,""status"":0}}}}","{""bonus"":{""allure"":0,""charisma"":0,""libido"":0,""dominance"":0},""soiled"":{""blood"":0,""sweat"":0,""semen"":0,""urine"":0,""discharge"":0,""arousal"":0}}","{""prf"": ""Sapphira"", ""unequipped"": true, ""indestructible"": true}",{}
774,unequipped,bare,Sapphira,foot,Nothing!,"{""itemType"":""unequipped"",""bonus"":{""chance"":{""parry"":0,""dodge"":0,""block"":0,""hit"":0,""critical"":0,""resist"":{""omni"":0,""light"":0,""dark"":0,""anima"":0,""status"":0}},""value"":{""damage"":0,""melee"":0,""critical"":0,""block"":0,""armor"":0,""resist"":{""omni"":0,""light"":0,""dark"":0,""anima"":0,""status"":0}}}}","{""bonus"":{""allure"":0,""charisma"":0,""libido"":0,""dominance"":0},""soiled"":{""blood"":0,""sweat"":0,""semen"":0,""urine"":0,""discharge"":0,""arousal"":0}}","{""prf"": ""Sapphira"", ""unequipped"": true, ""indestructible"": true}",{}
775,unequipped,empty,Sapphira,ring1,Nothing!,"{""itemType"":""unequipped"",""bonus"":{""chance"":{""parry"":0,""dodge"":0,""block"":0,""hit"":0,""critical"":0,""resist"":{""omni"":0,""light"":0,""dark"":0,""anima"":0,""status"":0}},""value"":{""damage"":0,""melee"":0,""critical"":0,""block"":0,""armor"":0,""resist"":{""omni"":0,""light"":0,""dark"":0,""anima"":0,""status"":0}}}}","{""bonus"":{""allure"":0,""charisma"":0,""libido"":0,""dominance"":0},""soiled"":{""blood"":0,""sweat"":0,""semen"":0,""urine"":0,""discharge"":0,""arousal"":0}}","{""prf"": ""Sapphira"", ""unequipped"": true, ""indestructible"": true}",{}
776,unequipped,empty,Sapphira,ring2,Nothing!,"{""itemType"":""unequipped"",""bonus"":{""chance"":{""parry"":0,""dodge"":0,""block"":0,""hit"":0,""critical"":0,""resist"":{""omni"":0,""light"":0,""dark"":0,""anima"":0,""status"":0}},""value"":{""damage"":0,""melee"":0,""critical"":0,""block"":0,""armor"":0,""resist"":{""omni"":0,""light"":0,""dark"":0,""anima"":0,""status"":0}}}}","{""bonus"":{""allure"":0,""charisma"":0,""libido"":0,""dominance"":0},""soiled"":{""blood"":0,""sweat"":0,""semen"":0,""urine"":0,""discharge"":0,""arousal"":0}}","{""prf"": ""Sapphira"", ""unequipped"": true, ""indestructible"": true}",{}
777,unequipped,empty,Sapphira,trinket1,Nothing!,"{""itemType"":""unequipped"",""bonus"":{""chance"":{""parry"":0,""dodge"":0,""block"":0,""hit"":0,""critical"":0,""resist"":{""omni"":0,""light"":0,""dark"":0,""anima"":0,""status"":0}},""value"":{""damage"":0,""melee"":0,""critical"":0,""block"":0,""armor"":0,""resist"":{""omni"":0,""light"":0,""dark"":0,""anima"":0,""status"":0}}}}","{""bonus"":{""allure"":0,""charisma"":0,""libido"":0,""dominance"":0},""soiled"":{""blood"":0,""sweat"":0,""semen"":0,""urine"":0,""discharge"":0,""arousal"":0}}","{""prf"": ""Sapphira"", ""unequipped"": true, ""indestructible"": true}",{}
778,unequipped,empty,Sapphira,trinket2,Nothing!,"{""itemType"":""unequipped"",""bonus"":{""chance"":{""parry"":0,""dodge"":0,""block"":0,""hit"":0,""critical"":0,""resist"":{""omni"":0,""light"":0,""dark"":0,""anima"":0,""status"":0}},""value"":{""damage"":0,""melee"":0,""critical"":0,""block"":0,""armor"":0,""resist"":{""omni"":0,""light"":0,""dark"":0,""anima"":0,""status"":0}}}}","{""bonus"":{""allure"":0,""charisma"":0,""libido"":0,""dominance"":0},""soiled"":{""blood"":0,""sweat"":0,""semen"":0,""urine"":0,""discharge"":0,""arousal"":0}}","{""prf"": ""Sapphira"", ""unequipped"": true, ""indestructible"": true}",{}
779,weapon,empty,Sapphira,mainhand,Emptyhanded,"{""weaponType"":""scratch"",""material"":""body"",""bonus"":{""chance"":{""parry"":0,""dodge"":0,""block"":0,""hit"":0,""critical"":0},""value"":{""block"":0,""damage"":0,""critical"":0,""effectiveMultiplier"":1}},""durability"":1}","{""bonus"":{""allure"":0,""charisma"":0,""libido"":0,""dominance"":0}        }","{""prf"": ""Sapphira"", ""unequipped"": true, ""indestructible"": true}",{}
780,unequipped,nude,Serra,undershirt,Milky white breasts.,"{""itemType"":""unequipped"",""bonus"":{""chance"":{""parry"":0,""dodge"":0,""block"":0,""hit"":0,""critical"":0,""resist"":{""omni"":0,""light"":0,""dark"":0,""anima"":0,""status"":0}},""value"":{""damage"":0,""melee"":0,""critical"":0,""block"":0,""armor"":0,""resist"":{""omni"":0,""light"":0,""dark"":0,""anima"":0,""status"":0}}}}","{""bonus"":{""allure"":0,""charisma"":0,""libido"":0,""dominance"":0},""soiled"":{""blood"":0,""sweat"":0,""semen"":0,""urine"":0,""discharge"":0,""arousal"":0}}","{""prf"": ""Serra"", ""unequipped"": true, ""indestructible"": true}",{}
781,unequipped,nude,Serra,underwear,Nothing!,"{""itemType"":""unequipped"",""bonus"":{""chance"":{""parry"":0,""dodge"":0,""block"":0,""hit"":0,""critical"":0,""resist"":{""omni"":0,""light"":0,""dark"":0,""anima"":0,""status"":0}},""value"":{""damage"":0,""melee"":0,""critical"":0,""block"":0,""armor"":0,""resist"":{""omni"":0,""light"":0,""dark"":0,""anima"":0,""status"":0}}}}","{""bonus"":{""allure"":0,""charisma"":0,""libido"":0,""dominance"":0},""soiled"":{""blood"":0,""sweat"":0,""semen"":0,""urine"":0,""discharge"":0,""arousal"":0}}","{""prf"": ""Serra"", ""unequipped"": true, ""indestructible"": true}",{}
782,unequipped,empty,Serra,offhand,Nothing!,"{""itemType"":""unequipped"",""bonus"":{""chance"":{""parry"":0,""dodge"":0,""block"":0,""hit"":0,""critical"":0,""resist"":{""omni"":0,""light"":0,""dark"":0,""anima"":0,""status"":0}},""value"":{""damage"":0,""melee"":0,""critical"":0,""block"":0,""armor"":0,""resist"":{""omni"":0,""light"":0,""dark"":0,""anima"":0,""status"":0}}}}","{""bonus"":{""allure"":0,""charisma"":0,""libido"":0,""dominance"":0},""soiled"":{""blood"":0,""sweat"":0,""semen"":0,""urine"":0,""discharge"":0,""arousal"":0}}","{""prf"": ""Serra"", ""unequipped"": true, ""indestructible"": true}",{}
783,unequipped,uncovered,Serra,head,Nothing!,"{""itemType"":""unequipped"",""bonus"":{""chance"":{""parry"":0,""dodge"":0,""block"":0,""hit"":0,""critical"":0,""resist"":{""omni"":0,""light"":0,""dark"":0,""anima"":0,""status"":0}},""value"":{""damage"":0,""melee"":0,""critical"":0,""block"":0,""armor"":0,""resist"":{""omni"":0,""light"":0,""dark"":0,""anima"":0,""status"":0}}}}","{""bonus"":{""allure"":0,""charisma"":0,""libido"":0,""dominance"":0},""soiled"":{""blood"":0,""sweat"":0,""semen"":0,""urine"":0,""discharge"":0,""arousal"":0}}","{""prf"": ""Serra"", ""unequipped"": true, ""indestructible"": true}",{}
784,unequipped,bare,Serra,neck,Nothing!,"{""itemType"":""unequipped"",""bonus"":{""chance"":{""parry"":0,""dodge"":0,""block"":0,""hit"":0,""critical"":0,""resist"":{""omni"":0,""light"":0,""dark"":0,""anima"":0,""status"":0}},""value"":{""damage"":0,""melee"":0,""critical"":0,""block"":0,""armor"":0,""resist"":{""omni"":0,""light"":0,""dark"":0,""anima"":0,""status"":0}}}}","{""bonus"":{""allure"":0,""charisma"":0,""libido"":0,""dominance"":0},""soiled"":{""blood"":0,""sweat"":0,""semen"":0,""urine"":0,""discharge"":0,""arousal"":0}}","{""prf"": ""Serra"", ""unequipped"": true, ""indestructible"": true}",{}
785,unequipped,uncovered,Serra,shoulder,Nothing!,"{""itemType"":""unequipped"",""bonus"":{""chance"":{""parry"":0,""dodge"":0,""block"":0,""hit"":0,""critical"":0,""resist"":{""omni"":0,""light"":0,""dark"":0,""anima"":0,""status"":0}},""value"":{""damage"":0,""melee"":0,""critical"":0,""block"":0,""armor"":0,""resist"":{""omni"":0,""light"":0,""dark"":0,""anima"":0,""status"":0}}}}","{""bonus"":{""allure"":0,""charisma"":0,""libido"":0,""dominance"":0},""soiled"":{""blood"":0,""sweat"":0,""semen"":0,""urine"":0,""discharge"":0,""arousal"":0}}","{""prf"": ""Serra"", ""unequipped"": true, ""indestructible"": true}",{}
786,unequipped,bare,Serra,back,Nothing!,"{""itemType"":""unequipped"",""bonus"":{""chance"":{""parry"":0,""dodge"":0,""block"":0,""hit"":0,""critical"":0,""resist"":{""omni"":0,""light"":0,""dark"":0,""anima"":0,""status"":0}},""value"":{""damage"":0,""melee"":0,""critical"":0,""block"":0,""armor"":0,""resist"":{""omni"":0,""light"":0,""dark"":0,""anima"":0,""status"":0}}}}","{""bonus"":{""allure"":0,""charisma"":0,""libido"":0,""dominance"":0},""soiled"":{""blood"":0,""sweat"":0,""semen"":0,""urine"":0,""discharge"":0,""arousal"":0}}","{""prf"": ""Serra"", ""unequipped"": true, ""indestructible"": true}",{}
787,unequipped,uncovered,Serra,chest,Nothing!,"{""itemType"":""unequipped"",""bonus"":{""chance"":{""parry"":0,""dodge"":0,""block"":0,""hit"":0,""critical"":0,""resist"":{""omni"":0,""light"":0,""dark"":0,""anima"":0,""status"":0}},""value"":{""damage"":0,""melee"":0,""critical"":0,""block"":0,""armor"":0,""resist"":{""omni"":0,""light"":0,""dark"":0,""anima"":0,""status"":0}}}}","{""bonus"":{""allure"":0,""charisma"":0,""libido"":0,""dominance"":0},""soiled"":{""blood"":0,""sweat"":0,""semen"":0,""urine"":0,""discharge"":0,""arousal"":0}}","{""prf"": ""Serra"", ""unequipped"": true, ""indestructible"": true}",{}
788,unequipped,nude,Serra,shirt,Nothing!,"{""itemType"":""unequipped"",""bonus"":{""chance"":{""parry"":0,""dodge"":0,""block"":0,""hit"":0,""critical"":0,""resist"":{""omni"":0,""light"":0,""dark"":0,""anima"":0,""status"":0}},""value"":{""damage"":0,""melee"":0,""critical"":0,""block"":0,""armor"":0,""resist"":{""omni"":0,""light"":0,""dark"":0,""anima"":0,""status"":0}}}}","{""bonus"":{""allure"":0,""charisma"":0,""libido"":0,""dominance"":0},""soiled"":{""blood"":0,""sweat"":0,""semen"":0,""urine"":0,""discharge"":0,""arousal"":0}}","{""prf"": ""Serra"", ""unequipped"": true, ""indestructible"": true}",{}
789,unequipped,bare,Serra,wrist,Nothing!,"{""itemType"":""unequipped"",""bonus"":{""chance"":{""parry"":0,""dodge"":0,""block"":0,""hit"":0,""critical"":0,""resist"":{""omni"":0,""light"":0,""dark"":0,""anima"":0,""status"":0}},""value"":{""damage"":0,""melee"":0,""critical"":0,""block"":0,""armor"":0,""resist"":{""omni"":0,""light"":0,""dark"":0,""anima"":0,""status"":0}}}}","{""bonus"":{""allure"":0,""charisma"":0,""libido"":0,""dominance"":0},""soiled"":{""blood"":0,""sweat"":0,""semen"":0,""urine"":0,""discharge"":0,""arousal"":0}}","{""prf"": ""Serra"", ""unequipped"": true, ""indestructible"": true}",{}
790,unequipped,bare,Serra,hand,Nothing!,"{""itemType"":""unequipped"",""bonus"":{""chance"":{""parry"":0,""dodge"":0,""block"":0,""hit"":0,""critical"":0,""resist"":{""omni"":0,""light"":0,""dark"":0,""anima"":0,""status"":0}},""value"":{""damage"":0,""melee"":0,""critical"":0,""block"":0,""armor"":0,""resist"":{""omni"":0,""light"":0,""dark"":0,""anima"":0,""status"":0}}}}","{""bonus"":{""allure"":0,""charisma"":0,""libido"":0,""dominance"":0},""soiled"":{""blood"":0,""sweat"":0,""semen"":0,""urine"":0,""discharge"":0,""arousal"":0}}","{""prf"": ""Serra"", ""unequipped"": true, ""indestructible"": true}",{}
791,unequipped,empty,Serra,waist,Nothing!,"{""itemType"":""unequipped"",""bonus"":{""chance"":{""parry"":0,""dodge"":0,""block"":0,""hit"":0,""critical"":0,""resist"":{""omni"":0,""light"":0,""dark"":0,""anima"":0,""status"":0}},""value"":{""damage"":0,""melee"":0,""critical"":0,""block"":0,""armor"":0,""resist"":{""omni"":0,""light"":0,""dark"":0,""anima"":0,""status"":0}}}}","{""bonus"":{""allure"":0,""charisma"":0,""libido"":0,""dominance"":0},""soiled"":{""blood"":0,""sweat"":0,""semen"":0,""urine"":0,""discharge"":0,""arousal"":0}}","{""prf"": ""Serra"", ""unequipped"": true, ""indestructible"": true}",{}
792,unequipped,bare,Serra,leg,Nothing!,"{""itemType"":""unequipped"",""bonus"":{""chance"":{""parry"":0,""dodge"":0,""block"":0,""hit"":0,""critical"":0,""resist"":{""omni"":0,""light"":0,""dark"":0,""anima"":0,""status"":0}},""value"":{""damage"":0,""melee"":0,""critical"":0,""block"":0,""armor"":0,""resist"":{""omni"":0,""light"":0,""dark"":0,""anima"":0,""status"":0}}}}","{""bonus"":{""allure"":0,""charisma"":0,""libido"":0,""dominance"":0},""soiled"":{""blood"":0,""sweat"":0,""semen"":0,""urine"":0,""discharge"":0,""arousal"":0}}","{""prf"": ""Serra"", ""unequipped"": true, ""indestructible"": true}",{}
793,unequipped,bare,Serra,shin,Nothing!,"{""itemType"":""unequipped"",""bonus"":{""chance"":{""parry"":0,""dodge"":0,""block"":0,""hit"":0,""critical"":0,""resist"":{""omni"":0,""light"":0,""dark"":0,""anima"":0,""status"":0}},""value"":{""damage"":0,""melee"":0,""critical"":0,""block"":0,""armor"":0,""resist"":{""omni"":0,""light"":0,""dark"":0,""anima"":0,""status"":0}}}}","{""bonus"":{""allure"":0,""charisma"":0,""libido"":0,""dominance"":0},""soiled"":{""blood"":0,""sweat"":0,""semen"":0,""urine"":0,""discharge"":0,""arousal"":0}}","{""prf"": ""Serra"", ""unequipped"": true, ""indestructible"": true}",{}
794,unequipped,bare,Serra,foot,Nothing!,"{""itemType"":""unequipped"",""bonus"":{""chance"":{""parry"":0,""dodge"":0,""block"":0,""hit"":0,""critical"":0,""resist"":{""omni"":0,""light"":0,""dark"":0,""anima"":0,""status"":0}},""value"":{""damage"":0,""melee"":0,""critical"":0,""block"":0,""armor"":0,""resist"":{""omni"":0,""light"":0,""dark"":0,""anima"":0,""status"":0}}}}","{""bonus"":{""allure"":0,""charisma"":0,""libido"":0,""dominance"":0},""soiled"":{""blood"":0,""sweat"":0,""semen"":0,""urine"":0,""discharge"":0,""arousal"":0}}","{""prf"": ""Serra"", ""unequipped"": true, ""indestructible"": true}",{}
795,unequipped,empty,Serra,ring1,Nothing!,"{""itemType"":""unequipped"",""bonus"":{""chance"":{""parry"":0,""dodge"":0,""block"":0,""hit"":0,""critical"":0,""resist"":{""omni"":0,""light"":0,""dark"":0,""anima"":0,""status"":0}},""value"":{""damage"":0,""melee"":0,""critical"":0,""block"":0,""armor"":0,""resist"":{""omni"":0,""light"":0,""dark"":0,""anima"":0,""status"":0}}}}","{""bonus"":{""allure"":0,""charisma"":0,""libido"":0,""dominance"":0},""soiled"":{""blood"":0,""sweat"":0,""semen"":0,""urine"":0,""discharge"":0,""arousal"":0}}","{""prf"": ""Serra"", ""unequipped"": true, ""indestructible"": true}",{}
796,unequipped,empty,Serra,ring2,Nothing!,"{""itemType"":""unequipped"",""bonus"":{""chance"":{""parry"":0,""dodge"":0,""block"":0,""hit"":0,""critical"":0,""resist"":{""omni"":0,""light"":0,""dark"":0,""anima"":0,""status"":0}},""value"":{""damage"":0,""melee"":0,""critical"":0,""block"":0,""armor"":0,""resist"":{""omni"":0,""light"":0,""dark"":0,""anima"":0,""status"":0}}}}","{""bonus"":{""allure"":0,""charisma"":0,""libido"":0,""dominance"":0},""soiled"":{""blood"":0,""sweat"":0,""semen"":0,""urine"":0,""discharge"":0,""arousal"":0}}","{""prf"": ""Serra"", ""unequipped"": true, ""indestructible"": true}",{}
797,unequipped,empty,Serra,trinket1,Nothing!,"{""itemType"":""unequipped"",""bonus"":{""chance"":{""parry"":0,""dodge"":0,""block"":0,""hit"":0,""critical"":0,""resist"":{""omni"":0,""light"":0,""dark"":0,""anima"":0,""status"":0}},""value"":{""damage"":0,""melee"":0,""critical"":0,""block"":0,""armor"":0,""resist"":{""omni"":0,""light"":0,""dark"":0,""anima"":0,""status"":0}}}}","{""bonus"":{""allure"":0,""charisma"":0,""libido"":0,""dominance"":0},""soiled"":{""blood"":0,""sweat"":0,""semen"":0,""urine"":0,""discharge"":0,""arousal"":0}}","{""prf"": ""Serra"", ""unequipped"": true, ""indestructible"": true}",{}
798,unequipped,empty,Serra,trinket2,Nothing!,"{""itemType"":""unequipped"",""bonus"":{""chance"":{""parry"":0,""dodge"":0,""block"":0,""hit"":0,""critical"":0,""resist"":{""omni"":0,""light"":0,""dark"":0,""anima"":0,""status"":0}},""value"":{""damage"":0,""melee"":0,""critical"":0,""block"":0,""armor"":0,""resist"":{""omni"":0,""light"":0,""dark"":0,""anima"":0,""status"":0}}}}","{""bonus"":{""allure"":0,""charisma"":0,""libido"":0,""dominance"":0},""soiled"":{""blood"":0,""sweat"":0,""semen"":0,""urine"":0,""discharge"":0,""arousal"":0}}","{""prf"": ""Serra"", ""unequipped"": true, ""indestructible"": true}",{}
799,weapon,empty,Serra,mainhand,Emptyhanded,"{""weaponType"":""slap"",""material"":""body"",""bonus"":{""chance"":{""parry"":0,""dodge"":0,""block"":0,""hit"":0,""critical"":0},""value"":{""block"":0,""damage"":0,""critical"":0,""effectiveMultiplier"":1}},""durability"":1}","{""bonus"":{""allure"":0,""charisma"":0,""libido"":0,""dominance"":0}        }","{""prf"": ""Serra"", ""unequipped"": true, ""indestructible"": true}",{}
800,unequipped,nude,Wallace,undershirt,A bare male chest.,"{""itemType"":""unequipped"",""bonus"":{""chance"":{""parry"":0,""dodge"":0,""block"":0,""hit"":0,""critical"":0,""resist"":{""omni"":0,""light"":0,""dark"":0,""anima"":0,""status"":0}},""value"":{""damage"":0,""melee"":0,""critical"":0,""block"":0,""armor"":0,""resist"":{""omni"":0,""light"":0,""dark"":0,""anima"":0,""status"":0}}}}","{""bonus"":{""allure"":0,""charisma"":0,""libido"":0,""dominance"":0},""soiled"":{""blood"":0,""sweat"":0,""semen"":0,""urine"":0,""discharge"":0,""arousal"":0}}","{""prf"": ""Wallace"", ""unequipped"": true, ""indestructible"": true}",{}
801,unequipped,nude,Wallace,underwear,Nothing!,"{""itemType"":""unequipped"",""bonus"":{""chance"":{""parry"":0,""dodge"":0,""block"":0,""hit"":0,""critical"":0,""resist"":{""omni"":0,""light"":0,""dark"":0,""anima"":0,""status"":0}},""value"":{""damage"":0,""melee"":0,""critical"":0,""block"":0,""armor"":0,""resist"":{""omni"":0,""light"":0,""dark"":0,""anima"":0,""status"":0}}}}","{""bonus"":{""allure"":0,""charisma"":0,""libido"":0,""dominance"":0},""soiled"":{""blood"":0,""sweat"":0,""semen"":0,""urine"":0,""discharge"":0,""arousal"":0}}","{""prf"": ""Wallace"", ""unequipped"": true, ""indestructible"": true}",{}
802,unequipped,empty,Wallace,offhand,Nothing!,"{""itemType"":""unequipped"",""bonus"":{""chance"":{""parry"":0,""dodge"":0,""block"":0,""hit"":0,""critical"":0,""resist"":{""omni"":0,""light"":0,""dark"":0,""anima"":0,""status"":0}},""value"":{""damage"":0,""melee"":0,""critical"":0,""block"":0,""armor"":0,""resist"":{""omni"":0,""light"":0,""dark"":0,""anima"":0,""status"":0}}}}","{""bonus"":{""allure"":0,""charisma"":0,""libido"":0,""dominance"":0},""soiled"":{""blood"":0,""sweat"":0,""semen"":0,""urine"":0,""discharge"":0,""arousal"":0}}","{""prf"": ""Wallace"", ""unequipped"": true, ""indestructible"": true}",{}
803,unequipped,uncovered,Wallace,head,Nothing!,"{""itemType"":""unequipped"",""bonus"":{""chance"":{""parry"":0,""dodge"":0,""block"":0,""hit"":0,""critical"":0,""resist"":{""omni"":0,""light"":0,""dark"":0,""anima"":0,""status"":0}},""value"":{""damage"":0,""melee"":0,""critical"":0,""block"":0,""armor"":0,""resist"":{""omni"":0,""light"":0,""dark"":0,""anima"":0,""status"":0}}}}","{""bonus"":{""allure"":0,""charisma"":0,""libido"":0,""dominance"":0},""soiled"":{""blood"":0,""sweat"":0,""semen"":0,""urine"":0,""discharge"":0,""arousal"":0}}","{""prf"": ""Wallace"", ""unequipped"": true, ""indestructible"": true}",{}
804,unequipped,bare,Wallace,neck,Nothing!,"{""itemType"":""unequipped"",""bonus"":{""chance"":{""parry"":0,""dodge"":0,""block"":0,""hit"":0,""critical"":0,""resist"":{""omni"":0,""light"":0,""dark"":0,""anima"":0,""status"":0}},""value"":{""damage"":0,""melee"":0,""critical"":0,""block"":0,""armor"":0,""resist"":{""omni"":0,""light"":0,""dark"":0,""anima"":0,""status"":0}}}}","{""bonus"":{""allure"":0,""charisma"":0,""libido"":0,""dominance"":0},""soiled"":{""blood"":0,""sweat"":0,""semen"":0,""urine"":0,""discharge"":0,""arousal"":0}}","{""prf"": ""Wallace"", ""unequipped"": true, ""indestructible"": true}",{}
805,unequipped,uncovered,Wallace,shoulder,Nothing!,"{""itemType"":""unequipped"",""bonus"":{""chance"":{""parry"":0,""dodge"":0,""block"":0,""hit"":0,""critical"":0,""resist"":{""omni"":0,""light"":0,""dark"":0,""anima"":0,""status"":0}},""value"":{""damage"":0,""melee"":0,""critical"":0,""block"":0,""armor"":0,""resist"":{""omni"":0,""light"":0,""dark"":0,""anima"":0,""status"":0}}}}","{""bonus"":{""allure"":0,""charisma"":0,""libido"":0,""dominance"":0},""soiled"":{""blood"":0,""sweat"":0,""semen"":0,""urine"":0,""discharge"":0,""arousal"":0}}","{""prf"": ""Wallace"", ""unequipped"": true, ""indestructible"": true}",{}
806,unequipped,uncovered,Wallace,chest,Nothing!,"{""itemType"":""unequipped"",""bonus"":{""chance"":{""parry"":0,""dodge"":0,""block"":0,""hit"":0,""critical"":0,""resist"":{""omni"":0,""light"":0,""dark"":0,""anima"":0,""status"":0}},""value"":{""damage"":0,""melee"":0,""critical"":0,""block"":0,""armor"":0,""resist"":{""omni"":0,""light"":0,""dark"":0,""anima"":0,""status"":0}}}}","{""bonus"":{""allure"":0,""charisma"":0,""libido"":0,""dominance"":0},""soiled"":{""blood"":0,""sweat"":0,""semen"":0,""urine"":0,""discharge"":0,""arousal"":0}}","{""prf"": ""Wallace"", ""unequipped"": true, ""indestructible"": true}",{}
807,unequipped,bare,Wallace,back,Nothing!,"{""itemType"":""unequipped"",""bonus"":{""chance"":{""parry"":0,""dodge"":0,""block"":0,""hit"":0,""critical"":0,""resist"":{""omni"":0,""light"":0,""dark"":0,""anima"":0,""status"":0}},""value"":{""damage"":0,""melee"":0,""critical"":0,""block"":0,""armor"":0,""resist"":{""omni"":0,""light"":0,""dark"":0,""anima"":0,""status"":0}}}}","{""bonus"":{""allure"":0,""charisma"":0,""libido"":0,""dominance"":0},""soiled"":{""blood"":0,""sweat"":0,""semen"":0,""urine"":0,""discharge"":0,""arousal"":0}}","{""prf"": ""Wallace"", ""unequipped"": true, ""indestructible"": true}",{}
808,unequipped,nude,Wallace,shirt,Nothing!,"{""itemType"":""unequipped"",""bonus"":{""chance"":{""parry"":0,""dodge"":0,""block"":0,""hit"":0,""critical"":0,""resist"":{""omni"":0,""light"":0,""dark"":0,""anima"":0,""status"":0}},""value"":{""damage"":0,""melee"":0,""critical"":0,""block"":0,""armor"":0,""resist"":{""omni"":0,""light"":0,""dark"":0,""anima"":0,""status"":0}}}}","{""bonus"":{""allure"":0,""charisma"":0,""libido"":0,""dominance"":0},""soiled"":{""blood"":0,""sweat"":0,""semen"":0,""urine"":0,""discharge"":0,""arousal"":0}}","{""prf"": ""Wallace"", ""unequipped"": true, ""indestructible"": true}",{}
809,unequipped,bare,Wallace,wrist,Nothing!,"{""itemType"":""unequipped"",""bonus"":{""chance"":{""parry"":0,""dodge"":0,""block"":0,""hit"":0,""critical"":0,""resist"":{""omni"":0,""light"":0,""dark"":0,""anima"":0,""status"":0}},""value"":{""damage"":0,""melee"":0,""critical"":0,""block"":0,""armor"":0,""resist"":{""omni"":0,""light"":0,""dark"":0,""anima"":0,""status"":0}}}}","{""bonus"":{""allure"":0,""charisma"":0,""libido"":0,""dominance"":0},""soiled"":{""blood"":0,""sweat"":0,""semen"":0,""urine"":0,""discharge"":0,""arousal"":0}}","{""prf"": ""Wallace"", ""unequipped"": true, ""indestructible"": true}",{}
810,unequipped,bare,Wallace,hand,Nothing!,"{""itemType"":""unequipped"",""bonus"":{""chance"":{""parry"":0,""dodge"":0,""block"":0,""hit"":0,""critical"":0,""resist"":{""omni"":0,""light"":0,""dark"":0,""anima"":0,""status"":0}},""value"":{""damage"":0,""melee"":0,""critical"":0,""block"":0,""armor"":0,""resist"":{""omni"":0,""light"":0,""dark"":0,""anima"":0,""status"":0}}}}","{""bonus"":{""allure"":0,""charisma"":0,""libido"":0,""dominance"":0},""soiled"":{""blood"":0,""sweat"":0,""semen"":0,""urine"":0,""discharge"":0,""arousal"":0}}","{""prf"": ""Wallace"", ""unequipped"": true, ""indestructible"": true}",{}
811,unequipped,empty,Wallace,waist,Nothing!,"{""itemType"":""unequipped"",""bonus"":{""chance"":{""parry"":0,""dodge"":0,""block"":0,""hit"":0,""critical"":0,""resist"":{""omni"":0,""light"":0,""dark"":0,""anima"":0,""status"":0}},""value"":{""damage"":0,""melee"":0,""critical"":0,""block"":0,""armor"":0,""resist"":{""omni"":0,""light"":0,""dark"":0,""anima"":0,""status"":0}}}}","{""bonus"":{""allure"":0,""charisma"":0,""libido"":0,""dominance"":0},""soiled"":{""blood"":0,""sweat"":0,""semen"":0,""urine"":0,""discharge"":0,""arousal"":0}}","{""prf"": ""Wallace"", ""unequipped"": true, ""indestructible"": true}",{}
812,unequipped,bare,Wallace,leg,Nothing!,"{""itemType"":""unequipped"",""bonus"":{""chance"":{""parry"":0,""dodge"":0,""block"":0,""hit"":0,""critical"":0,""resist"":{""omni"":0,""light"":0,""dark"":0,""anima"":0,""status"":0}},""value"":{""damage"":0,""melee"":0,""critical"":0,""block"":0,""armor"":0,""resist"":{""omni"":0,""light"":0,""dark"":0,""anima"":0,""status"":0}}}}","{""bonus"":{""allure"":0,""charisma"":0,""libido"":0,""dominance"":0},""soiled"":{""blood"":0,""sweat"":0,""semen"":0,""urine"":0,""discharge"":0,""arousal"":0}}","{""prf"": ""Wallace"", ""unequipped"": true, ""indestructible"": true}",{}
813,unequipped,bare,Wallace,shin,Nothing!,"{""itemType"":""unequipped"",""bonus"":{""chance"":{""parry"":0,""dodge"":0,""block"":0,""hit"":0,""critical"":0,""resist"":{""omni"":0,""light"":0,""dark"":0,""anima"":0,""status"":0}},""value"":{""damage"":0,""melee"":0,""critical"":0,""block"":0,""armor"":0,""resist"":{""omni"":0,""light"":0,""dark"":0,""anima"":0,""status"":0}}}}","{""bonus"":{""allure"":0,""charisma"":0,""libido"":0,""dominance"":0},""soiled"":{""blood"":0,""sweat"":0,""semen"":0,""urine"":0,""discharge"":0,""arousal"":0}}","{""prf"": ""Wallace"", ""unequipped"": true, ""indestructible"": true}",{}
814,unequipped,bare,Wallace,foot,Nothing!,"{""itemType"":""unequipped"",""bonus"":{""chance"":{""parry"":0,""dodge"":0,""block"":0,""hit"":0,""critical"":0,""resist"":{""omni"":0,""light"":0,""dark"":0,""anima"":0,""status"":0}},""value"":{""damage"":0,""melee"":0,""critical"":0,""block"":0,""armor"":0,""resist"":{""omni"":0,""light"":0,""dark"":0,""anima"":0,""status"":0}}}}","{""bonus"":{""allure"":0,""charisma"":0,""libido"":0,""dominance"":0},""soiled"":{""blood"":0,""sweat"":0,""semen"":0,""urine"":0,""discharge"":0,""arousal"":0}}","{""prf"": ""Wallace"", ""unequipped"": true, ""indestructible"": true}",{}
815,unequipped,empty,Wallace,ring1,Nothing!,"{""itemType"":""unequipped"",""bonus"":{""chance"":{""parry"":0,""dodge"":0,""block"":0,""hit"":0,""critical"":0,""resist"":{""omni"":0,""light"":0,""dark"":0,""anima"":0,""status"":0}},""value"":{""damage"":0,""melee"":0,""critical"":0,""block"":0,""armor"":0,""resist"":{""omni"":0,""light"":0,""dark"":0,""anima"":0,""status"":0}}}}","{""bonus"":{""allure"":0,""charisma"":0,""libido"":0,""dominance"":0},""soiled"":{""blood"":0,""sweat"":0,""semen"":0,""urine"":0,""discharge"":0,""arousal"":0}}","{""prf"": ""Wallace"", ""unequipped"": true, ""indestructible"": true}",{}
816,unequipped,empty,Wallace,ring2,Nothing!,"{""itemType"":""unequipped"",""bonus"":{""chance"":{""parry"":0,""dodge"":0,""block"":0,""hit"":0,""critical"":0,""resist"":{""omni"":0,""light"":0,""dark"":0,""anima"":0,""status"":0}},""value"":{""damage"":0,""melee"":0,""critical"":0,""block"":0,""armor"":0,""resist"":{""omni"":0,""light"":0,""dark"":0,""anima"":0,""status"":0}}}}","{""bonus"":{""allure"":0,""charisma"":0,""libido"":0,""dominance"":0},""soiled"":{""blood"":0,""sweat"":0,""semen"":0,""urine"":0,""discharge"":0,""arousal"":0}}","{""prf"": ""Wallace"", ""unequipped"": true, ""indestructible"": true}",{}
817,unequipped,empty,Wallace,trinket1,Nothing!,"{""itemType"":""unequipped"",""bonus"":{""chance"":{""parry"":0,""dodge"":0,""block"":0,""hit"":0,""critical"":0,""resist"":{""omni"":0,""light"":0,""dark"":0,""anima"":0,""status"":0}},""value"":{""damage"":0,""melee"":0,""critical"":0,""block"":0,""armor"":0,""resist"":{""omni"":0,""light"":0,""dark"":0,""anima"":0,""status"":0}}}}","{""bonus"":{""allure"":0,""charisma"":0,""libido"":0,""dominance"":0},""soiled"":{""blood"":0,""sweat"":0,""semen"":0,""urine"":0,""discharge"":0,""arousal"":0}}","{""prf"": ""Wallace"", ""unequipped"": true, ""indestructible"": true}",{}
818,unequipped,empty,Wallace,trinket2,Nothing!,"{""itemType"":""unequipped"",""bonus"":{""chance"":{""parry"":0,""dodge"":0,""block"":0,""hit"":0,""critical"":0,""resist"":{""omni"":0,""light"":0,""dark"":0,""anima"":0,""status"":0}},""value"":{""damage"":0,""melee"":0,""critical"":0,""block"":0,""armor"":0,""resist"":{""omni"":0,""light"":0,""dark"":0,""anima"":0,""status"":0}}}}","{""bonus"":{""allure"":0,""charisma"":0,""libido"":0,""dominance"":0},""soiled"":{""blood"":0,""sweat"":0,""semen"":0,""urine"":0,""discharge"":0,""arousal"":0}}","{""prf"": ""Wallace"", ""unequipped"": true, ""indestructible"": true}",{}
819,weapon,empty,Wallace,mainhand,Emptyhanded,"{""weaponType"":""punch"",""material"":""body"",""bonus"":{""chance"":{""parry"":0,""dodge"":0,""block"":0,""hit"":0,""critical"":0},""value"":{""block"":0,""damage"":0,""critical"":0,""effectiveMultiplier"":1}},""durability"":1}","{""bonus"":{""allure"":0,""charisma"":0,""libido"":0,""dominance"":0}        }","{""prf"": ""Wallace"", ""unequipped"": true, ""indestructible"": true}",{}
820,unequipped,nude,Wil,undershirt,A bare male chest.,"{""itemType"":""unequipped"",""bonus"":{""chance"":{""parry"":0,""dodge"":0,""block"":0,""hit"":0,""critical"":0,""resist"":{""omni"":0,""light"":0,""dark"":0,""anima"":0,""status"":0}},""value"":{""damage"":0,""melee"":0,""critical"":0,""block"":0,""armor"":0,""resist"":{""omni"":0,""light"":0,""dark"":0,""anima"":0,""status"":0}}}}","{""bonus"":{""allure"":0,""charisma"":0,""libido"":0,""dominance"":0},""soiled"":{""blood"":0,""sweat"":0,""semen"":0,""urine"":0,""discharge"":0,""arousal"":0}}","{""prf"": ""Wil"", ""unequipped"": true, ""indestructible"": true}",{}
821,unequipped,nude,Wil,underwear,Nothing!,"{""itemType"":""unequipped"",""bonus"":{""chance"":{""parry"":0,""dodge"":0,""block"":0,""hit"":0,""critical"":0,""resist"":{""omni"":0,""light"":0,""dark"":0,""anima"":0,""status"":0}},""value"":{""damage"":0,""melee"":0,""critical"":0,""block"":0,""armor"":0,""resist"":{""omni"":0,""light"":0,""dark"":0,""anima"":0,""status"":0}}}}","{""bonus"":{""allure"":0,""charisma"":0,""libido"":0,""dominance"":0},""soiled"":{""blood"":0,""sweat"":0,""semen"":0,""urine"":0,""discharge"":0,""arousal"":0}}","{""prf"": ""Wil"", ""unequipped"": true, ""indestructible"": true}",{}
822,unequipped,empty,Wil,offhand,Nothing!,"{""itemType"":""unequipped"",""bonus"":{""chance"":{""parry"":0,""dodge"":0,""block"":0,""hit"":0,""critical"":0,""resist"":{""omni"":0,""light"":0,""dark"":0,""anima"":0,""status"":0}},""value"":{""damage"":0,""melee"":0,""critical"":0,""block"":0,""armor"":0,""resist"":{""omni"":0,""light"":0,""dark"":0,""anima"":0,""status"":0}}}}","{""bonus"":{""allure"":0,""charisma"":0,""libido"":0,""dominance"":0},""soiled"":{""blood"":0,""sweat"":0,""semen"":0,""urine"":0,""discharge"":0,""arousal"":0}}","{""prf"": ""Wil"", ""unequipped"": true, ""indestructible"": true}",{}
823,unequipped,uncovered,Wil,head,Nothing!,"{""itemType"":""unequipped"",""bonus"":{""chance"":{""parry"":0,""dodge"":0,""block"":0,""hit"":0,""critical"":0,""resist"":{""omni"":0,""light"":0,""dark"":0,""anima"":0,""status"":0}},""value"":{""damage"":0,""melee"":0,""critical"":0,""block"":0,""armor"":0,""resist"":{""omni"":0,""light"":0,""dark"":0,""anima"":0,""status"":0}}}}","{""bonus"":{""allure"":0,""charisma"":0,""libido"":0,""dominance"":0},""soiled"":{""blood"":0,""sweat"":0,""semen"":0,""urine"":0,""discharge"":0,""arousal"":0}}","{""prf"": ""Wil"", ""unequipped"": true, ""indestructible"": true}",{}
824,unequipped,bare,Wil,neck,Nothing!,"{""itemType"":""unequipped"",""bonus"":{""chance"":{""parry"":0,""dodge"":0,""block"":0,""hit"":0,""critical"":0,""resist"":{""omni"":0,""light"":0,""dark"":0,""anima"":0,""status"":0}},""value"":{""damage"":0,""melee"":0,""critical"":0,""block"":0,""armor"":0,""resist"":{""omni"":0,""light"":0,""dark"":0,""anima"":0,""status"":0}}}}","{""bonus"":{""allure"":0,""charisma"":0,""libido"":0,""dominance"":0},""soiled"":{""blood"":0,""sweat"":0,""semen"":0,""urine"":0,""discharge"":0,""arousal"":0}}","{""prf"": ""Wil"", ""unequipped"": true, ""indestructible"": true}",{}
825,unequipped,uncovered,Wil,shoulder,Nothing!,"{""itemType"":""unequipped"",""bonus"":{""chance"":{""parry"":0,""dodge"":0,""block"":0,""hit"":0,""critical"":0,""resist"":{""omni"":0,""light"":0,""dark"":0,""anima"":0,""status"":0}},""value"":{""damage"":0,""melee"":0,""critical"":0,""block"":0,""armor"":0,""resist"":{""omni"":0,""light"":0,""dark"":0,""anima"":0,""status"":0}}}}","{""bonus"":{""allure"":0,""charisma"":0,""libido"":0,""dominance"":0},""soiled"":{""blood"":0,""sweat"":0,""semen"":0,""urine"":0,""discharge"":0,""arousal"":0}}","{""prf"": ""Wil"", ""unequipped"": true, ""indestructible"": true}",{}
826,unequipped,bare,Wil,back,Nothing!,"{""itemType"":""unequipped"",""bonus"":{""chance"":{""parry"":0,""dodge"":0,""block"":0,""hit"":0,""critical"":0,""resist"":{""omni"":0,""light"":0,""dark"":0,""anima"":0,""status"":0}},""value"":{""damage"":0,""melee"":0,""critical"":0,""block"":0,""armor"":0,""resist"":{""omni"":0,""light"":0,""dark"":0,""anima"":0,""status"":0}}}}","{""bonus"":{""allure"":0,""charisma"":0,""libido"":0,""dominance"":0},""soiled"":{""blood"":0,""sweat"":0,""semen"":0,""urine"":0,""discharge"":0,""arousal"":0}}","{""prf"": ""Wil"", ""unequipped"": true, ""indestructible"": true}",{}
827,unequipped,uncovered,Wil,chest,Nothing!,"{""itemType"":""unequipped"",""bonus"":{""chance"":{""parry"":0,""dodge"":0,""block"":0,""hit"":0,""critical"":0,""resist"":{""omni"":0,""light"":0,""dark"":0,""anima"":0,""status"":0}},""value"":{""damage"":0,""melee"":0,""critical"":0,""block"":0,""armor"":0,""resist"":{""omni"":0,""light"":0,""dark"":0,""anima"":0,""status"":0}}}}","{""bonus"":{""allure"":0,""charisma"":0,""libido"":0,""dominance"":0},""soiled"":{""blood"":0,""sweat"":0,""semen"":0,""urine"":0,""discharge"":0,""arousal"":0}}","{""prf"": ""Wil"", ""unequipped"": true, ""indestructible"": true}",{}
828,unequipped,nude,Wil,shirt,Nothing!,"{""itemType"":""unequipped"",""bonus"":{""chance"":{""parry"":0,""dodge"":0,""block"":0,""hit"":0,""critical"":0,""resist"":{""omni"":0,""light"":0,""dark"":0,""anima"":0,""status"":0}},""value"":{""damage"":0,""melee"":0,""critical"":0,""block"":0,""armor"":0,""resist"":{""omni"":0,""light"":0,""dark"":0,""anima"":0,""status"":0}}}}","{""bonus"":{""allure"":0,""charisma"":0,""libido"":0,""dominance"":0},""soiled"":{""blood"":0,""sweat"":0,""semen"":0,""urine"":0,""discharge"":0,""arousal"":0}}","{""prf"": ""Wil"", ""unequipped"": true, ""indestructible"": true}",{}
829,unequipped,bare,Wil,wrist,Nothing!,"{""itemType"":""unequipped"",""bonus"":{""chance"":{""parry"":0,""dodge"":0,""block"":0,""hit"":0,""critical"":0,""resist"":{""omni"":0,""light"":0,""dark"":0,""anima"":0,""status"":0}},""value"":{""damage"":0,""melee"":0,""critical"":0,""block"":0,""armor"":0,""resist"":{""omni"":0,""light"":0,""dark"":0,""anima"":0,""status"":0}}}}","{""bonus"":{""allure"":0,""charisma"":0,""libido"":0,""dominance"":0},""soiled"":{""blood"":0,""sweat"":0,""semen"":0,""urine"":0,""discharge"":0,""arousal"":0}}","{""prf"": ""Wil"", ""unequipped"": true, ""indestructible"": true}",{}
830,unequipped,bare,Wil,hand,Nothing!,"{""itemType"":""unequipped"",""bonus"":{""chance"":{""parry"":0,""dodge"":0,""block"":0,""hit"":0,""critical"":0,""resist"":{""omni"":0,""light"":0,""dark"":0,""anima"":0,""status"":0}},""value"":{""damage"":0,""melee"":0,""critical"":0,""block"":0,""armor"":0,""resist"":{""omni"":0,""light"":0,""dark"":0,""anima"":0,""status"":0}}}}","{""bonus"":{""allure"":0,""charisma"":0,""libido"":0,""dominance"":0},""soiled"":{""blood"":0,""sweat"":0,""semen"":0,""urine"":0,""discharge"":0,""arousal"":0}}","{""prf"": ""Wil"", ""unequipped"": true, ""indestructible"": true}",{}
831,unequipped,empty,Wil,waist,Nothing!,"{""itemType"":""unequipped"",""bonus"":{""chance"":{""parry"":0,""dodge"":0,""block"":0,""hit"":0,""critical"":0,""resist"":{""omni"":0,""light"":0,""dark"":0,""anima"":0,""status"":0}},""value"":{""damage"":0,""melee"":0,""critical"":0,""block"":0,""armor"":0,""resist"":{""omni"":0,""light"":0,""dark"":0,""anima"":0,""status"":0}}}}","{""bonus"":{""allure"":0,""charisma"":0,""libido"":0,""dominance"":0},""soiled"":{""blood"":0,""sweat"":0,""semen"":0,""urine"":0,""discharge"":0,""arousal"":0}}","{""prf"": ""Wil"", ""unequipped"": true, ""indestructible"": true}",{}
832,unequipped,bare,Wil,leg,Nothing!,"{""itemType"":""unequipped"",""bonus"":{""chance"":{""parry"":0,""dodge"":0,""block"":0,""hit"":0,""critical"":0,""resist"":{""omni"":0,""light"":0,""dark"":0,""anima"":0,""status"":0}},""value"":{""damage"":0,""melee"":0,""critical"":0,""block"":0,""armor"":0,""resist"":{""omni"":0,""light"":0,""dark"":0,""anima"":0,""status"":0}}}}","{""bonus"":{""allure"":0,""charisma"":0,""libido"":0,""dominance"":0},""soiled"":{""blood"":0,""sweat"":0,""semen"":0,""urine"":0,""discharge"":0,""arousal"":0}}","{""prf"": ""Wil"", ""unequipped"": true, ""indestructible"": true}",{}
833,unequipped,bare,Wil,shin,Nothing!,"{""itemType"":""unequipped"",""bonus"":{""chance"":{""parry"":0,""dodge"":0,""block"":0,""hit"":0,""critical"":0,""resist"":{""omni"":0,""light"":0,""dark"":0,""anima"":0,""status"":0}},""value"":{""damage"":0,""melee"":0,""critical"":0,""block"":0,""armor"":0,""resist"":{""omni"":0,""light"":0,""dark"":0,""anima"":0,""status"":0}}}}","{""bonus"":{""allure"":0,""charisma"":0,""libido"":0,""dominance"":0},""soiled"":{""blood"":0,""sweat"":0,""semen"":0,""urine"":0,""discharge"":0,""arousal"":0}}","{""prf"": ""Wil"", ""unequipped"": true, ""indestructible"": true}",{}
834,unequipped,bare,Wil,foot,Nothing!,"{""itemType"":""unequipped"",""bonus"":{""chance"":{""parry"":0,""dodge"":0,""block"":0,""hit"":0,""critical"":0,""resist"":{""omni"":0,""light"":0,""dark"":0,""anima"":0,""status"":0}},""value"":{""damage"":0,""melee"":0,""critical"":0,""block"":0,""armor"":0,""resist"":{""omni"":0,""light"":0,""dark"":0,""anima"":0,""status"":0}}}}","{""bonus"":{""allure"":0,""charisma"":0,""libido"":0,""dominance"":0},""soiled"":{""blood"":0,""sweat"":0,""semen"":0,""urine"":0,""discharge"":0,""arousal"":0}}","{""prf"": ""Wil"", ""unequipped"": true, ""indestructible"": true}",{}
835,unequipped,empty,Wil,ring1,Nothing!,"{""itemType"":""unequipped"",""bonus"":{""chance"":{""parry"":0,""dodge"":0,""block"":0,""hit"":0,""critical"":0,""resist"":{""omni"":0,""light"":0,""dark"":0,""anima"":0,""status"":0}},""value"":{""damage"":0,""melee"":0,""critical"":0,""block"":0,""armor"":0,""resist"":{""omni"":0,""light"":0,""dark"":0,""anima"":0,""status"":0}}}}","{""bonus"":{""allure"":0,""charisma"":0,""libido"":0,""dominance"":0},""soiled"":{""blood"":0,""sweat"":0,""semen"":0,""urine"":0,""discharge"":0,""arousal"":0}}","{""prf"": ""Wil"", ""unequipped"": true, ""indestructible"": true}",{}
836,unequipped,empty,Wil,ring2,Nothing!,"{""itemType"":""unequipped"",""bonus"":{""chance"":{""parry"":0,""dodge"":0,""block"":0,""hit"":0,""critical"":0,""resist"":{""omni"":0,""light"":0,""dark"":0,""anima"":0,""status"":0}},""value"":{""damage"":0,""melee"":0,""critical"":0,""block"":0,""armor"":0,""resist"":{""omni"":0,""light"":0,""dark"":0,""anima"":0,""status"":0}}}}","{""bonus"":{""allure"":0,""charisma"":0,""libido"":0,""dominance"":0},""soiled"":{""blood"":0,""sweat"":0,""semen"":0,""urine"":0,""discharge"":0,""arousal"":0}}","{""prf"": ""Wil"", ""unequipped"": true, ""indestructible"": true}",{}
837,unequipped,empty,Wil,trinket1,Nothing!,"{""itemType"":""unequipped"",""bonus"":{""chance"":{""parry"":0,""dodge"":0,""block"":0,""hit"":0,""critical"":0,""resist"":{""omni"":0,""light"":0,""dark"":0,""anima"":0,""status"":0}},""value"":{""damage"":0,""melee"":0,""critical"":0,""block"":0,""armor"":0,""resist"":{""omni"":0,""light"":0,""dark"":0,""anima"":0,""status"":0}}}}","{""bonus"":{""allure"":0,""charisma"":0,""libido"":0,""dominance"":0},""soiled"":{""blood"":0,""sweat"":0,""semen"":0,""urine"":0,""discharge"":0,""arousal"":0}}","{""prf"": ""Wil"", ""unequipped"": true, ""indestructible"": true}",{}
838,unequipped,empty,Wil,trinket2,Nothing!,"{""itemType"":""unequipped"",""bonus"":{""chance"":{""parry"":0,""dodge"":0,""block"":0,""hit"":0,""critical"":0,""resist"":{""omni"":0,""light"":0,""dark"":0,""anima"":0,""status"":0}},""value"":{""damage"":0,""melee"":0,""critical"":0,""block"":0,""armor"":0,""resist"":{""omni"":0,""light"":0,""dark"":0,""anima"":0,""status"":0}}}}","{""bonus"":{""allure"":0,""charisma"":0,""libido"":0,""dominance"":0},""soiled"":{""blood"":0,""sweat"":0,""semen"":0,""urine"":0,""discharge"":0,""arousal"":0}}","{""prf"": ""Wil"", ""unequipped"": true, ""indestructible"": true}",{}
839,weapon,empty,Wil,mainhand,Emptyhanded,"{""weaponType"":""punch"",""material"":""body"",""bonus"":{""chance"":{""parry"":0,""dodge"":0,""block"":0,""hit"":0,""critical"":0},""value"":{""block"":0,""damage"":0,""critical"":0,""effectiveMultiplier"":1}},""durability"":1}","{""bonus"":{""allure"":0,""charisma"":0,""libido"":0,""dominance"":0}        }","{""prf"": ""Wil"", ""unequipped"": true, ""indestructible"": true}",{}
840,armor,Wool Hood,Amberyl,head,A deep hood that can be raised to obscure even the brightest red hair.,"{""itemType"":""cloth"",""bonus"":{""chance"":{""parry"":0,""dodge"":0,""block"":0,""resist"":{""omni"":0,""light"":0,""dark"":0,""anima"":0,""status"":0}},""value"":{""block"":0,""armor"":0,""resist"":{""omni"":0,""light"":0,""dark"":0,""anima"":0,""status"":0.01}}},""durability"":1        }","{""bonus"":{""allure"":0,""charisma"":0,""libido"":0,""dominance"":0},""soiled"":{""blood"":0,""sweat"":0,""semen"":0,""urine"":0,""discharge"":0,""arousal"":0}}","{""starter"":true,""female"":true}",{}
841,placeholder,placeholder,Amberyl,neck,placeholder,{},{},{},{}
842,placeholder,placeholder,Amberyl,shoulder,placeholder,{},{},{},{}
843,armor,Wool Cloak,Amberyl,back,A sturdy forest-green woolen cloak. Adequate for light weather.,"{""itemType"":""cloth"",""bonus"":{""chance"":{""parry"":0,""dodge"":0,""block"":0,""resist"":{""omni"":0,""light"":0,""dark"":0,""anima"":0,""status"":0}},""value"":{""block"":0,""armor"":0,""resist"":{""omni"":0,""light"":0,""dark"":0,""anima"":0,""status"":0.01}}},""durability"":1        }","{""bonus"":{""allure"":0,""charisma"":0,""libido"":0,""dominance"":0},""soiled"":{""blood"":0,""sweat"":0,""semen"":0,""urine"":0,""discharge"":0,""arousal"":0}}","{""starter"":true,""female"":true}",{}
844,placeholder,placeholder,Amberyl,chest,placeholder,{},{},{},{}
845,armor,Linen Tunic,Amberyl,shirt,"A fashionable and well-tailored linen tunic, the color of sand.","{""itemType"":""cloth"",""bonus"":{""chance"":{""parry"":0,""dodge"":0,""block"":0,""resist"":{""omni"":0,""light"":0,""dark"":0,""anima"":0,""status"":0}},""value"":{""block"":0,""armor"":0,""resist"":{""omni"":0,""light"":0,""dark"":0,""anima"":0,""status"":0.01}}},""durability"":1        }","{""bonus"":{""allure"":0,""charisma"":0,""libido"":0,""dominance"":0},""soiled"":{""blood"":0,""sweat"":0,""semen"":0,""urine"":0,""discharge"":0,""arousal"":0}}","{""starter"":true,""female"":true}",{}
846,armor,Fine Linen Undershirt,Amberyl,undershirt,placeholder,"{""itemType"":""cloth"",""bonus"":{""chance"":{""parry"":0,""dodge"":0,""block"":0,""resist"":{""omni"":0,""light"":0,""dark"":0,""anima"":0,""status"":0}},""value"":{""block"":0,""armor"":0,""resist"":{""omni"":0,""light"":0,""dark"":0,""anima"":0,""status"":0.01}}},""durability"":1        }","{""bonus"":{""allure"":0,""charisma"":0,""libido"":0,""dominance"":0},""soiled"":{""blood"":0,""sweat"":0,""semen"":0,""urine"":0,""discharge"":0,""arousal"":0}}","{""starter"":true,""female"":true}",{}
847,placeholder,placeholder,Amberyl,wrist,placeholder,{},{},{},{}
848,armor,Doeskin Gloves,Amberyl,hand,A well-crafted pair of earthen colored leather gloves.,"{""itemType"":""leather"",""bonus"":{""chance"":{""parry"":0,""dodge"":0,""block"":0,""resist"":{""omni"":0,""light"":0,""dark"":0,""anima"":0,""status"":0}},""value"":{""block"":0,""armor"":0,""resist"":{""omni"":0,""light"":0,""dark"":0,""anima"":0,""status"":0.01}}},""durability"":1        }","{""bonus"":{""allure"":0,""charisma"":0,""libido"":0,""dominance"":0},""soiled"":{""blood"":0,""sweat"":0,""semen"":0,""urine"":0,""discharge"":0,""arousal"":0}}","{""starter"":true,""female"":true}",{}
849,armor,Leather Belt,Amberyl,waist,A servicable leather belt and sleek silver buckle.,"{""itemType"":""leather"",""bonus"":{""chance"":{""parry"":0,""dodge"":0,""block"":0,""resist"":{""omni"":0,""light"":0,""dark"":0,""anima"":0,""status"":0}},""value"":{""block"":0,""armor"":0,""resist"":{""omni"":0,""light"":0,""dark"":0,""anima"":0,""status"":0.01}}},""durability"":1        }","{""bonus"":{""allure"":0,""charisma"":0,""libido"":0,""dominance"":0},""soiled"":{""blood"":0,""sweat"":0,""semen"":0,""urine"":0,""discharge"":0,""arousal"":0}}","{""starter"":true,""female"":true}",{}
850,armor,Fine Linen Underwear,Amberyl,underwear,placeholder,"{""itemType"":""cloth"",""bonus"":{""chance"":{""parry"":0,""dodge"":0,""block"":0,""resist"":{""omni"":0,""light"":0,""dark"":0,""anima"":0,""status"":0}},""value"":{""block"":0,""armor"":0,""resist"":{""omni"":0,""light"":0,""dark"":0,""anima"":0,""status"":0.01}}},""durability"":1        }","{""bonus"":{""allure"":0,""charisma"":0,""libido"":0,""dominance"":0},""soiled"":{""blood"":0,""sweat"":0,""semen"":0,""urine"":0,""discharge"":0,""arousal"":0}}","{""starter"":true,""female"":true}",{}
851,armor,Doeskin Wool Pants,Amberyl,leg,"A pair of snug wool pants, optimal for displaying curves.","{""itemType"":""cloth"",""bonus"":{""chance"":{""parry"":0,""dodge"":0,""block"":0,""resist"":{""omni"":0,""light"":0,""dark"":0,""anima"":0,""status"":0}},""value"":{""block"":0,""armor"":0,""resist"":{""omni"":0,""light"":0,""dark"":0,""anima"":0,""status"":0.01}}},""durability"":1        }","{""bonus"":{""allure"":0,""charisma"":0,""libido"":0,""dominance"":0},""soiled"":{""blood"":0,""sweat"":0,""semen"":0,""urine"":0,""discharge"":0,""arousal"":0}}","{""starter"":true,""female"":true}",{}
852,placeholder,placeholder,Amberyl,shin,placeholder,{},{},{},{}
853,armor,Doeskin Leather Boots,Amberyl,foot,"A pair of sleek doeskin leather boots, fashionable and durable.","{""itemType"":""leather"",""bonus"":{""chance"":{""parry"":0,""dodge"":0,""block"":0,""resist"":{""omni"":0,""light"":0,""dark"":0,""anima"":0,""status"":0}},""value"":{""block"":0,""armor"":0,""resist"":{""omni"":0,""light"":0,""dark"":0,""anima"":0,""status"":0.01}}},""durability"":1        }","{""bonus"":{""allure"":0,""charisma"":0,""libido"":0,""dominance"":0},""soiled"":{""blood"":0,""sweat"":0,""semen"":0,""urine"":0,""discharge"":0,""arousal"":0}}","{""starter"":true,""female"":true}",{}
854,placeholder,placeholder,Amberyl,ring1,placeholder,{},{},{},{}
855,placeholder,placeholder,Amberyl,ring2,placeholder,{},{},{},{}
856,placeholder,placeholder,Amberyl,trinket1,placeholder,{},{},{},{}
857,placeholder,placeholder,Amberyl,trinket2,placeholder,{},{},{},{}
858,placeholder,placeholder,Amberyl,placeholder,placeholder,{},{},{},{}
859,placeholder,placeholder,Amberyl,placeholder,placeholder,{},{},{},{}
860,armor,Leather Hair Tie,Lyn,head,A leather thong sufficient to bind even the longest of ponytails.,"{""itemType"":""cloth"",""bonus"":{""chance"":{""parry"":0,""dodge"":0,""block"":0,""resist"":{""omni"":0,""light"":0,""dark"":0,""anima"":0,""status"":0}},""value"":{""block"":0,""armor"":0,""resist"":{""omni"":0,""light"":0,""dark"":0,""anima"":0,""status"":0.01}}},""durability"":1        }","{""bonus"":{""allure"":0,""charisma"":0,""libido"":0,""dominance"":0},""soiled"":{""blood"":0,""sweat"":0,""semen"":0,""urine"":0,""discharge"":0,""arousal"":0}}","{""starter"":true,""female"":true}",{}
861,placeholder,placeholder,Lyn,neck,placeholder,{},{},{},{}
862,placeholder,placeholder,Lyn,shoulder,placeholder,{},{},{},{}
863,armor,Wool Cloak,Lyn,back,A sturdy earth-colored woolen cloak. Adequate for light weather.,"{""itemType"":""cloth"",""bonus"":{""chance"":{""parry"":0,""dodge"":0,""block"":0,""resist"":{""omni"":0,""light"":0,""dark"":0,""anima"":0,""status"":0}},""value"":{""block"":0,""armor"":0,""resist"":{""omni"":0,""light"":0,""dark"":0,""anima"":0,""status"":0.01}}},""durability"":1        }","{""bonus"":{""allure"":0,""charisma"":0,""libido"":0,""dominance"":0},""soiled"":{""blood"":0,""sweat"":0,""semen"":0,""urine"":0,""discharge"":0,""arousal"":0}}","{""starter"":true,""female"":true}",{}
864,placeholder,placeholder,Lyn,chest,placeholder,{},{},{},{}
865,armor,Fine Sacaen Tunic,Lyn,shirt,A vibrantly colorful nomadic tunic. Trimmed with exotic patterns.,"{""itemType"":""cloth"",""bonus"":{""chance"":{""parry"":0,""dodge"":0,""block"":0,""resist"":{""omni"":0,""light"":0,""dark"":0,""anima"":0,""status"":0}},""value"":{""block"":0,""armor"":0,""resist"":{""omni"":0,""light"":0,""dark"":0,""anima"":0,""status"":0.01}}},""durability"":1        }","{""bonus"":{""allure"":0,""charisma"":0,""libido"":0,""dominance"":0},""soiled"":{""blood"":0,""sweat"":0,""semen"":0,""urine"":0,""discharge"":0,""arousal"":0}}","{""starter"":true,""female"":true}",{}
866,armor,Linen Breastcloth,Lyn,undershirt,A pliable wrap to keep the bouncing to a minimum.,"{""itemType"":""cloth"",""bonus"":{""chance"":{""parry"":0,""dodge"":0,""block"":0,""resist"":{""omni"":0,""light"":0,""dark"":0,""anima"":0,""status"":0}},""value"":{""block"":0,""armor"":0,""resist"":{""omni"":0,""light"":0,""dark"":0,""anima"":0,""status"":0.01}}},""durability"":1        }","{""bonus"":{""allure"":0,""charisma"":0,""libido"":0,""dominance"":0},""soiled"":{""blood"":0,""sweat"":0,""semen"":0,""urine"":0,""discharge"":0,""arousal"":0}}","{""starter"":true,""female"":true}",{}
867,armor,Sacaen Bracelets,Lyn,wrist,"Woven bracelets, decorative and colorful.","{""itemType"":""cloth"",""bonus"":{""chance"":{""parry"":0,""dodge"":0,""block"":0,""resist"":{""omni"":0,""light"":0,""dark"":0,""anima"":0,""status"":0}},""value"":{""block"":0,""armor"":0,""resist"":{""omni"":0,""light"":0,""dark"":0,""anima"":0,""status"":0.01}}},""durability"":1        }","{""bonus"":{""allure"":0,""charisma"":0,""libido"":0,""dominance"":0},""soiled"":{""blood"":0,""sweat"":0,""semen"":0,""urine"":0,""discharge"":0,""arousal"":0}}","{""starter"":true,""female"":true}",{}
868,armor,Fine Sacaen Gloves,Lyn,hand,"A set of fingerless gloves, allows for both protection and control.","{""itemType"":""cloth"",""bonus"":{""chance"":{""parry"":0,""dodge"":0,""block"":0,""resist"":{""omni"":0,""light"":0,""dark"":0,""anima"":0,""status"":0}},""value"":{""block"":0,""armor"":0,""resist"":{""omni"":0,""light"":0,""dark"":0,""anima"":0,""status"":0.01}}},""durability"":1        }","{""bonus"":{""allure"":0,""charisma"":0,""libido"":0,""dominance"":0},""soiled"":{""blood"":0,""sweat"":0,""semen"":0,""urine"":0,""discharge"":0,""arousal"":0}}","{""starter"":true,""female"":true}",{}
869,armor,Linen Sash,Lyn,waist,"A mahogany colored sash, tied off with braided tassels.","{""itemType"":""cloth"",""bonus"":{""chance"":{""parry"":0,""dodge"":0,""block"":0,""resist"":{""omni"":0,""light"":0,""dark"":0,""anima"":0,""status"":0}},""value"":{""block"":0,""armor"":0,""resist"":{""omni"":0,""light"":0,""dark"":0,""anima"":0,""status"":0.01}}},""durability"":1        }","{""bonus"":{""allure"":0,""charisma"":0,""libido"":0,""dominance"":0},""soiled"":{""blood"":0,""sweat"":0,""semen"":0,""urine"":0,""discharge"":0,""arousal"":0}}","{""starter"":true,""female"":true}",{}
870,armor,Linen Smallcloth,Lyn,underwear,A small piece of cloth designed for function and not for modesty.,"{""itemType"":""cloth"",""bonus"":{""chance"":{""parry"":0,""dodge"":0,""block"":0,""resist"":{""omni"":0,""light"":0,""dark"":0,""anima"":0,""status"":0}},""value"":{""block"":0,""armor"":0,""resist"":{""omni"":0,""light"":0,""dark"":0,""anima"":0,""status"":0.01}}},""durability"":1        }","{""bonus"":{""allure"":0,""charisma"":0,""libido"":0,""dominance"":0},""soiled"":{""blood"":0,""sweat"":0,""semen"":0,""urine"":0,""discharge"":0,""arousal"":0}}","{""starter"":true,""female"":true}",{}
871,placeholder,placeholder,Lyn,leg,placeholder,{},{},{},{}
872,placeholder,placeholder,Lyn,shin,placeholder,{},{},{},{}
873,armor,Embroidered Doeskin Boots,Lyn,foot,"A pair of calf-height leather boots, emblazoned with nomadic patterns.","{""itemType"":""leather"",""bonus"":{""chance"":{""parry"":0,""dodge"":0,""block"":0,""resist"":{""omni"":0,""light"":0,""dark"":0,""anima"":0,""status"":0}},""value"":{""block"":0,""armor"":0,""resist"":{""omni"":0,""light"":0,""dark"":0,""anima"":0,""status"":0.01}}},""durability"":1        }","{""bonus"":{""allure"":0,""charisma"":0,""libido"":0,""dominance"":0},""soiled"":{""blood"":0,""sweat"":0,""semen"":0,""urine"":0,""discharge"":0,""arousal"":0}}","{""starter"":true,""female"":true}",{}
874,placeholder,placeholder,Lyn,ring1,placeholder,{},{},{},{}
875,placeholder,placeholder,Lyn,ring2,placeholder,{},{},{},{}
876,placeholder,placeholder,Lyn,trinket1,placeholder,{},{},{},{}
877,placeholder,placeholder,Lyn,trinket2,placeholder,{},{},{},{}
878,placeholder,placeholder,Lyn,placeholder,placeholder,{},{},{},{}
879,placeholder,placeholder,Lyn,placeholder,placeholder,{},{},{},{}
880,armor,Linen Headband,Sain,head,placeholder,"{""itemType"":""cloth"",""bonus"":{""chance"":{""parry"":0,""dodge"":0,""block"":0,""resist"":{""omni"":0,""light"":0,""dark"":0,""anima"":0,""status"":0}},""value"":{""block"":0,""armor"":0,""resist"":{""omni"":0,""light"":0,""dark"":0,""anima"":0,""status"":0.01}}},""durability"":1        }","{""bonus"":{""allure"":0,""charisma"":0,""libido"":0,""dominance"":0},""soiled"":{""blood"":0,""sweat"":0,""semen"":0,""urine"":0,""discharge"":0,""arousal"":0}}","{""starter"":true,""female"":false}",{}
881,placeholder,placeholder,Sain,neck,placeholder,{},{},{},{}
882,armor,Caelin Pauldrons,Sain,shoulder,placeholder,"{""itemType"":""highGradeSteel"",""bonus"":{""chance"":{""parry"":0,""dodge"":0,""block"":0,""hit"":0,""critical"":0,""resist"":{""omni"":0,""light"":0,""dark"":0,""anima"":0,""status"":0}},""value"":{""damage"":0,""melee"":0,""critical"":0,""block"":0,""armor"":0,""resist"":{""omni"":0,""light"":0,""dark"":0,""anima"":0,""status"":0}}},""durability"":1}","{""bonus"":{""allure"":0,""charisma"":0,""libido"":0,""dominance"":0},""soiled"":{""blood"":0,""sweat"":0,""semen"":0,""urine"":0,""discharge"":0,""arousal"":0}}","{""starter"":true,""female"":false}",{}
883,armor,Wool Cloak,Sain,back,placeholder,"{""itemType"":""cloth"",""bonus"":{""chance"":{""parry"":0,""dodge"":0,""block"":0,""resist"":{""omni"":0,""light"":0,""dark"":0,""anima"":0,""status"":0}},""value"":{""block"":0,""armor"":0,""resist"":{""omni"":0,""light"":0,""dark"":0,""anima"":0,""status"":0.01}}},""durability"":1        }","{""bonus"":{""allure"":0,""charisma"":0,""libido"":0,""dominance"":0},""soiled"":{""blood"":0,""sweat"":0,""semen"":0,""urine"":0,""discharge"":0,""arousal"":0}}","{""starter"":true,""female"":false}",{}
884,armor,Caelin Breastplate,Sain,chest,placeholder,"{""itemType"":""highGradeSteel"",""bonus"":{""chance"":{""parry"":0,""dodge"":0,""block"":0,""hit"":0,""critical"":0,""resist"":{""omni"":0,""light"":0,""dark"":0,""anima"":0,""status"":0}},""value"":{""damage"":0,""melee"":0,""critical"":0,""block"":0,""armor"":0,""resist"":{""omni"":0,""light"":0,""dark"":0,""anima"":0,""status"":0}}},""durability"":1}","{""bonus"":{""allure"":0,""charisma"":0,""libido"":0,""dominance"":0},""soiled"":{""blood"":0,""sweat"":0,""semen"":0,""urine"":0,""discharge"":0,""arousal"":0}}","{""starter"":true,""female"":false}",{}
885,armor,Linen Tunic,Sain,shirt,placeholder,"{""itemType"":""cloth"",""bonus"":{""chance"":{""parry"":0,""dodge"":0,""block"":0,""hit"":0,""critical"":0,""resist"":{""omni"":0,""light"":0,""dark"":0,""anima"":0,""status"":0}},""value"":{""damage"":0,""melee"":0,""critical"":0,""block"":0,""armor"":0,""resist"":{""omni"":0,""light"":0,""dark"":0,""anima"":0,""status"":0}}},""durability"":1}","{""bonus"":{""allure"":0,""charisma"":0,""libido"":0,""dominance"":0},""soiled"":{""blood"":0,""sweat"":0,""semen"":0,""urine"":0,""discharge"":0,""arousal"":0}}","{""starter"":true,""female"":false}",{}
886,placeholder,placeholder,Sain,undershirt,placeholder,{},{},{},{}
887,armor,Steel Bracers,Sain,wrist,placeholder,"{""itemType"":""highGradeSteel"",""bonus"":{""chance"":{""parry"":0,""dodge"":0,""block"":0,""hit"":0,""critical"":0,""resist"":{""omni"":0,""light"":0,""dark"":0,""anima"":0,""status"":0}},""value"":{""damage"":0,""melee"":0,""critical"":0,""block"":0,""armor"":0,""resist"":{""omni"":0,""light"":0,""dark"":0,""anima"":0,""status"":0}}},""durability"":1}","{""bonus"":{""allure"":0,""charisma"":0,""libido"":0,""dominance"":0},""soiled"":{""blood"":0,""sweat"":0,""semen"":0,""urine"":0,""discharge"":0,""arousal"":0}}","{""starter"":true,""female"":false}",{}
888,armor,Leather Gloves,Sain,hand,placeholder,"{""itemType"":""leather"",""bonus"":{""chance"":{""parry"":0,""dodge"":0,""block"":0,""hit"":0,""critical"":0,""resist"":{""omni"":0,""light"":0,""dark"":0,""anima"":0,""status"":0}},""value"":{""damage"":0,""melee"":0,""critical"":0,""block"":0,""armor"":0,""resist"":{""omni"":0,""light"":0,""dark"":0,""anima"":0,""status"":0}}},""durability"":1}","{""bonus"":{""allure"":0,""charisma"":0,""libido"":0,""dominance"":0},""soiled"":{""blood"":0,""sweat"":0,""semen"":0,""urine"":0,""discharge"":0,""arousal"":0}}","{""starter"":true,""female"":false}",{}
889,armor,Leather Belt,Sain,waist,placeholder,"{""itemType"":""leather"",""bonus"":{""chance"":{""parry"":0,""dodge"":0,""block"":0,""hit"":0,""critical"":0,""resist"":{""omni"":0,""light"":0,""dark"":0,""anima"":0,""status"":0}},""value"":{""damage"":0,""melee"":0,""critical"":0,""block"":0,""armor"":0,""resist"":{""omni"":0,""light"":0,""dark"":0,""anima"":0,""status"":0}}},""durability"":1}","{""bonus"":{""allure"":0,""charisma"":0,""libido"":0,""dominance"":0},""soiled"":{""blood"":0,""sweat"":0,""semen"":0,""urine"":0,""discharge"":0,""arousal"":0}}","{""starter"":true,""female"":false}",{}
890,armor,Linen Underwear,Sain,underwear,placeholder,"{""itemType"":""cloth"",""bonus"":{""chance"":{""parry"":0,""dodge"":0,""block"":0,""hit"":0,""critical"":0,""resist"":{""omni"":0,""light"":0,""dark"":0,""anima"":0,""status"":0}},""value"":{""damage"":0,""melee"":0,""critical"":0,""block"":0,""armor"":0,""resist"":{""omni"":0,""light"":0,""dark"":0,""anima"":0,""status"":0}}},""durability"":1}","{""bonus"":{""allure"":0,""charisma"":0,""libido"":0,""dominance"":0},""soiled"":{""blood"":0,""sweat"":0,""semen"":0,""urine"":0,""discharge"":0,""arousal"":0}}","{""starter"":true,""female"":false}",{}
891,armor,Wool Pants,Sain,leg,placeholder,"{""itemType"":""cloth"",""bonus"":{""chance"":{""parry"":0,""dodge"":0,""block"":0,""hit"":0,""critical"":0,""resist"":{""omni"":0,""light"":0,""dark"":0,""anima"":0,""status"":0}},""value"":{""damage"":0,""melee"":0,""critical"":0,""block"":0,""armor"":0,""resist"":{""omni"":0,""light"":0,""dark"":0,""anima"":0,""status"":0}}},""durability"":1}","{""bonus"":{""allure"":0,""charisma"":0,""libido"":0,""dominance"":0},""soiled"":{""blood"":0,""sweat"":0,""semen"":0,""urine"":0,""discharge"":0,""arousal"":0}}","{""starter"":true,""female"":false}",{}
892,armor,Steel Greaves,Sain,shin,placeholder,"{""itemType"":""highGradeSteel"",""bonus"":{""chance"":{""parry"":0,""dodge"":0,""block"":0,""hit"":0,""critical"":0,""resist"":{""omni"":0,""light"":0,""dark"":0,""anima"":0,""status"":0}},""value"":{""damage"":0,""melee"":0,""critical"":0,""block"":0,""armor"":0,""resist"":{""omni"":0,""light"":0,""dark"":0,""anima"":0,""status"":0}}},""durability"":1}","{""bonus"":{""allure"":0,""charisma"":0,""libido"":0,""dominance"":0},""soiled"":{""blood"":0,""sweat"":0,""semen"":0,""urine"":0,""discharge"":0,""arousal"":0}}","{""starter"":true,""female"":false}",{}
893,armor,Leather Boots,Sain,foot,placeholder,"{""itemType"":""leather"",""bonus"":{""chance"":{""parry"":0,""dodge"":0,""block"":0,""hit"":0,""critical"":0,""resist"":{""omni"":0,""light"":0,""dark"":0,""anima"":0,""status"":0}},""value"":{""damage"":0,""melee"":0,""critical"":0,""block"":0,""armor"":0,""resist"":{""omni"":0,""light"":0,""dark"":0,""anima"":0,""status"":0}}},""durability"":1}","{""bonus"":{""allure"":0,""charisma"":0,""libido"":0,""dominance"":0},""soiled"":{""blood"":0,""sweat"":0,""semen"":0,""urine"":0,""discharge"":0,""arousal"":0}}","{""starter"":true,""female"":false}",{}
894,placeholder,placeholder,Sain,ring1,placeholder,{},{},{},{}
895,placeholder,placeholder,Sain,ring2,placeholder,{},{},{},{}
896,placeholder,placeholder,Sain,trinket1,placeholder,{},{},{},{}
897,placeholder,placeholder,Sain,trinket2,placeholder,{},{},{},{}
898,placeholder,placeholder,Sain,placeholder,placeholder,{},{},{},{}
899,placeholder,placeholder,Sain,placeholder,placeholder,{},{},{},{}
900,placeholder,placeholder,Kent,head,placeholder,{},{},{},{}
901,placeholder,placeholder,Kent,neck,placeholder,{},{},{},{}
902,armor,Caelin Pauldrons,Kent,shoulder,placeholder,"{""itemType"":""highGradeSteel"",""bonus"":{""chance"":{""parry"":0,""dodge"":0,""block"":0,""hit"":0,""critical"":0,""resist"":{""omni"":0,""light"":0,""dark"":0,""anima"":0,""status"":0}},""value"":{""damage"":0,""melee"":0,""critical"":0,""block"":0,""armor"":0,""resist"":{""omni"":0,""light"":0,""dark"":0,""anima"":0,""status"":0}}},""durability"":1}","{""bonus"":{""allure"":0,""charisma"":0,""libido"":0,""dominance"":0},""soiled"":{""blood"":0,""sweat"":0,""semen"":0,""urine"":0,""discharge"":0,""arousal"":0}}","{""starter"":true,""female"":false}",{}
903,armor,Wool Cloak,Kent,back,placeholder,"{""itemType"":""cloth"",""bonus"":{""chance"":{""parry"":0,""dodge"":0,""block"":0,""resist"":{""omni"":0,""light"":0,""dark"":0,""anima"":0,""status"":0}},""value"":{""block"":0,""armor"":0,""resist"":{""omni"":0,""light"":0,""dark"":0,""anima"":0,""status"":0.01}}},""durability"":1        }","{""bonus"":{""allure"":0,""charisma"":0,""libido"":0,""dominance"":0},""soiled"":{""blood"":0,""sweat"":0,""semen"":0,""urine"":0,""discharge"":0,""arousal"":0}}","{""starter"":true,""female"":false}",{}
904,armor,Caelin Breastplate,Kent,chest,placeholder,"{""itemType"":""highGradeSteel"",""bonus"":{""chance"":{""parry"":0,""dodge"":0,""block"":0,""hit"":0,""critical"":0,""resist"":{""omni"":0,""light"":0,""dark"":0,""anima"":0,""status"":0}},""value"":{""damage"":0,""melee"":0,""critical"":0,""block"":0,""armor"":0,""resist"":{""omni"":0,""light"":0,""dark"":0,""anima"":0,""status"":0}}},""durability"":1}","{""bonus"":{""allure"":0,""charisma"":0,""libido"":0,""dominance"":0},""soiled"":{""blood"":0,""sweat"":0,""semen"":0,""urine"":0,""discharge"":0,""arousal"":0}}","{""starter"":true,""female"":false}",{}
905,armor,Linen Tunic,Kent,shirt,placeholder,"{""itemType"":""cloth"",""bonus"":{""chance"":{""parry"":0,""dodge"":0,""block"":0,""hit"":0,""critical"":0,""resist"":{""omni"":0,""light"":0,""dark"":0,""anima"":0,""status"":0}},""value"":{""damage"":0,""melee"":0,""critical"":0,""block"":0,""armor"":0,""resist"":{""omni"":0,""light"":0,""dark"":0,""anima"":0,""status"":0}}},""durability"":1}","{""bonus"":{""allure"":0,""charisma"":0,""libido"":0,""dominance"":0},""soiled"":{""blood"":0,""sweat"":0,""semen"":0,""urine"":0,""discharge"":0,""arousal"":0}}","{""starter"":true,""female"":false}",{}
906,placeholder,placeholder,Kent,undershirt,placeholder,{},{},{},{}
907,armor,Steel Bracers,Kent,wrist,placeholder,"{""itemType"":""highGradeSteel"",""bonus"":{""chance"":{""parry"":0,""dodge"":0,""block"":0,""hit"":0,""critical"":0,""resist"":{""omni"":0,""light"":0,""dark"":0,""anima"":0,""status"":0}},""value"":{""damage"":0,""melee"":0,""critical"":0,""block"":0,""armor"":0,""resist"":{""omni"":0,""light"":0,""dark"":0,""anima"":0,""status"":0}}},""durability"":1}","{""bonus"":{""allure"":0,""charisma"":0,""libido"":0,""dominance"":0},""soiled"":{""blood"":0,""sweat"":0,""semen"":0,""urine"":0,""discharge"":0,""arousal"":0}}","{""starter"":true,""female"":false}",{}
908,armor,Leather Gloves,Kent,hand,placeholder,"{""itemType"":""leather"",""bonus"":{""chance"":{""parry"":0,""dodge"":0,""block"":0,""hit"":0,""critical"":0,""resist"":{""omni"":0,""light"":0,""dark"":0,""anima"":0,""status"":0}},""value"":{""damage"":0,""melee"":0,""critical"":0,""block"":0,""armor"":0,""resist"":{""omni"":0,""light"":0,""dark"":0,""anima"":0,""status"":0}}},""durability"":1}","{""bonus"":{""allure"":0,""charisma"":0,""libido"":0,""dominance"":0},""soiled"":{""blood"":0,""sweat"":0,""semen"":0,""urine"":0,""discharge"":0,""arousal"":0}}","{""starter"":true,""female"":false}",{}
909,armor,Leather Belt,Kent,waist,placeholder,"{""itemType"":""leather"",""bonus"":{""chance"":{""parry"":0,""dodge"":0,""block"":0,""hit"":0,""critical"":0,""resist"":{""omni"":0,""light"":0,""dark"":0,""anima"":0,""status"":0}},""value"":{""damage"":0,""melee"":0,""critical"":0,""block"":0,""armor"":0,""resist"":{""omni"":0,""light"":0,""dark"":0,""anima"":0,""status"":0}}},""durability"":1}","{""bonus"":{""allure"":0,""charisma"":0,""libido"":0,""dominance"":0},""soiled"":{""blood"":0,""sweat"":0,""semen"":0,""urine"":0,""discharge"":0,""arousal"":0}}","{""starter"":true,""female"":false}",{}
910,armor,Linen Underwear,Kent,underwear,Linen Underwear,"{""itemType"":""cloth"",""bonus"":{""chance"":{""parry"":0,""dodge"":0,""block"":0,""hit"":0,""critical"":0,""resist"":{""omni"":0,""light"":0,""dark"":0,""anima"":0,""status"":0}},""value"":{""damage"":0,""melee"":0,""critical"":0,""block"":0,""armor"":0,""resist"":{""omni"":0,""light"":0,""dark"":0,""anima"":0,""status"":0}}},""durability"":1}","{""bonus"":{""allure"":0,""charisma"":0,""libido"":0,""dominance"":0},""soiled"":{""blood"":0,""sweat"":0,""semen"":0,""urine"":0,""discharge"":0,""arousal"":0}}","{""starter"":true,""female"":false}",{}
911,armor,Wool Pants,Kent,leg,placeholder,"{""itemType"":""cloth"",""bonus"":{""chance"":{""parry"":0,""dodge"":0,""block"":0,""hit"":0,""critical"":0,""resist"":{""omni"":0,""light"":0,""dark"":0,""anima"":0,""status"":0}},""value"":{""damage"":0,""melee"":0,""critical"":0,""block"":0,""armor"":0,""resist"":{""omni"":0,""light"":0,""dark"":0,""anima"":0,""status"":0}}},""durability"":1}","{""bonus"":{""allure"":0,""charisma"":0,""libido"":0,""dominance"":0},""soiled"":{""blood"":0,""sweat"":0,""semen"":0,""urine"":0,""discharge"":0,""arousal"":0}}","{""starter"":true,""female"":false}",{}
912,armor,Steel Greaves,Kent,shin,placeholder,"{""itemType"":""highGradeSteel"",""bonus"":{""chance"":{""parry"":0,""dodge"":0,""block"":0,""hit"":0,""critical"":0,""resist"":{""omni"":0,""light"":0,""dark"":0,""anima"":0,""status"":0}},""value"":{""damage"":0,""melee"":0,""critical"":0,""block"":0,""armor"":0,""resist"":{""omni"":0,""light"":0,""dark"":0,""anima"":0,""status"":0}}},""durability"":1}","{""bonus"":{""allure"":0,""charisma"":0,""libido"":0,""dominance"":0},""soiled"":{""blood"":0,""sweat"":0,""semen"":0,""urine"":0,""discharge"":0,""arousal"":0}}","{""starter"":true,""female"":false}",{}
913,armor,Leather Boots,Kent,foot,placeholder,"{""itemType"":""leather"",""bonus"":{""chance"":{""parry"":0,""dodge"":0,""block"":0,""hit"":0,""critical"":0,""resist"":{""omni"":0,""light"":0,""dark"":0,""anima"":0,""status"":0}},""value"":{""damage"":0,""melee"":0,""critical"":0,""block"":0,""armor"":0,""resist"":{""omni"":0,""light"":0,""dark"":0,""anima"":0,""status"":0}}},""durability"":1}","{""bonus"":{""allure"":0,""charisma"":0,""libido"":0,""dominance"":0},""soiled"":{""blood"":0,""sweat"":0,""semen"":0,""urine"":0,""discharge"":0,""arousal"":0}}","{""starter"":true,""female"":false}",{}
914,placeholder,placeholder,Kent,ring1,placeholder,{},{},{},{}
915,placeholder,placeholder,Kent,ring2,placeholder,{},{},{},{}
916,placeholder,placeholder,Kent,trinket1,placeholder,{},{},{},{}
917,placeholder,placeholder,Kent,trinket2,placeholder,{},{},{},{}
918,placeholder,placeholder,Kent,placeholder,placeholder,{},{},{},{}
919,placeholder,placeholder,Kent,placeholder,placeholder,{},{},{},{}
920,armor,Ilian Circlet,Florina,head,"A thin silver chain, delicate and beautiful.","{""itemType"":""springSteel"",""bonus"":{""chance"":{""parry"":0,""dodge"":0,""block"":0,""hit"":0,""critical"":0,""resist"":{""omni"":0,""light"":0,""dark"":0,""anima"":0,""status"":0}},""value"":{""damage"":0,""melee"":0,""critical"":0,""block"":0,""armor"":0,""resist"":{""omni"":0,""light"":0,""dark"":0,""anima"":0,""status"":0}}},""durability"":1}","{""bonus"":{""allure"":0,""charisma"":0,""libido"":0,""dominance"":0},""soiled"":{""blood"":0,""sweat"":0,""semen"":0,""urine"":0,""discharge"":0,""arousal"":0}}","{""starter"":true,""female"":true}","{""weightless"":true}"
921,placeholder,placeholder,Florina,neck,placeholder,{},{},{},{}
922,armor,Ilian Pauldrons,Florina,shoulder,"Azure plates of Ilian steel, embossed with silver inlays.","{""itemType"":""springSteel"",""bonus"":{""chance"":{""parry"":0,""dodge"":0,""block"":0,""hit"":0,""critical"":0,""resist"":{""omni"":0,""light"":0,""dark"":0,""anima"":0,""status"":0}},""value"":{""damage"":0,""melee"":0,""critical"":0,""block"":0,""armor"":0,""resist"":{""omni"":0,""light"":0,""dark"":0,""anima"":0,""status"":0}}},""durability"":1}","{""bonus"":{""allure"":0,""charisma"":0,""libido"":0,""dominance"":0},""soiled"":{""blood"":0,""sweat"":0,""semen"":0,""urine"":0,""discharge"":0,""arousal"":0}}","{""starter"":true,""female"":true}",{}
923,armor,Wool Cloak,Florina,back,A heavy white woolen cloak. Designed for cold Ilian winters.,"{""itemType"":""cloth"",""bonus"":{""chance"":{""parry"":0,""dodge"":0,""block"":0,""resist"":{""omni"":0,""light"":0,""dark"":0,""anima"":0,""status"":0}},""value"":{""block"":0,""armor"":0,""resist"":{""omni"":0,""light"":0,""dark"":0,""anima"":0,""status"":0.01}}},""durability"":1        }","{""bonus"":{""allure"":0,""charisma"":0,""libido"":0,""dominance"":0},""soiled"":{""blood"":0,""sweat"":0,""semen"":0,""urine"":0,""discharge"":0,""arousal"":0}}","{""starter"":true,""female"":true}",{}
924,armor,Ilian Breastplate,Florina,chest,"An azure colored plate of Ilian steel, embossed with silver inlays.","{""itemType"":""springSteel"",""bonus"":{""chance"":{""parry"":0,""dodge"":0,""block"":0,""hit"":0,""critical"":0,""resist"":{""omni"":0,""light"":0,""dark"":0,""anima"":0,""status"":0}},""value"":{""damage"":0,""melee"":0,""critical"":0,""block"":0,""armor"":0,""resist"":{""omni"":0,""light"":0,""dark"":0,""anima"":0,""status"":0}}},""durability"":1}","{""bonus"":{""allure"":0,""charisma"":0,""libido"":0,""dominance"":0},""soiled"":{""blood"":0,""sweat"":0,""semen"":0,""urine"":0,""discharge"":0,""arousal"":0}}","{""starter"":true,""female"":true}",{}
925,armor,Ilian Wool Tunic,Florina,shirt,"A thick white woolen tunic, its weight at odds with its short length.","{""itemType"":""cloth"",""bonus"":{""chance"":{""parry"":0,""dodge"":0,""block"":0,""resist"":{""omni"":0,""light"":0,""dark"":0,""anima"":0,""status"":0}},""value"":{""block"":0,""armor"":0,""resist"":{""omni"":0,""light"":0,""dark"":0,""anima"":0,""status"":0.01}}},""durability"":1        }","{""bonus"":{""allure"":0,""charisma"":0,""libido"":0,""dominance"":0},""soiled"":{""blood"":0,""sweat"":0,""semen"":0,""urine"":0,""discharge"":0,""arousal"":0}}","{""starter"":true,""female"":true}",{}
926,armor,Ilian Linen Breastcloth,Florina,undershirt,Designed to counter the jostle of hooves and beating of wings.,"{""itemType"":""cloth"",""bonus"":{""chance"":{""parry"":0,""dodge"":0,""block"":0,""resist"":{""omni"":0,""light"":0,""dark"":0,""anima"":0,""status"":0}},""value"":{""block"":0,""armor"":0,""resist"":{""omni"":0,""light"":0,""dark"":0,""anima"":0,""status"":0.01}}},""durability"":1        }","{""bonus"":{""allure"":0,""charisma"":0,""libido"":0,""dominance"":0},""soiled"":{""blood"":0,""sweat"":0,""semen"":0,""urine"":0,""discharge"":0,""arousal"":0}}","{""starter"":true,""female"":true}",{}
927,placeholder,placeholder,Florina,wrist,placeholder,{},{},{},{}
928,armor,Ilian Wool Gloves,Florina,hand,A pair of thick and durable woolen gloves. Designed for cold Ilian winters.,"{""itemType"":""cloth"",""bonus"":{""chance"":{""parry"":0,""dodge"":0,""block"":0,""resist"":{""omni"":0,""light"":0,""dark"":0,""anima"":0,""status"":0}},""value"":{""block"":0,""armor"":0,""resist"":{""omni"":0,""light"":0,""dark"":0,""anima"":0,""status"":0.01}}},""durability"":1        }","{""bonus"":{""allure"":0,""charisma"":0,""libido"":0,""dominance"":0},""soiled"":{""blood"":0,""sweat"":0,""semen"":0,""urine"":0,""discharge"":0,""arousal"":0}}","{""starter"":true,""female"":true}",{}
929,armor,Leather Belt,Florina,waist,A sturdy leather belt. Useful for catching pegasus trainees before they fall.,"{""itemType"":""leather"",""bonus"":{""chance"":{""parry"":0,""dodge"":0,""block"":0,""resist"":{""omni"":0,""light"":0,""dark"":0,""anima"":0,""status"":0}},""value"":{""block"":0,""armor"":0,""resist"":{""omni"":0,""light"":0,""dark"":0,""anima"":0,""status"":0.01}}},""durability"":1        }","{""bonus"":{""allure"":0,""charisma"":0,""libido"":0,""dominance"":0},""soiled"":{""blood"":0,""sweat"":0,""semen"":0,""urine"":0,""discharge"":0,""arousal"":0}}","{""starter"":true,""female"":true}",{}
930,armor,Ilian Linen Underwear,Florina,underwear,"Expected to be seen, this garment is both modest and enticing to match the Ilian uniform.","{""itemType"":""cloth"",""bonus"":{""chance"":{""parry"":0,""dodge"":0,""block"":0,""resist"":{""omni"":0,""light"":0,""dark"":0,""anima"":0,""status"":0}},""value"":{""block"":0,""armor"":0,""resist"":{""omni"":0,""light"":0,""dark"":0,""anima"":0,""status"":0.01}}},""durability"":1        }","{""bonus"":{""allure"":0,""charisma"":0,""libido"":0,""dominance"":0},""soiled"":{""blood"":0,""sweat"":0,""semen"":0,""urine"":0,""discharge"":0,""arousal"":0}}","{""starter"":true,""female"":true}",{}
931,placeholder,placeholder,Florina,leg,placeholder,{},{},{},{}
932,placeholder,placeholder,Florina,shin,placeholder,{},{},{},{}
933,armor,Ilian Leather Riding Boots,Florina,foot,"A pair of tall, azure-colored Ilian leather riding boots. Extends above the knee.","{""itemType"":""leather"",""bonus"":{""chance"":{""parry"":0,""dodge"":0,""block"":0,""resist"":{""omni"":0,""light"":0,""dark"":0,""anima"":0,""status"":0}},""value"":{""block"":0,""armor"":0,""resist"":{""omni"":0,""light"":0,""dark"":0,""anima"":0,""status"":0.01}}},""durability"":1        }","{""bonus"":{""allure"":0,""charisma"":0,""libido"":0,""dominance"":0},""soiled"":{""blood"":0,""sweat"":0,""semen"":0,""urine"":0,""discharge"":0,""arousal"":0}}","{""starter"":true,""female"":true}",{}
934,placeholder,placeholder,Florina,ring1,placeholder,{},{},{},{}
935,placeholder,placeholder,Florina,ring2,placeholder,{},{},{},{}
936,placeholder,placeholder,Florina,trinket1,placeholder,{},{},{},{}
937,placeholder,placeholder,Florina,trinket2,placeholder,{},{},{},{}
938,placeholder,placeholder,Florina,placeholder,placeholder,{},{},{},{}
939,placeholder,placeholder,Florina,placeholder,placeholder,{},{},{},{}
940,placeholder,placeholder,Wil,head,placeholder,{},{},{},{}
941,placeholder,placeholder,Wil,neck,placeholder,{},{},{},{}
942,armor,Leather Spaulder,Wil,shoulder,placeholder,"{""itemType"":""leather"",""bonus"":{""chance"":{""parry"":0,""dodge"":0,""block"":0,""resist"":{""omni"":0,""light"":0,""dark"":0,""anima"":0,""status"":0}},""value"":{""block"":0,""armor"":0,""resist"":{""omni"":0,""light"":0,""dark"":0,""anima"":0,""status"":0.01}}},""durability"":1        }","{""bonus"":{""allure"":0,""charisma"":0,""libido"":0,""dominance"":0},""soiled"":{""blood"":0,""sweat"":0,""semen"":0,""urine"":0,""discharge"":0,""arousal"":0}}","{""starter"":true,""female"":false}",{}
943,armor,Wool Cloak,Wil,back,A sturdy lavender woolen cloak. Adequate for light weather.,"{""itemType"":""cloth"",""bonus"":{""chance"":{""parry"":0,""dodge"":0,""block"":0,""resist"":{""omni"":0,""light"":0,""dark"":0,""anima"":0,""status"":0}},""value"":{""block"":0,""armor"":0,""resist"":{""omni"":0,""light"":0,""dark"":0,""anima"":0,""status"":0.01}}},""durability"":1        }","{""bonus"":{""allure"":0,""charisma"":0,""libido"":0,""dominance"":0},""soiled"":{""blood"":0,""sweat"":0,""semen"":0,""urine"":0,""discharge"":0,""arousal"":0}}","{""starter"":true,""female"":false}",{}
944,armor,Archer's Breast Guard,Wil,chest,placeholder,"{""itemType"":""leather"",""bonus"":{""chance"":{""parry"":0,""dodge"":0,""block"":0,""resist"":{""omni"":0,""light"":0,""dark"":0,""anima"":0,""status"":0}},""value"":{""block"":0,""armor"":0,""resist"":{""omni"":0,""light"":0,""dark"":0,""anima"":0,""status"":0.01}}},""durability"":1        }","{""bonus"":{""allure"":0,""charisma"":0,""libido"":0,""dominance"":0},""soiled"":{""blood"":0,""sweat"":0,""semen"":0,""urine"":0,""discharge"":0,""arousal"":0}}","{""starter"":true,""female"":false}",{}
945,armor,Rough Linen Tunic,Wil,shirt,placeholder,"{""itemType"":""cloth"",""bonus"":{""chance"":{""parry"":0,""dodge"":0,""block"":0,""resist"":{""omni"":0,""light"":0,""dark"":0,""anima"":0,""status"":0}},""value"":{""block"":0,""armor"":0,""resist"":{""omni"":0,""light"":0,""dark"":0,""anima"":0,""status"":0.01}}},""durability"":1        }","{""bonus"":{""allure"":0,""charisma"":0,""libido"":0,""dominance"":0},""soiled"":{""blood"":0,""sweat"":0,""semen"":0,""urine"":0,""discharge"":0,""arousal"":0}}","{""starter"":true,""female"":false}",{}
946,armor,Rough Linen Undershirt,Wil,undershirt,placeholder,"{""itemType"":""cloth"",""bonus"":{""chance"":{""parry"":0,""dodge"":0,""block"":0,""resist"":{""omni"":0,""light"":0,""dark"":0,""anima"":0,""status"":0}},""value"":{""block"":0,""armor"":0,""resist"":{""omni"":0,""light"":0,""dark"":0,""anima"":0,""status"":0.01}}},""durability"":1        }","{""bonus"":{""allure"":0,""charisma"":0,""libido"":0,""dominance"":0},""soiled"":{""blood"":0,""sweat"":0,""semen"":0,""urine"":0,""discharge"":0,""arousal"":0}}","{""starter"":true,""female"":false}",{}
947,armor,Linen Wrist Wraps,Wil,wrist,placeholder,"{""itemType"":""cloth"",""bonus"":{""chance"":{""parry"":0,""dodge"":0,""block"":0,""resist"":{""omni"":0,""light"":0,""dark"":0,""anima"":0,""status"":0}},""value"":{""block"":0,""armor"":0,""resist"":{""omni"":0,""light"":0,""dark"":0,""anima"":0,""status"":0.01}}},""durability"":1        }","{""bonus"":{""allure"":0,""charisma"":0,""libido"":0,""dominance"":0},""soiled"":{""blood"":0,""sweat"":0,""semen"":0,""urine"":0,""discharge"":0,""arousal"":0}}","{""starter"":true,""female"":false}",{}
948,armor,Leather Gloves,Wil,hand,placeholder,"{""itemType"":""leather"",""bonus"":{""chance"":{""parry"":0,""dodge"":0,""block"":0,""resist"":{""omni"":0,""light"":0,""dark"":0,""anima"":0,""status"":0}},""value"":{""block"":0,""armor"":0,""resist"":{""omni"":0,""light"":0,""dark"":0,""anima"":0,""status"":0.01}}},""durability"":1        }","{""bonus"":{""allure"":0,""charisma"":0,""libido"":0,""dominance"":0},""soiled"":{""blood"":0,""sweat"":0,""semen"":0,""urine"":0,""discharge"":0,""arousal"":0}}","{""starter"":true,""female"":false}",{}
949,armor,Leather Belt,Wil,waist,placeholder,"{""itemType"":""leather"",""bonus"":{""chance"":{""parry"":0,""dodge"":0,""block"":0,""resist"":{""omni"":0,""light"":0,""dark"":0,""anima"":0,""status"":0}},""value"":{""block"":0,""armor"":0,""resist"":{""omni"":0,""light"":0,""dark"":0,""anima"":0,""status"":0.01}}},""durability"":1        }","{""bonus"":{""allure"":0,""charisma"":0,""libido"":0,""dominance"":0},""soiled"":{""blood"":0,""sweat"":0,""semen"":0,""urine"":0,""discharge"":0,""arousal"":0}}","{""starter"":true,""female"":false}",{}
950,armor,Linen Underwear,Wil,underwear,placeholder,"{""itemType"":""cloth"",""bonus"":{""chance"":{""parry"":0,""dodge"":0,""block"":0,""resist"":{""omni"":0,""light"":0,""dark"":0,""anima"":0,""status"":0}},""value"":{""block"":0,""armor"":0,""resist"":{""omni"":0,""light"":0,""dark"":0,""anima"":0,""status"":0.01}}},""durability"":1        }","{""bonus"":{""allure"":0,""charisma"":0,""libido"":0,""dominance"":0},""soiled"":{""blood"":0,""sweat"":0,""semen"":0,""urine"":0,""discharge"":0,""arousal"":0}}","{""starter"":true,""female"":false}",{}
951,armor,Wool Pants,Wil,leg,placeholder,"{""itemType"":""cloth"",""bonus"":{""chance"":{""parry"":0,""dodge"":0,""block"":0,""resist"":{""omni"":0,""light"":0,""dark"":0,""anima"":0,""status"":0}},""value"":{""block"":0,""armor"":0,""resist"":{""omni"":0,""light"":0,""dark"":0,""anima"":0,""status"":0.01}}},""durability"":1        }","{""bonus"":{""allure"":0,""charisma"":0,""libido"":0,""dominance"":0},""soiled"":{""blood"":0,""sweat"":0,""semen"":0,""urine"":0,""discharge"":0,""arousal"":0}}","{""starter"":true,""female"":false}",{}
952,placeholder,placeholder,Wil,shin,placeholder,{},{},{},{}
953,armor,Leather Boots,Wil,foot,placeholder,"{""itemType"":""leather"",""bonus"":{""chance"":{""parry"":0,""dodge"":0,""block"":0,""resist"":{""omni"":0,""light"":0,""dark"":0,""anima"":0,""status"":0}},""value"":{""block"":0,""armor"":0,""resist"":{""omni"":0,""light"":0,""dark"":0,""anima"":0,""status"":0.01}}},""durability"":1        }","{""bonus"":{""allure"":0,""charisma"":0,""libido"":0,""dominance"":0},""soiled"":{""blood"":0,""sweat"":0,""semen"":0,""urine"":0,""discharge"":0,""arousal"":0}}","{""starter"":true,""female"":false}",{}
954,placeholder,placeholder,Wil,ring1,placeholder,{},{},{},{}
955,placeholder,placeholder,Wil,ring2,placeholder,{},{},{},{}
956,placeholder,placeholder,Wil,trinket1,placeholder,{},{},{},{}
957,placeholder,placeholder,Wil,trinket2,placeholder,{},{},{},{}
958,placeholder,placeholder,Wil,placeholder,placeholder,{},{},{},{}
959,placeholder,placeholder,Wil,placeholder,placeholder,{},{},{},{}
960,placeholder,placeholder,Dorcas,head,placeholder,{},{},{},{}
961,amulet,Wooden Necklace,Dorcas,neck,placeholder,"{""itemType"":""wood"",""bonus"":{""chance"":{""parry"":0,""dodge"":0,""block"":0,""resist"":{""omni"":0,""light"":0,""dark"":0,""anima"":0,""status"":0}},""value"":{""block"":0,""armor"":0,""resist"":{""omni"":0,""light"":0,""dark"":0,""anima"":0,""status"":0.01}}},""durability"":1        }","{""bonus"":{""allure"":0,""charisma"":0,""libido"":0,""dominance"":0},""soiled"":{""blood"":0,""sweat"":0,""semen"":0,""urine"":0,""discharge"":0,""arousal"":0}}","{""starter"":true,""female"":false}",{}
962,placeholder,placeholder,Dorcas,shoulder,placeholder,{},{},{},{}
963,armor,Wool Cloak,Dorcas,back,A sturdy lavender woolen cloak. Adequate for light weather.,"{""itemType"":""cloth"",""bonus"":{""chance"":{""parry"":0,""dodge"":0,""block"":0,""resist"":{""omni"":0,""light"":0,""dark"":0,""anima"":0,""status"":0}},""value"":{""block"":0,""armor"":0,""resist"":{""omni"":0,""light"":0,""dark"":0,""anima"":0,""status"":0.01}}},""durability"":1        }","{""bonus"":{""allure"":0,""charisma"":0,""libido"":0,""dominance"":0},""soiled"":{""blood"":0,""sweat"":0,""semen"":0,""urine"":0,""discharge"":0,""arousal"":0}}","{""starter"":true,""female"":false}",{}
964,placeholder,placeholder,Dorcas,chest,placeholder,{},{},{},{}
965,armor,Rough Linen Shirt,Dorcas,shirt,placeholder,"{""itemType"":""cloth"",""bonus"":{""chance"":{""parry"":0,""dodge"":0,""block"":0,""resist"":{""omni"":0,""light"":0,""dark"":0,""anima"":0,""status"":0}},""value"":{""block"":0,""armor"":0,""resist"":{""omni"":0,""light"":0,""dark"":0,""anima"":0,""status"":0.01}}},""durability"":1        }","{""bonus"":{""allure"":0,""charisma"":0,""libido"":0,""dominance"":0},""soiled"":{""blood"":0,""sweat"":0,""semen"":0,""urine"":0,""discharge"":0,""arousal"":0}}","{""starter"":true,""female"":false}",{}
966,placeholder,placeholder,Dorcas,undershirt,placeholder,{},{},{},{}
967,armor,Linen Wrist Wraps,Dorcas,wrist,placeholder,"{""itemType"":""cloth"",""bonus"":{""chance"":{""parry"":0,""dodge"":0,""block"":0,""resist"":{""omni"":0,""light"":0,""dark"":0,""anima"":0,""status"":0}},""value"":{""block"":0,""armor"":0,""resist"":{""omni"":0,""light"":0,""dark"":0,""anima"":0,""status"":0.01}}},""durability"":1        }","{""bonus"":{""allure"":0,""charisma"":0,""libido"":0,""dominance"":0},""soiled"":{""blood"":0,""sweat"":0,""semen"":0,""urine"":0,""discharge"":0,""arousal"":0}}","{""starter"":true,""female"":false}",{}
968,placeholder,placeholder,Dorcas,hand,placeholder,{},{},{},{}
969,armor,Braided Wool Belt,Dorcas,waist,placeholder,"{""itemType"":""cloth"",""bonus"":{""chance"":{""parry"":0,""dodge"":0,""block"":0,""resist"":{""omni"":0,""light"":0,""dark"":0,""anima"":0,""status"":0}},""value"":{""block"":0,""armor"":0,""resist"":{""omni"":0,""light"":0,""dark"":0,""anima"":0,""status"":0.01}}},""durability"":1        }","{""bonus"":{""allure"":0,""charisma"":0,""libido"":0,""dominance"":0},""soiled"":{""blood"":0,""sweat"":0,""semen"":0,""urine"":0,""discharge"":0,""arousal"":0}}","{""starter"":true,""female"":false}",{}
970,armor,Linen Underwear,Dorcas,underwear,placeholder,"{""itemType"":""cloth"",""bonus"":{""chance"":{""parry"":0,""dodge"":0,""block"":0,""resist"":{""omni"":0,""light"":0,""dark"":0,""anima"":0,""status"":0}},""value"":{""block"":0,""armor"":0,""resist"":{""omni"":0,""light"":0,""dark"":0,""anima"":0,""status"":0.01}}},""durability"":1        }","{""bonus"":{""allure"":0,""charisma"":0,""libido"":0,""dominance"":0},""soiled"":{""blood"":0,""sweat"":0,""semen"":0,""urine"":0,""discharge"":0,""arousal"":0}}","{""starter"":true,""female"":false}",{}
971,armor,Rough Linen Pants,Dorcas,leg,placeholder,"{""itemType"":""cloth"",""bonus"":{""chance"":{""parry"":0,""dodge"":0,""block"":0,""resist"":{""omni"":0,""light"":0,""dark"":0,""anima"":0,""status"":0}},""value"":{""block"":0,""armor"":0,""resist"":{""omni"":0,""light"":0,""dark"":0,""anima"":0,""status"":0.01}}},""durability"":1        }","{""bonus"":{""allure"":0,""charisma"":0,""libido"":0,""dominance"":0},""soiled"":{""blood"":0,""sweat"":0,""semen"":0,""urine"":0,""discharge"":0,""arousal"":0}}","{""starter"":true,""female"":false}",{}
972,placeholder,placeholder,Dorcas,shin,placeholder,{},{},{},{}
973,armor,Leather Sandles,Dorcas,foot,placeholder,"{""itemType"":""cloth"",""bonus"":{""chance"":{""parry"":0,""dodge"":0,""block"":0,""resist"":{""omni"":0,""light"":0,""dark"":0,""anima"":0,""status"":0}},""value"":{""block"":0,""armor"":0,""resist"":{""omni"":0,""light"":0,""dark"":0,""anima"":0,""status"":0.01}}},""durability"":1        }","{""bonus"":{""allure"":0,""charisma"":0,""libido"":0,""dominance"":0},""soiled"":{""blood"":0,""sweat"":0,""semen"":0,""urine"":0,""discharge"":0,""arousal"":0}}","{""starter"":true,""female"":false}",{}
974,placeholder,placeholder,Dorcas,ring1,placeholder,{},{},{},{}
975,placeholder,placeholder,Dorcas,ring2,placeholder,{},{},{},{}
976,placeholder,placeholder,Dorcas,trinket1,placeholder,{},{},{},{}
977,placeholder,placeholder,Dorcas,trinket2,placeholder,{},{},{},{}
978,placeholder,placeholder,Dorcas,placeholder,placeholder,{},{},{},{}
979,placeholder,placeholder,Dorcas,placeholder,placeholder,{},{},{},{}
980,armor,Silk Twintail Ties,Serra,head,A pair of lavender-colored silk ribbons.,"{""itemType"":""cloth"",""bonus"":{""chance"":{""parry"":0,""dodge"":0,""block"":0,""resist"":{""omni"":0,""light"":0,""dark"":0,""anima"":0,""status"":0}},""value"":{""block"":0,""armor"":0,""resist"":{""omni"":0,""light"":0,""dark"":0,""anima"":0,""status"":0.01}}},""durability"":1        }","{""bonus"":{""allure"":0,""charisma"":0,""libido"":0,""dominance"":0},""soiled"":{""blood"":0,""sweat"":0,""semen"":0,""urine"":0,""discharge"":0,""arousal"":0}}","{""starter"":true,""female"":true}",{}
981,placeholder,placeholder,Serra,neck,placeholder,{},{},{},{}
982,placeholder,placeholder,Serra,shoulder,placeholder,{},{},{},{}
983,armor,Wool Cloak,Serra,back,A sturdy lavender woolen cloak. Adequate for light weather.,"{""itemType"":""cloth"",""bonus"":{""chance"":{""parry"":0,""dodge"":0,""block"":0,""resist"":{""omni"":0,""light"":0,""dark"":0,""anima"":0,""status"":0}},""value"":{""block"":0,""armor"":0,""resist"":{""omni"":0,""light"":0,""dark"":0,""anima"":0,""status"":0.01}}},""durability"":1        }","{""bonus"":{""allure"":0,""charisma"":0,""libido"":0,""dominance"":0},""soiled"":{""blood"":0,""sweat"":0,""semen"":0,""urine"":0,""discharge"":0,""arousal"":0}}","{""starter"":true,""female"":true}",{}
984,placeholder,placeholder,Serra,chest,placeholder,{},{},{},{}
985,armor,Fine Linen Dress,Serra,shirt,"A light, form-fitting layer of pure white linen cloth. Lavender trim.","{""itemType"":""cloth"",""bonus"":{""chance"":{""parry"":0,""dodge"":0,""block"":0,""resist"":{""omni"":0,""light"":0,""dark"":0,""anima"":0,""status"":0}},""value"":{""block"":0,""armor"":0,""resist"":{""omni"":0,""light"":0,""dark"":0,""anima"":0,""status"":0.01}}},""durability"":1        }","{""bonus"":{""allure"":0,""charisma"":0,""libido"":0,""dominance"":0},""soiled"":{""blood"":0,""sweat"":0,""semen"":0,""urine"":0,""discharge"":0,""arousal"":0}}","{""starter"":true,""female"":true}",{}
986,armor,Cotton Chemise,Serra,undershirt,"A soft, offwhite shift, transparent in sunlight.","{""itemType"":""cloth"",""bonus"":{""chance"":{""parry"":0,""dodge"":0,""block"":0,""resist"":{""omni"":0,""light"":0,""dark"":0,""anima"":0,""status"":0}},""value"":{""block"":0,""armor"":0,""resist"":{""omni"":0,""light"":0,""dark"":0,""anima"":0,""status"":0.01}}},""durability"":1        }","{""bonus"":{""allure"":0,""charisma"":0,""libido"":0,""dominance"":0},""soiled"":{""blood"":0,""sweat"":0,""semen"":0,""urine"":0,""discharge"":0,""arousal"":0}}","{""starter"":true,""female"":true}",{}
987,placeholder,placeholder,Serra,wrist,placeholder,{},{},{},{}
988,armor,Fine Linen Gloves,Serra,hand,A delicate pair of white linen gloves. Made for beauty.,"{""itemType"":""cloth"",""bonus"":{""chance"":{""parry"":0,""dodge"":0,""block"":0,""resist"":{""omni"":0,""light"":0,""dark"":0,""anima"":0,""status"":0}},""value"":{""block"":0,""armor"":0,""resist"":{""omni"":0,""light"":0,""dark"":0,""anima"":0,""status"":0.01}}},""durability"":1        }","{""bonus"":{""allure"":0,""charisma"":0,""libido"":0,""dominance"":0},""soiled"":{""blood"":0,""sweat"":0,""semen"":0,""urine"":0,""discharge"":0,""arousal"":0}}","{""starter"":true,""female"":true}",{}
989,armor,Fine Linen Sash,Serra,waist,"A fashionable sash, adequate for securing light loads.","{""itemType"":""cloth"",""bonus"":{""chance"":{""parry"":0,""dodge"":0,""block"":0,""resist"":{""omni"":0,""light"":0,""dark"":0,""anima"":0,""status"":0}},""value"":{""block"":0,""armor"":0,""resist"":{""omni"":0,""light"":0,""dark"":0,""anima"":0,""status"":0.01}}},""durability"":1        }","{""bonus"":{""allure"":0,""charisma"":0,""libido"":0,""dominance"":0},""soiled"":{""blood"":0,""sweat"":0,""semen"":0,""urine"":0,""discharge"":0,""arousal"":0}}","{""starter"":true,""female"":true}",{}
990,armor,Cotton Underwear,Serra,underwear,"Soft, white, and delightfully clingy.","{""itemType"":""cloth"",""bonus"":{""chance"":{""parry"":0,""dodge"":0,""block"":0,""resist"":{""omni"":0,""light"":0,""dark"":0,""anima"":0,""status"":0}},""value"":{""block"":0,""armor"":0,""resist"":{""omni"":0,""light"":0,""dark"":0,""anima"":0,""status"":0.01}}},""durability"":1        }","{""bonus"":{""allure"":0,""charisma"":0,""libido"":0,""dominance"":0},""soiled"":{""blood"":0,""sweat"":0,""semen"":0,""urine"":0,""discharge"":0,""arousal"":0}}","{""starter"":true,""female"":true}",{}
991,placeholder,placeholder,Serra,leg,placeholder,{},{},{},{}
992,placeholder,placeholder,Serra,shin,placeholder,{},{},{},{}
993,armor,Soft Leather Shoes,Serra,foot,"A pair comfortable walking shoes, fashionable and light.","{""itemType"":""leather"",""bonus"":{""chance"":{""parry"":0,""dodge"":0,""block"":0,""resist"":{""omni"":0,""light"":0,""dark"":0,""anima"":0,""status"":0}},""value"":{""block"":0,""armor"":0,""resist"":{""omni"":0,""light"":0,""dark"":0,""anima"":0,""status"":0.01}}},""durability"":1        }","{""bonus"":{""allure"":0,""charisma"":0,""libido"":0,""dominance"":0},""soiled"":{""blood"":0,""sweat"":0,""semen"":0,""urine"":0,""discharge"":0,""arousal"":0}}","{""starter"":true,""female"":true}",{}
994,placeholder,placeholder,Serra,ring1,placeholder,{},{},{},{}
995,placeholder,placeholder,Serra,ring2,placeholder,{},{},{},{}
996,placeholder,placeholder,Serra,trinket1,placeholder,{},{},{},{}
997,placeholder,placeholder,Serra,trinket2,placeholder,{},{},{},{}
998,placeholder,placeholder,Serra,placeholder,placeholder,{},{},{},{}
999,placeholder,placeholder,Serra,placeholder,placeholder,{},{},{},{}
1000,armor,Wool Hood,Erk,head,placeholder,"{""itemType"":""cloth"",""bonus"":{""chance"":{""parry"":0,""dodge"":0,""block"":0,""resist"":{""omni"":0,""light"":0,""dark"":0,""anima"":0,""status"":0}},""value"":{""block"":0,""armor"":0,""resist"":{""omni"":0,""light"":0,""dark"":0,""anima"":0,""status"":0.01}}},""durability"":1        }","{""bonus"":{""allure"":0,""charisma"":0,""libido"":0,""dominance"":0},""soiled"":{""blood"":0,""sweat"":0,""semen"":0,""urine"":0,""discharge"":0,""arousal"":0}}","{""starter"":true,""female"":false}",{}
1001,placeholder,placeholder,Erk,neck,placeholder,{},{},{},{}
1002,armor,Wool Mantle,Erk,shoulder,placeholder,"{""itemType"":""cloth"",""bonus"":{""chance"":{""parry"":0,""dodge"":0,""block"":0,""resist"":{""omni"":0,""light"":0,""dark"":0,""anima"":0,""status"":0}},""value"":{""block"":0,""armor"":0,""resist"":{""omni"":0,""light"":0,""dark"":0,""anima"":0,""status"":0.01}}},""durability"":1        }","{""bonus"":{""allure"":0,""charisma"":0,""libido"":0,""dominance"":0},""soiled"":{""blood"":0,""sweat"":0,""semen"":0,""urine"":0,""discharge"":0,""arousal"":0}}","{""starter"":true,""female"":false}",{}
1003,armor,Wool Cloak,Erk,back,A sturdy lavender woolen cloak. Adequate for light weather.,"{""itemType"":""cloth"",""bonus"":{""chance"":{""parry"":0,""dodge"":0,""block"":0,""resist"":{""omni"":0,""light"":0,""dark"":0,""anima"":0,""status"":0}},""value"":{""block"":0,""armor"":0,""resist"":{""omni"":0,""light"":0,""dark"":0,""anima"":0,""status"":0.01}}},""durability"":1        }","{""bonus"":{""allure"":0,""charisma"":0,""libido"":0,""dominance"":0},""soiled"":{""blood"":0,""sweat"":0,""semen"":0,""urine"":0,""discharge"":0,""arousal"":0}}","{""starter"":true,""female"":false}",{}
1004,placeholder,placeholder,Erk,chest,placeholder,{},{},{},{}
1005,armor,Linen Tunic,Erk,shirt,placeholder,"{""itemType"":""cloth"",""bonus"":{""chance"":{""parry"":0,""dodge"":0,""block"":0,""resist"":{""omni"":0,""light"":0,""dark"":0,""anima"":0,""status"":0}},""value"":{""block"":0,""armor"":0,""resist"":{""omni"":0,""light"":0,""dark"":0,""anima"":0,""status"":0.01}}},""durability"":1        }","{""bonus"":{""allure"":0,""charisma"":0,""libido"":0,""dominance"":0},""soiled"":{""blood"":0,""sweat"":0,""semen"":0,""urine"":0,""discharge"":0,""arousal"":0}}","{""starter"":true,""female"":false}",{}
1006,armor,Linen Undershirt,Erk,undershirt,placeholder,"{""itemType"":""cloth"",""bonus"":{""chance"":{""parry"":0,""dodge"":0,""block"":0,""resist"":{""omni"":0,""light"":0,""dark"":0,""anima"":0,""status"":0}},""value"":{""block"":0,""armor"":0,""resist"":{""omni"":0,""light"":0,""dark"":0,""anima"":0,""status"":0.01}}},""durability"":1        }","{""bonus"":{""allure"":0,""charisma"":0,""libido"":0,""dominance"":0},""soiled"":{""blood"":0,""sweat"":0,""semen"":0,""urine"":0,""discharge"":0,""arousal"":0}}","{""starter"":true,""female"":false}",{}
1007,placeholder,placeholder,Erk,wrist,placeholder,{},{},{},{}
1008,armor,Leather Gloves,Erk,hand,placeholder,"{""itemType"":""leather"",""bonus"":{""chance"":{""parry"":0,""dodge"":0,""block"":0,""resist"":{""omni"":0,""light"":0,""dark"":0,""anima"":0,""status"":0}},""value"":{""block"":0,""armor"":0,""resist"":{""omni"":0,""light"":0,""dark"":0,""anima"":0,""status"":0.01}}},""durability"":1        }","{""bonus"":{""allure"":0,""charisma"":0,""libido"":0,""dominance"":0},""soiled"":{""blood"":0,""sweat"":0,""semen"":0,""urine"":0,""discharge"":0,""arousal"":0}}","{""starter"":true,""female"":false}",{}
1009,armor,Leather Belt,Erk,waist,placeholder,"{""itemType"":""leather"",""bonus"":{""chance"":{""parry"":0,""dodge"":0,""block"":0,""resist"":{""omni"":0,""light"":0,""dark"":0,""anima"":0,""status"":0}},""value"":{""block"":0,""armor"":0,""resist"":{""omni"":0,""light"":0,""dark"":0,""anima"":0,""status"":0.01}}},""durability"":1        }","{""bonus"":{""allure"":0,""charisma"":0,""libido"":0,""dominance"":0},""soiled"":{""blood"":0,""sweat"":0,""semen"":0,""urine"":0,""discharge"":0,""arousal"":0}}","{""starter"":true,""female"":false}",{}
1010,armor,Linen Underwear,Erk,underwear,placeholder,"{""itemType"":""cloth"",""bonus"":{""chance"":{""parry"":0,""dodge"":0,""block"":0,""resist"":{""omni"":0,""light"":0,""dark"":0,""anima"":0,""status"":0}},""value"":{""block"":0,""armor"":0,""resist"":{""omni"":0,""light"":0,""dark"":0,""anima"":0,""status"":0.01}}},""durability"":1        }","{""bonus"":{""allure"":0,""charisma"":0,""libido"":0,""dominance"":0},""soiled"":{""blood"":0,""sweat"":0,""semen"":0,""urine"":0,""discharge"":0,""arousal"":0}}","{""starter"":true,""female"":false}",{}
1011,armor,Linen Pants,Erk,leg,placeholder,"{""itemType"":""leather"",""bonus"":{""chance"":{""parry"":0,""dodge"":0,""block"":0,""resist"":{""omni"":0,""light"":0,""dark"":0,""anima"":0,""status"":0}},""value"":{""block"":0,""armor"":0,""resist"":{""omni"":0,""light"":0,""dark"":0,""anima"":0,""status"":0.01}}},""durability"":1        }","{""bonus"":{""allure"":0,""charisma"":0,""libido"":0,""dominance"":0},""soiled"":{""blood"":0,""sweat"":0,""semen"":0,""urine"":0,""discharge"":0,""arousal"":0}}","{""starter"":true,""female"":false}",{}
1012,placeholder,placeholder,Erk,shin,placeholder,{},{},{},{}
1013,armor,Leather Shoes,Erk,foot,placeholder,"{""itemType"":""leather"",""bonus"":{""chance"":{""parry"":0,""dodge"":0,""block"":0,""resist"":{""omni"":0,""light"":0,""dark"":0,""anima"":0,""status"":0}},""value"":{""block"":0,""armor"":0,""resist"":{""omni"":0,""light"":0,""dark"":0,""anima"":0,""status"":0.01}}},""durability"":1        }","{""bonus"":{""allure"":0,""charisma"":0,""libido"":0,""dominance"":0},""soiled"":{""blood"":0,""sweat"":0,""semen"":0,""urine"":0,""discharge"":0,""arousal"":0}}","{""starter"":true,""female"":false}",{}
1014,placeholder,placeholder,Erk,ring1,placeholder,{},{},{},{}
1015,placeholder,placeholder,Erk,ring2,placeholder,{},{},{},{}
1016,placeholder,placeholder,Erk,trinket1,placeholder,{},{},{},{}
1017,placeholder,placeholder,Erk,trinket2,placeholder,{},{},{},{}
1018,placeholder,placeholder,Erk,placeholder,placeholder,{},{},{},{}
1019,placeholder,placeholder,Erk,placeholder,placeholder,{},{},{},{}
1020,armor,Sacaen Headwrap,Rath,head,placeholder,"{""itemType"":""cloth"",""bonus"":{""chance"":{""parry"":0,""dodge"":0,""block"":0,""resist"":{""omni"":0,""light"":0,""dark"":0,""anima"":0,""status"":0}},""value"":{""block"":0,""armor"":0,""resist"":{""omni"":0,""light"":0,""dark"":0,""anima"":0,""status"":0.01}}},""durability"":1        }","{""bonus"":{""allure"":0,""charisma"":0,""libido"":0,""dominance"":0},""soiled"":{""blood"":0,""sweat"":0,""semen"":0,""urine"":0,""discharge"":0,""arousal"":0}}","{""starter"":true,""female"":false}",{}
1021,placeholder,placeholder,Rath,neck,placeholder,{},{},{},{}
1022,placeholder,placeholder,Rath,shoulder,placeholder,{},{},{},{}
1023,armor,Wool Cloak,Rath,back,A sturdy lavender woolen cloak. Adequate for light weather.,"{""itemType"":""cloth"",""bonus"":{""chance"":{""parry"":0,""dodge"":0,""block"":0,""resist"":{""omni"":0,""light"":0,""dark"":0,""anima"":0,""status"":0}},""value"":{""block"":0,""armor"":0,""resist"":{""omni"":0,""light"":0,""dark"":0,""anima"":0,""status"":0.01}}},""durability"":1        }","{""bonus"":{""allure"":0,""charisma"":0,""libido"":0,""dominance"":0},""soiled"":{""blood"":0,""sweat"":0,""semen"":0,""urine"":0,""discharge"":0,""arousal"":0}}","{""starter"":true,""female"":false}",{}
1024,placeholder,placeholder,Rath,chest,placeholder,{},{},{},{}
1025,armor,Sacaen Tunic,Rath,shirt,placeholder,"{""itemType"":""cloth"",""bonus"":{""chance"":{""parry"":0,""dodge"":0,""block"":0,""resist"":{""omni"":0,""light"":0,""dark"":0,""anima"":0,""status"":0}},""value"":{""block"":0,""armor"":0,""resist"":{""omni"":0,""light"":0,""dark"":0,""anima"":0,""status"":0.01}}},""durability"":1        }","{""bonus"":{""allure"":0,""charisma"":0,""libido"":0,""dominance"":0},""soiled"":{""blood"":0,""sweat"":0,""semen"":0,""urine"":0,""discharge"":0,""arousal"":0}}","{""starter"":true,""female"":false}",{}
1026,armor,Linen Undershirt,Rath,undershirt,placeholder,"{""itemType"":""cloth"",""bonus"":{""chance"":{""parry"":0,""dodge"":0,""block"":0,""resist"":{""omni"":0,""light"":0,""dark"":0,""anima"":0,""status"":0}},""value"":{""block"":0,""armor"":0,""resist"":{""omni"":0,""light"":0,""dark"":0,""anima"":0,""status"":0.01}}},""durability"":1        }","{""bonus"":{""allure"":0,""charisma"":0,""libido"":0,""dominance"":0},""soiled"":{""blood"":0,""sweat"":0,""semen"":0,""urine"":0,""discharge"":0,""arousal"":0}}","{""starter"":true,""female"":false}",{}
1027,placeholder,placeholder,Rath,wrist,placeholder,{},{},{},{}
1028,armor,Sacaen Cloth Gloves,Rath,hand,placeholder,"{""itemType"":""cloth"",""bonus"":{""chance"":{""parry"":0,""dodge"":0,""block"":0,""resist"":{""omni"":0,""light"":0,""dark"":0,""anima"":0,""status"":0}},""value"":{""block"":0,""armor"":0,""resist"":{""omni"":0,""light"":0,""dark"":0,""anima"":0,""status"":0.01}}},""durability"":1        }","{""bonus"":{""allure"":0,""charisma"":0,""libido"":0,""dominance"":0},""soiled"":{""blood"":0,""sweat"":0,""semen"":0,""urine"":0,""discharge"":0,""arousal"":0}}","{""starter"":true,""female"":false}",{}
1029,armor,Braided Sacaen Cloth Belt,Rath,waist,placeholder,"{""itemType"":""cloth"",""bonus"":{""chance"":{""parry"":0,""dodge"":0,""block"":0,""resist"":{""omni"":0,""light"":0,""dark"":0,""anima"":0,""status"":0}},""value"":{""block"":0,""armor"":0,""resist"":{""omni"":0,""light"":0,""dark"":0,""anima"":0,""status"":0.01}}},""durability"":1        }","{""bonus"":{""allure"":0,""charisma"":0,""libido"":0,""dominance"":0},""soiled"":{""blood"":0,""sweat"":0,""semen"":0,""urine"":0,""discharge"":0,""arousal"":0}}","{""starter"":true,""female"":false}",{}
1030,armor,Linen Underwear,Rath,underwear,placeholder,"{""itemType"":""cloth"",""bonus"":{""chance"":{""parry"":0,""dodge"":0,""block"":0,""resist"":{""omni"":0,""light"":0,""dark"":0,""anima"":0,""status"":0}},""value"":{""block"":0,""armor"":0,""resist"":{""omni"":0,""light"":0,""dark"":0,""anima"":0,""status"":0.01}}},""durability"":1        }","{""bonus"":{""allure"":0,""charisma"":0,""libido"":0,""dominance"":0},""soiled"":{""blood"":0,""sweat"":0,""semen"":0,""urine"":0,""discharge"":0,""arousal"":0}}","{""starter"":true,""female"":false}",{}
1031,armor,Leather Sacaen Pants,Rath,leg,placeholder,"{""itemType"":""leather"",""bonus"":{""chance"":{""parry"":0,""dodge"":0,""block"":0,""resist"":{""omni"":0,""light"":0,""dark"":0,""anima"":0,""status"":0}},""value"":{""block"":0,""armor"":0,""resist"":{""omni"":0,""light"":0,""dark"":0,""anima"":0,""status"":0.01}}},""durability"":1        }","{""bonus"":{""allure"":0,""charisma"":0,""libido"":0,""dominance"":0},""soiled"":{""blood"":0,""sweat"":0,""semen"":0,""urine"":0,""discharge"":0,""arousal"":0}}","{""starter"":true,""female"":false}",{}
1032,placeholder,placeholder,Rath,shin,placeholder,{},{},{},{}
1033,armor,Leather Boots,Rath,foot,placeholder,"{""itemType"":""leather"",""bonus"":{""chance"":{""parry"":0,""dodge"":0,""block"":0,""resist"":{""omni"":0,""light"":0,""dark"":0,""anima"":0,""status"":0}},""value"":{""block"":0,""armor"":0,""resist"":{""omni"":0,""light"":0,""dark"":0,""anima"":0,""status"":0.01}}},""durability"":1        }","{""bonus"":{""allure"":0,""charisma"":0,""libido"":0,""dominance"":0},""soiled"":{""blood"":0,""sweat"":0,""semen"":0,""urine"":0,""discharge"":0,""arousal"":0}}","{""starter"":true,""female"":false}",{}
1034,placeholder,placeholder,Rath,ring1,placeholder,{},{},{},{}
1035,placeholder,placeholder,Rath,ring2,placeholder,{},{},{},{}
1036,placeholder,placeholder,Rath,trinket1,placeholder,{},{},{},{}
1037,placeholder,placeholder,Rath,trinket2,placeholder,{},{},{},{}
1038,placeholder,placeholder,Rath,placeholder,placeholder,{},{},{},{}
1039,placeholder,placeholder,Rath,placeholder,placeholder,{},{},{},{}
1040,placeholder,placeholder,Matthew,head,placeholder,{},{},{},{}
1041,placeholder,placeholder,Matthew,neck,placeholder,{},{},{},{}
1042,placeholder,placeholder,Matthew,shoulder,placeholder,{},{},{},{}
1043,armor,Wool Cloak,Matthew,back,A sturdy lavender woolen cloak. Adequate for light weather.,"{""itemType"":""cloth"",""bonus"":{""chance"":{""parry"":0,""dodge"":0,""block"":0,""resist"":{""omni"":0,""light"":0,""dark"":0,""anima"":0,""status"":0}},""value"":{""block"":0,""armor"":0,""resist"":{""omni"":0,""light"":0,""dark"":0,""anima"":0,""status"":0.01}}},""durability"":1        }","{""bonus"":{""allure"":0,""charisma"":0,""libido"":0,""dominance"":0},""soiled"":{""blood"":0,""sweat"":0,""semen"":0,""urine"":0,""discharge"":0,""arousal"":0}}","{""starter"":true,""female"":false}",{}
1044,armor,Leather Vest,Matthew,chest,placeholder,"{""itemType"":""leather"",""bonus"":{""chance"":{""parry"":0,""dodge"":0,""block"":0,""resist"":{""omni"":0,""light"":0,""dark"":0,""anima"":0,""status"":0}},""value"":{""block"":0,""armor"":0,""resist"":{""omni"":0,""light"":0,""dark"":0,""anima"":0,""status"":0.01}}},""durability"":1        }","{""bonus"":{""allure"":0,""charisma"":0,""libido"":0,""dominance"":0},""soiled"":{""blood"":0,""sweat"":0,""semen"":0,""urine"":0,""discharge"":0,""arousal"":0}}","{""starter"":true,""female"":false}",{}
1045,armor,Linen Shirt,Matthew,shirt,placeholder,"{""itemType"":""cloth"",""bonus"":{""chance"":{""parry"":0,""dodge"":0,""block"":0,""resist"":{""omni"":0,""light"":0,""dark"":0,""anima"":0,""status"":0}},""value"":{""block"":0,""armor"":0,""resist"":{""omni"":0,""light"":0,""dark"":0,""anima"":0,""status"":0.01}}},""durability"":1        }","{""bonus"":{""allure"":0,""charisma"":0,""libido"":0,""dominance"":0},""soiled"":{""blood"":0,""sweat"":0,""semen"":0,""urine"":0,""discharge"":0,""arousal"":0}}","{""starter"":true,""female"":false}",{}
1046,placeholder,placeholder,Matthew,undershirt,placeholder,{},{},{},{}
1047,armor,Leather Wrist Wraps,Matthew,wrist,placeholder,"{""itemType"":""leather"",""bonus"":{""chance"":{""parry"":0,""dodge"":0,""block"":0,""resist"":{""omni"":0,""light"":0,""dark"":0,""anima"":0,""status"":0}},""value"":{""block"":0,""armor"":0,""resist"":{""omni"":0,""light"":0,""dark"":0,""anima"":0,""status"":0.01}}},""durability"":1        }","{""bonus"":{""allure"":0,""charisma"":0,""libido"":0,""dominance"":0},""soiled"":{""blood"":0,""sweat"":0,""semen"":0,""urine"":0,""discharge"":0,""arousal"":0}}","{""starter"":true,""female"":false}",{}
1048,placeholder,placeholder,Matthew,hand,placeholder,{},{},{},{}
1049,armor,Leather Belt,Matthew,waist,placeholder,"{""itemType"":""leather"",""bonus"":{""chance"":{""parry"":0,""dodge"":0,""block"":0,""resist"":{""omni"":0,""light"":0,""dark"":0,""anima"":0,""status"":0}},""value"":{""block"":0,""armor"":0,""resist"":{""omni"":0,""light"":0,""dark"":0,""anima"":0,""status"":0.01}}},""durability"":1        }","{""bonus"":{""allure"":0,""charisma"":0,""libido"":0,""dominance"":0},""soiled"":{""blood"":0,""sweat"":0,""semen"":0,""urine"":0,""discharge"":0,""arousal"":0}}","{""starter"":true,""female"":false}",{}
1050,armor,Linen Underwear,Matthew,underwear,placeholder,"{""itemType"":""cloth"",""bonus"":{""chance"":{""parry"":0,""dodge"":0,""block"":0,""resist"":{""omni"":0,""light"":0,""dark"":0,""anima"":0,""status"":0}},""value"":{""block"":0,""armor"":0,""resist"":{""omni"":0,""light"":0,""dark"":0,""anima"":0,""status"":0.01}}},""durability"":1        }","{""bonus"":{""allure"":0,""charisma"":0,""libido"":0,""dominance"":0},""soiled"":{""blood"":0,""sweat"":0,""semen"":0,""urine"":0,""discharge"":0,""arousal"":0}}","{""starter"":true,""female"":false}",{}
1051,armor,Wool Pants,Matthew,leg,placeholder,"{""itemType"":""cloth"",""bonus"":{""chance"":{""parry"":0,""dodge"":0,""block"":0,""resist"":{""omni"":0,""light"":0,""dark"":0,""anima"":0,""status"":0}},""value"":{""block"":0,""armor"":0,""resist"":{""omni"":0,""light"":0,""dark"":0,""anima"":0,""status"":0.01}}},""durability"":1        }","{""bonus"":{""allure"":0,""charisma"":0,""libido"":0,""dominance"":0},""soiled"":{""blood"":0,""sweat"":0,""semen"":0,""urine"":0,""discharge"":0,""arousal"":0}}","{""starter"":true,""female"":false}",{}
1052,placeholder,placeholder,Matthew,shin,placeholder,{},{},{},{}
1053,armor,Leather Boots,Matthew,foot,placeholder,"{""itemType"":""leather"",""bonus"":{""chance"":{""parry"":0,""dodge"":0,""block"":0,""resist"":{""omni"":0,""light"":0,""dark"":0,""anima"":0,""status"":0}},""value"":{""block"":0,""armor"":0,""resist"":{""omni"":0,""light"":0,""dark"":0,""anima"":0,""status"":0.01}}},""durability"":1        }","{""bonus"":{""allure"":0,""charisma"":0,""libido"":0,""dominance"":0},""soiled"":{""blood"":0,""sweat"":0,""semen"":0,""urine"":0,""discharge"":0,""arousal"":0}}","{""starter"":true,""female"":false}",{}
1054,placeholder,placeholder,Matthew,ring1,placeholder,{},{},{},{}
1055,placeholder,placeholder,Matthew,ring2,placeholder,{},{},{},{}
1056,placeholder,placeholder,Matthew,trinket1,placeholder,{},{},{},{}
1057,placeholder,placeholder,Matthew,trinket2,placeholder,{},{},{},{}
1058,placeholder,placeholder,Matthew,placeholder,placeholder,{},{},{},{}
1059,placeholder,placeholder,Matthew,placeholder,placeholder,{},{},{},{}
1060,placeholder,placeholder,Nils,head,placeholder,{},{},{},{}
1061,placeholder,placeholder,Nils,neck,placeholder,{},{},{},{}
1062,armor,Linen Scarf,Nils,shoulder,placeholder,"{""itemType"":""cloth"",""bonus"":{""chance"":{""parry"":0,""dodge"":0,""block"":0,""resist"":{""omni"":0,""light"":0,""dark"":0,""anima"":0,""status"":0}},""value"":{""block"":0,""armor"":0,""resist"":{""omni"":0,""light"":0,""dark"":0,""anima"":0,""status"":0.01}}},""durability"":1        }","{""bonus"":{""allure"":0,""charisma"":0,""libido"":0,""dominance"":0},""soiled"":{""blood"":0,""sweat"":0,""semen"":0,""urine"":0,""discharge"":0,""arousal"":0}}","{""starter"":true,""female"":false}",{}
1063,armor,Wool Cloak,Nils,back,A sturdy lavender woolen cloak. Adequate for light weather.,"{""itemType"":""cloth"",""bonus"":{""chance"":{""parry"":0,""dodge"":0,""block"":0,""resist"":{""omni"":0,""light"":0,""dark"":0,""anima"":0,""status"":0}},""value"":{""block"":0,""armor"":0,""resist"":{""omni"":0,""light"":0,""dark"":0,""anima"":0,""status"":0.01}}},""durability"":1        }","{""bonus"":{""allure"":0,""charisma"":0,""libido"":0,""dominance"":0},""soiled"":{""blood"":0,""sweat"":0,""semen"":0,""urine"":0,""discharge"":0,""arousal"":0}}","{""starter"":true,""female"":false}",{}
1064,placeholder,placeholder,Nils,chest,placeholder,{},{},{},{}
1065,armor,Linen Tunic,Nils,shirt,placeholder,"{""itemType"":""cloth"",""bonus"":{""chance"":{""parry"":0,""dodge"":0,""block"":0,""resist"":{""omni"":0,""light"":0,""dark"":0,""anima"":0,""status"":0}},""value"":{""block"":0,""armor"":0,""resist"":{""omni"":0,""light"":0,""dark"":0,""anima"":0,""status"":0.01}}},""durability"":1        }","{""bonus"":{""allure"":0,""charisma"":0,""libido"":0,""dominance"":0},""soiled"":{""blood"":0,""sweat"":0,""semen"":0,""urine"":0,""discharge"":0,""arousal"":0}}","{""starter"":true,""female"":false}",{}
1066,armor,Linen Undershirt,Nils,undershirt,placeholder,"{""itemType"":""cloth"",""bonus"":{""chance"":{""parry"":0,""dodge"":0,""block"":0,""resist"":{""omni"":0,""light"":0,""dark"":0,""anima"":0,""status"":0}},""value"":{""block"":0,""armor"":0,""resist"":{""omni"":0,""light"":0,""dark"":0,""anima"":0,""status"":0.01}}},""durability"":1        }","{""bonus"":{""allure"":0,""charisma"":0,""libido"":0,""dominance"":0},""soiled"":{""blood"":0,""sweat"":0,""semen"":0,""urine"":0,""discharge"":0,""arousal"":0}}","{""starter"":true,""female"":false}",{}
1067,armor,Linen Wrist Wraps,Nils,wrist,placeholder,"{""itemType"":""cloth"",""bonus"":{""chance"":{""parry"":0,""dodge"":0,""block"":0,""resist"":{""omni"":0,""light"":0,""dark"":0,""anima"":0,""status"":0}},""value"":{""block"":0,""armor"":0,""resist"":{""omni"":0,""light"":0,""dark"":0,""anima"":0,""status"":0.01}}},""durability"":1        }","{""bonus"":{""allure"":0,""charisma"":0,""libido"":0,""dominance"":0},""soiled"":{""blood"":0,""sweat"":0,""semen"":0,""urine"":0,""discharge"":0,""arousal"":0}}","{""starter"":true,""female"":false}",{}
1068,placeholder,placeholder,Nils,hand,placeholder,{},{},{},{}
1069,armor,Leather Belt,Nils,waist,placeholder,"{""itemType"":""leather"",""bonus"":{""chance"":{""parry"":0,""dodge"":0,""block"":0,""resist"":{""omni"":0,""light"":0,""dark"":0,""anima"":0,""status"":0}},""value"":{""block"":0,""armor"":0,""resist"":{""omni"":0,""light"":0,""dark"":0,""anima"":0,""status"":0.01}}},""durability"":1        }","{""bonus"":{""allure"":0,""charisma"":0,""libido"":0,""dominance"":0},""soiled"":{""blood"":0,""sweat"":0,""semen"":0,""urine"":0,""discharge"":0,""arousal"":0}}","{""starter"":true,""female"":false}",{}
1070,armor,Linen Underwear,Nils,underwear,placeholder,"{""itemType"":""cloth"",""bonus"":{""chance"":{""parry"":0,""dodge"":0,""block"":0,""resist"":{""omni"":0,""light"":0,""dark"":0,""anima"":0,""status"":0}},""value"":{""block"":0,""armor"":0,""resist"":{""omni"":0,""light"":0,""dark"":0,""anima"":0,""status"":0.01}}},""durability"":1        }","{""bonus"":{""allure"":0,""charisma"":0,""libido"":0,""dominance"":0},""soiled"":{""blood"":0,""sweat"":0,""semen"":0,""urine"":0,""discharge"":0,""arousal"":0}}","{""starter"":true,""female"":false}",{}
1071,armor,Linen Shorts,Nils,leg,placeholder,"{""itemType"":""cloth"",""bonus"":{""chance"":{""parry"":0,""dodge"":0,""block"":0,""resist"":{""omni"":0,""light"":0,""dark"":0,""anima"":0,""status"":0}},""value"":{""block"":0,""armor"":0,""resist"":{""omni"":0,""light"":0,""dark"":0,""anima"":0,""status"":0.01}}},""durability"":1        }","{""bonus"":{""allure"":0,""charisma"":0,""libido"":0,""dominance"":0},""soiled"":{""blood"":0,""sweat"":0,""semen"":0,""urine"":0,""discharge"":0,""arousal"":0}}","{""starter"":true,""female"":false}",{}
1072,placeholder,placeholder,Nils,shin,placeholder,{},{},{},{}
1073,armor,Leather Boots,Nils,foot,placeholder,"{""itemType"":""leather"",""bonus"":{""chance"":{""parry"":0,""dodge"":0,""block"":0,""resist"":{""omni"":0,""light"":0,""dark"":0,""anima"":0,""status"":0}},""value"":{""block"":0,""armor"":0,""resist"":{""omni"":0,""light"":0,""dark"":0,""anima"":0,""status"":0.01}}},""durability"":1        }","{""bonus"":{""allure"":0,""charisma"":0,""libido"":0,""dominance"":0},""soiled"":{""blood"":0,""sweat"":0,""semen"":0,""urine"":0,""discharge"":0,""arousal"":0}}","{""starter"":true,""female"":false}",{}
1074,placeholder,placeholder,Nils,ring1,placeholder,{},{},{},{}
1075,placeholder,placeholder,Nils,ring2,placeholder,{},{},{},{}
1076,placeholder,placeholder,Nils,trinket1,placeholder,{},{},{},{}
1077,placeholder,placeholder,Nils,trinket2,placeholder,{},{},{},{}
1078,placeholder,placeholder,Nils,placeholder,placeholder,{},{},{},{}
1079,placeholder,placeholder,Nils,placeholder,placeholder,{},{},{},{}
1080,armor,Fine Silk Ribbons,Ninian,head,placeholder,"{""itemType"":""cloth"",""bonus"":{""chance"":{""parry"":0,""dodge"":0,""block"":0,""resist"":{""omni"":0,""light"":0,""dark"":0,""anima"":0,""status"":0}},""value"":{""block"":0,""armor"":0,""resist"":{""omni"":0,""light"":0,""dark"":0,""anima"":0,""status"":0.01}}},""durability"":1        }","{""bonus"":{""allure"":0,""charisma"":0,""libido"":0,""dominance"":0},""soiled"":{""blood"":0,""sweat"":0,""semen"":0,""urine"":0,""discharge"":0,""arousal"":0}}",{},{}
1081,placeholder,Decorative Necklace,Ninian,neck,placeholder,"{""itemType"":""wood"",""bonus"":{""chance"":{""parry"":0,""dodge"":0,""block"":0,""resist"":{""omni"":0,""light"":0,""dark"":0,""anima"":0,""status"":0}},""value"":{""block"":0,""armor"":0,""resist"":{""omni"":0,""light"":0,""dark"":0,""anima"":0,""status"":0.01}}},""durability"":1        }",{},{},{}
1082,armor,Fine Silk Shawl,Ninian,shoulder,placeholder,"{""itemType"":""cloth"",""bonus"":{""chance"":{""parry"":0,""dodge"":0,""block"":0,""resist"":{""omni"":0,""light"":0,""dark"":0,""anima"":0,""status"":0}},""value"":{""block"":0,""armor"":0,""resist"":{""omni"":0,""light"":0,""dark"":0,""anima"":0,""status"":0.01}}},""durability"":1        }","{""bonus"":{""allure"":0,""charisma"":0,""libido"":0,""dominance"":0},""soiled"":{""blood"":0,""sweat"":0,""semen"":0,""urine"":0,""discharge"":0,""arousal"":0}}",{},{}
1083,armor,Fine Wool Cloak,Ninian,back,A sturdy lavender woolen cloak. Adequate for light weather.,"{""itemType"":""cloth"",""bonus"":{""chance"":{""parry"":0,""dodge"":0,""block"":0,""resist"":{""omni"":0,""light"":0,""dark"":0,""anima"":0,""status"":0}},""value"":{""block"":0,""armor"":0,""resist"":{""omni"":0,""light"":0,""dark"":0,""anima"":0,""status"":0.01}}},""durability"":1        }","{""bonus"":{""allure"":0,""charisma"":0,""libido"":0,""dominance"":0},""soiled"":{""blood"":0,""sweat"":0,""semen"":0,""urine"":0,""discharge"":0,""arousal"":0}}",{},{}
1084,placeholder,placeholder,Ninian,chest,placeholder,{},{},{},{}
1085,armor,Dancer's Dress,Ninian,shirt,placeholder,"{""itemType"":""cloth"",""bonus"":{""chance"":{""parry"":0,""dodge"":0,""block"":0,""resist"":{""omni"":0,""light"":0,""dark"":0,""anima"":0,""status"":0}},""value"":{""block"":0,""armor"":0,""resist"":{""omni"":0,""light"":0,""dark"":0,""anima"":0,""status"":0.01}}},""durability"":1        }","{""bonus"":{""allure"":0,""charisma"":0,""libido"":0,""dominance"":0},""soiled"":{""blood"":0,""sweat"":0,""semen"":0,""urine"":0,""discharge"":0,""arousal"":0}}",{},{}
1086,armor,Fine Silk Breastcloth,Ninian,undershirt,placeholder,"{""itemType"":""cloth"",""bonus"":{""chance"":{""parry"":0,""dodge"":0,""block"":0,""resist"":{""omni"":0,""light"":0,""dark"":0,""anima"":0,""status"":0}},""value"":{""block"":0,""armor"":0,""resist"":{""omni"":0,""light"":0,""dark"":0,""anima"":0,""status"":0.01}}},""durability"":1        }","{""bonus"":{""allure"":0,""charisma"":0,""libido"":0,""dominance"":0},""soiled"":{""blood"":0,""sweat"":0,""semen"":0,""urine"":0,""discharge"":0,""arousal"":0}}",{},{}
1087,armor,Dancer's Cloth Wraps,Ninian,wrist,placeholder,"{""itemType"":""cloth"",""bonus"":{""chance"":{""parry"":0,""dodge"":0,""block"":0,""resist"":{""omni"":0,""light"":0,""dark"":0,""anima"":0,""status"":0}},""value"":{""block"":0,""armor"":0,""resist"":{""omni"":0,""light"":0,""dark"":0,""anima"":0,""status"":0.01}}},""durability"":1        }","{""bonus"":{""allure"":0,""charisma"":0,""libido"":0,""dominance"":0},""soiled"":{""blood"":0,""sweat"":0,""semen"":0,""urine"":0,""discharge"":0,""arousal"":0}}",{},{}
1088,placeholder,placeholder,Ninian,hand,placeholder,{},{},{},{}
1089,armor,Dancer's Silver Chain,Ninian,waist,placeholder,"{""itemType"":""mithril"",""bonus"":{""chance"":{""parry"":0,""dodge"":0,""block"":0,""resist"":{""omni"":0,""light"":0,""dark"":0,""anima"":0,""status"":0}},""value"":{""block"":0,""armor"":0,""resist"":{""omni"":0,""light"":0,""dark"":0,""anima"":0,""status"":0.01}}},""durability"":1        }",{},{},{}
1090,armor,Fine Silk Underwear,Ninian,underwear,placeholder,"{""itemType"":""cloth"",""bonus"":{""chance"":{""parry"":0,""dodge"":0,""block"":0,""resist"":{""omni"":0,""light"":0,""dark"":0,""anima"":0,""status"":0}},""value"":{""block"":0,""armor"":0,""resist"":{""omni"":0,""light"":0,""dark"":0,""anima"":0,""status"":0.01}}},""durability"":1        }","{""bonus"":{""allure"":0,""charisma"":0,""libido"":0,""dominance"":0},""soiled"":{""blood"":0,""sweat"":0,""semen"":0,""urine"":0,""discharge"":0,""arousal"":0}}",{},{}
1091,placeholder,placeholder,Ninian,leg,placeholder,{},{},{},{}
1092,placeholder,placeholder,Ninian,shin,placeholder,{},{},{},{}
1093,armor,Soft Leather Shoes,Ninian,foot,placeholder,"{""itemType"":""leather"",""bonus"":{""chance"":{""parry"":0,""dodge"":0,""block"":0,""resist"":{""omni"":0,""light"":0,""dark"":0,""anima"":0,""status"":0}},""value"":{""block"":0,""armor"":0,""resist"":{""omni"":0,""light"":0,""dark"":0,""anima"":0,""status"":0.01}}},""durability"":1        }","{""bonus"":{""allure"":0,""charisma"":0,""libido"":0,""dominance"":0},""soiled"":{""blood"":0,""sweat"":0,""semen"":0,""urine"":0,""discharge"":0,""arousal"":0}}",{},{}
1094,ring,Nini's Grace,Ninian,ring1,placeholder,{},{},{},{}
1095,placeholder,placeholder,Ninian,ring2,placeholder,{},{},{},{}
1096,placeholder,placeholder,Ninian,trinket1,placeholder,{},{},{},{}
1097,placeholder,placeholder,Ninian,trinket2,placeholder,{},{},{},{}
1098,placeholder,placeholder,Ninian,placeholder,placeholder,{},{},{},{}
1099,placeholder,placeholder,Ninian,placeholder,placeholder,{},{},{},{}
1100,placeholder,placeholder,Lucius,head,placeholder,{},{},{},{}
1101,placeholder,placeholder,Lucius,neck,placeholder,{},{},{},{}
1102,armor,Fine Linen Scarf,Lucius,shoulder,placeholder,"{""itemType"":""cloth"",""bonus"":{""chance"":{""parry"":0,""dodge"":0,""block"":0,""resist"":{""omni"":0,""light"":0,""dark"":0,""anima"":0,""status"":0}},""value"":{""block"":0,""armor"":0,""resist"":{""omni"":0,""light"":0,""dark"":0,""anima"":0,""status"":0.01}}},""durability"":1        }","{""bonus"":{""allure"":0,""charisma"":0,""libido"":0,""dominance"":0},""soiled"":{""blood"":0,""sweat"":0,""semen"":0,""urine"":0,""discharge"":0,""arousal"":0}}","{""starter"":true,""female"":false}",{}
1103,armor,Wool Cloak,Lucius,back,A sturdy lavender woolen cloak. Adequate for light weather.,"{""itemType"":""cloth"",""bonus"":{""chance"":{""parry"":0,""dodge"":0,""block"":0,""resist"":{""omni"":0,""light"":0,""dark"":0,""anima"":0,""status"":0}},""value"":{""block"":0,""armor"":0,""resist"":{""omni"":0,""light"":0,""dark"":0,""anima"":0,""status"":0.01}}},""durability"":1        }","{""bonus"":{""allure"":0,""charisma"":0,""libido"":0,""dominance"":0},""soiled"":{""blood"":0,""sweat"":0,""semen"":0,""urine"":0,""discharge"":0,""arousal"":0}}","{""starter"":true,""female"":false}",{}
1104,armor,Fine Linen Mantle,Lucius,chest,placeholder,"{""itemType"":""cloth"",""bonus"":{""chance"":{""parry"":0,""dodge"":0,""block"":0,""resist"":{""omni"":0,""light"":0,""dark"":0,""anima"":0,""status"":0}},""value"":{""block"":0,""armor"":0,""resist"":{""omni"":0,""light"":0,""dark"":0,""anima"":0,""status"":0.01}}},""durability"":1        }","{""bonus"":{""allure"":0,""charisma"":0,""libido"":0,""dominance"":0},""soiled"":{""blood"":0,""sweat"":0,""semen"":0,""urine"":0,""discharge"":0,""arousal"":0}}","{""starter"":true,""female"":false}",{}
1105,armor,Fine Linen Robe,Lucius,shirt,placeholder,"{""itemType"":""cloth"",""bonus"":{""chance"":{""parry"":0,""dodge"":0,""block"":0,""resist"":{""omni"":0,""light"":0,""dark"":0,""anima"":0,""status"":0}},""value"":{""block"":0,""armor"":0,""resist"":{""omni"":0,""light"":0,""dark"":0,""anima"":0,""status"":0.01}}},""durability"":1        }","{""bonus"":{""allure"":0,""charisma"":0,""libido"":0,""dominance"":0},""soiled"":{""blood"":0,""sweat"":0,""semen"":0,""urine"":0,""discharge"":0,""arousal"":0}}","{""starter"":true,""female"":false}",{}
1106,armor,Fine Linen Undershirt,Lucius,undershirt,placeholder,"{""itemType"":""cloth"",""bonus"":{""chance"":{""parry"":0,""dodge"":0,""block"":0,""resist"":{""omni"":0,""light"":0,""dark"":0,""anima"":0,""status"":0}},""value"":{""block"":0,""armor"":0,""resist"":{""omni"":0,""light"":0,""dark"":0,""anima"":0,""status"":0.01}}},""durability"":1        }","{""bonus"":{""allure"":0,""charisma"":0,""libido"":0,""dominance"":0},""soiled"":{""blood"":0,""sweat"":0,""semen"":0,""urine"":0,""discharge"":0,""arousal"":0}}","{""starter"":true,""female"":false}",{}
1107,placeholder,placeholder,Lucius,wrist,placeholder,{},{},{},{}
1108,placeholder,placeholder,Lucius,hand,placeholder,{},{},{},{}
1109,armor,Fine Linen Sash,Lucius,waist,placeholder,"{""itemType"":""cloth"",""bonus"":{""chance"":{""parry"":0,""dodge"":0,""block"":0,""resist"":{""omni"":0,""light"":0,""dark"":0,""anima"":0,""status"":0}},""value"":{""block"":0,""armor"":0,""resist"":{""omni"":0,""light"":0,""dark"":0,""anima"":0,""status"":0.01}}},""durability"":1        }","{""bonus"":{""allure"":0,""charisma"":0,""libido"":0,""dominance"":0},""soiled"":{""blood"":0,""sweat"":0,""semen"":0,""urine"":0,""discharge"":0,""arousal"":0}}","{""starter"":true,""female"":false}",{}
1110,armor,Fine Linen Underwear,Lucius,underwear,placeholder,"{""itemType"":""cloth"",""bonus"":{""chance"":{""parry"":0,""dodge"":0,""block"":0,""resist"":{""omni"":0,""light"":0,""dark"":0,""anima"":0,""status"":0}},""value"":{""block"":0,""armor"":0,""resist"":{""omni"":0,""light"":0,""dark"":0,""anima"":0,""status"":0.01}}},""durability"":1        }","{""bonus"":{""allure"":0,""charisma"":0,""libido"":0,""dominance"":0},""soiled"":{""blood"":0,""sweat"":0,""semen"":0,""urine"":0,""discharge"":0,""arousal"":0}}","{""starter"":true,""female"":false}",{}
1111,armor,Fine Linen Leggings,Lucius,leg,placeholder,"{""itemType"":""cloth"",""bonus"":{""chance"":{""parry"":0,""dodge"":0,""block"":0,""resist"":{""omni"":0,""light"":0,""dark"":0,""anima"":0,""status"":0}},""value"":{""block"":0,""armor"":0,""resist"":{""omni"":0,""light"":0,""dark"":0,""anima"":0,""status"":0.01}}},""durability"":1        }","{""bonus"":{""allure"":0,""charisma"":0,""libido"":0,""dominance"":0},""soiled"":{""blood"":0,""sweat"":0,""semen"":0,""urine"":0,""discharge"":0,""arousal"":0}}","{""starter"":true,""female"":false}",{}
1112,placeholder,placeholder,Lucius,shin,placeholder,{},{},{},{}
1113,armor,Leather Shoes,Lucius,foot,placeholder,"{""itemType"":""leather"",""bonus"":{""chance"":{""parry"":0,""dodge"":0,""block"":0,""resist"":{""omni"":0,""light"":0,""dark"":0,""anima"":0,""status"":0}},""value"":{""block"":0,""armor"":0,""resist"":{""omni"":0,""light"":0,""dark"":0,""anima"":0,""status"":0.01}}},""durability"":1        }","{""bonus"":{""allure"":0,""charisma"":0,""libido"":0,""dominance"":0},""soiled"":{""blood"":0,""sweat"":0,""semen"":0,""urine"":0,""discharge"":0,""arousal"":0}}","{""starter"":true,""female"":false}",{}
1114,placeholder,placeholder,Lucius,ring1,placeholder,{},{},{},{}
1115,placeholder,placeholder,Lucius,ring2,placeholder,{},{},{},{}
1116,placeholder,placeholder,Lucius,trinket1,placeholder,{},{},{},{}
1117,placeholder,placeholder,Lucius,trinket2,placeholder,{},{},{},{}
1118,placeholder,placeholder,Lucius,placeholder,placeholder,{},{},{},{}
1119,placeholder,placeholder,Lucius,placeholder,placeholder,{},{},{},{}
1120,armor,Caelin Helmet,Wallace,head,placeholder,"{""itemType"":""highGradeSteel"",""bonus"":{""chance"":{""parry"":0,""dodge"":0,""block"":0,""resist"":{""omni"":0,""light"":0,""dark"":0,""anima"":0,""status"":0}},""value"":{""block"":0,""armor"":0,""resist"":{""omni"":0,""light"":0,""dark"":0,""anima"":0,""status"":0.01}}},""durability"":1        }","{""bonus"":{""allure"":0,""charisma"":0,""libido"":0,""dominance"":0},""soiled"":{""blood"":0,""sweat"":0,""semen"":0,""urine"":0,""discharge"":0,""arousal"":0}}","{""starter"":true,""female"":false}",{}
1121,placeholder,placeholder,Wallace,neck,placeholder,{},{},{},{}
1122,armor,Caelin Pauldrons,Wallace,shoulder,placeholder,"{""itemType"":""highGradeSteel"",""bonus"":{""chance"":{""parry"":0,""dodge"":0,""block"":0,""resist"":{""omni"":0,""light"":0,""dark"":0,""anima"":0,""status"":0}},""value"":{""block"":0,""armor"":0,""resist"":{""omni"":0,""light"":0,""dark"":0,""anima"":0,""status"":0.01}}},""durability"":1        }","{""bonus"":{""allure"":0,""charisma"":0,""libido"":0,""dominance"":0},""soiled"":{""blood"":0,""sweat"":0,""semen"":0,""urine"":0,""discharge"":0,""arousal"":0}}","{""starter"":true,""female"":false}",{}
1123,armor,Wool Cloak,Wallace,back,A sturdy lavender woolen cloak. Adequate for light weather.,"{""itemType"":""cloth"",""bonus"":{""chance"":{""parry"":0,""dodge"":0,""block"":0,""resist"":{""omni"":0,""light"":0,""dark"":0,""anima"":0,""status"":0}},""value"":{""block"":0,""armor"":0,""resist"":{""omni"":0,""light"":0,""dark"":0,""anima"":0,""status"":0.01}}},""durability"":1        }","{""bonus"":{""allure"":0,""charisma"":0,""libido"":0,""dominance"":0},""soiled"":{""blood"":0,""sweat"":0,""semen"":0,""urine"":0,""discharge"":0,""arousal"":0}}","{""starter"":true,""female"":false}",{}
1124,armor,Caelin Breastplate,Wallace,chest,placeholder,"{""itemType"":""highGradeSteel"",""bonus"":{""chance"":{""parry"":0,""dodge"":0,""block"":0,""resist"":{""omni"":0,""light"":0,""dark"":0,""anima"":0,""status"":0}},""value"":{""block"":0,""armor"":0,""resist"":{""omni"":0,""light"":0,""dark"":0,""anima"":0,""status"":0.01}}},""durability"":1        }","{""bonus"":{""allure"":0,""charisma"":0,""libido"":0,""dominance"":0},""soiled"":{""blood"":0,""sweat"":0,""semen"":0,""urine"":0,""discharge"":0,""arousal"":0}}","{""starter"":true,""female"":false}",{}
1125,armor,Fine Linen Shirt,Wallace,shirt,placeholder,"{""itemType"":""highGradeSteel"",""bonus"":{""chance"":{""parry"":0,""dodge"":0,""block"":0,""resist"":{""omni"":0,""light"":0,""dark"":0,""anima"":0,""status"":0}},""value"":{""block"":0,""armor"":0,""resist"":{""omni"":0,""light"":0,""dark"":0,""anima"":0,""status"":0.01}}},""durability"":1        }","{""bonus"":{""allure"":0,""charisma"":0,""libido"":0,""dominance"":0},""soiled"":{""blood"":0,""sweat"":0,""semen"":0,""urine"":0,""discharge"":0,""arousal"":0}}","{""starter"":true,""female"":false}",{}
1126,armor,Cotton Undershirt,Wallace,undershirt,placeholder,"{""itemType"":""highGradeSteel"",""bonus"":{""chance"":{""parry"":0,""dodge"":0,""block"":0,""resist"":{""omni"":0,""light"":0,""dark"":0,""anima"":0,""status"":0}},""value"":{""block"":0,""armor"":0,""resist"":{""omni"":0,""light"":0,""dark"":0,""anima"":0,""status"":0.01}}},""durability"":1        }","{""bonus"":{""allure"":0,""charisma"":0,""libido"":0,""dominance"":0},""soiled"":{""blood"":0,""sweat"":0,""semen"":0,""urine"":0,""discharge"":0,""arousal"":0}}","{""starter"":true,""female"":false}",{}
1127,placeholder,placeholder,Wallace,wrist,placeholder,{},{},{},{}
1128,armor,Caelin Gauntlets,Wallace,hand,placeholder,"{""itemType"":""highGradeSteel"",""bonus"":{""chance"":{""parry"":0,""dodge"":0,""block"":0,""resist"":{""omni"":0,""light"":0,""dark"":0,""anima"":0,""status"":0}},""value"":{""block"":0,""armor"":0,""resist"":{""omni"":0,""light"":0,""dark"":0,""anima"":0,""status"":0.01}}},""durability"":1        }","{""bonus"":{""allure"":0,""charisma"":0,""libido"":0,""dominance"":0},""soiled"":{""blood"":0,""sweat"":0,""semen"":0,""urine"":0,""discharge"":0,""arousal"":0}}","{""starter"":true,""female"":false}",{}
1129,armor,Leather Belt,Wallace,waist,placeholder,"{""itemType"":""leather"",""bonus"":{""chance"":{""parry"":0,""dodge"":0,""block"":0,""resist"":{""omni"":0,""light"":0,""dark"":0,""anima"":0,""status"":0}},""value"":{""block"":0,""armor"":0,""resist"":{""omni"":0,""light"":0,""dark"":0,""anima"":0,""status"":0.01}}},""durability"":1        }","{""bonus"":{""allure"":0,""charisma"":0,""libido"":0,""dominance"":0},""soiled"":{""blood"":0,""sweat"":0,""semen"":0,""urine"":0,""discharge"":0,""arousal"":0}}","{""starter"":true,""female"":false}",{}
1130,armor,Fine Linen Underwear,Wallace,underwear,placeholder,"{""itemType"":""cloth"",""bonus"":{""chance"":{""parry"":0,""dodge"":0,""block"":0,""resist"":{""omni"":0,""light"":0,""dark"":0,""anima"":0,""status"":0}},""value"":{""block"":0,""armor"":0,""resist"":{""omni"":0,""light"":0,""dark"":0,""anima"":0,""status"":0.01}}},""durability"":1        }","{""bonus"":{""allure"":0,""charisma"":0,""libido"":0,""dominance"":0},""soiled"":{""blood"":0,""sweat"":0,""semen"":0,""urine"":0,""discharge"":0,""arousal"":0}}","{""starter"":true,""female"":false}",{}
1131,armor,Caelin Plate Legguards,Wallace,leg,placeholder,"{""itemType"":""highGradeSteel"",""bonus"":{""chance"":{""parry"":0,""dodge"":0,""block"":0,""resist"":{""omni"":0,""light"":0,""dark"":0,""anima"":0,""status"":0}},""value"":{""block"":0,""armor"":0,""resist"":{""omni"":0,""light"":0,""dark"":0,""anima"":0,""status"":0.01}}},""durability"":1        }","{""bonus"":{""allure"":0,""charisma"":0,""libido"":0,""dominance"":0},""soiled"":{""blood"":0,""sweat"":0,""semen"":0,""urine"":0,""discharge"":0,""arousal"":0}}","{""starter"":true,""female"":false}",{}
1132,armor,Caelin Plate Greaves,Wallace,shin,placeholder,"{""itemType"":""highGradeSteel"",""bonus"":{""chance"":{""parry"":0,""dodge"":0,""block"":0,""resist"":{""omni"":0,""light"":0,""dark"":0,""anima"":0,""status"":0}},""value"":{""block"":0,""armor"":0,""resist"":{""omni"":0,""light"":0,""dark"":0,""anima"":0,""status"":0.01}}},""durability"":1        }","{""bonus"":{""allure"":0,""charisma"":0,""libido"":0,""dominance"":0},""soiled"":{""blood"":0,""sweat"":0,""semen"":0,""urine"":0,""discharge"":0,""arousal"":0}}","{""starter"":true,""female"":false}",{}
1133,armor,Leather Boots,Wallace,foot,placeholder,"{""itemType"":""leather"",""bonus"":{""chance"":{""parry"":0,""dodge"":0,""block"":0,""resist"":{""omni"":0,""light"":0,""dark"":0,""anima"":0,""status"":0}},""value"":{""block"":0,""armor"":0,""resist"":{""omni"":0,""light"":0,""dark"":0,""anima"":0,""status"":0.01}}},""durability"":1        }","{""bonus"":{""allure"":0,""charisma"":0,""libido"":0,""dominance"":0},""soiled"":{""blood"":0,""sweat"":0,""semen"":0,""urine"":0,""discharge"":0,""arousal"":0}}","{""starter"":true,""female"":false}",{}
1134,placeholder,placeholder,Wallace,ring1,placeholder,{},{},{},{}
1135,placeholder,placeholder,Wallace,ring2,placeholder,{},{},{},{}
1136,placeholder,placeholder,Wallace,trinket1,placeholder,{},{},{},{}
1137,placeholder,placeholder,Wallace,trinket2,placeholder,{},{},{},{}
1138,placeholder,placeholder,Wallace,placeholder,placeholder,{},{},{},{}
1139,placeholder,placeholder,Wallace,placeholder,placeholder,{},{},{},{}
1140,placeholder,placeholder,Natalie,head,placeholder,{},{},{},{}
1141,amulet,Wooden Necklace,Natalie,neck,placeholder,"{""itemType"":""wood"",""bonus"":{""chance"":{""parry"":0,""dodge"":0,""block"":0,""resist"":{""omni"":0,""light"":0,""dark"":0,""anima"":0,""status"":0}},""value"":{""block"":0,""armor"":0,""resist"":{""omni"":0,""light"":0,""dark"":0,""anima"":0,""status"":0.01}}},""durability"":1        }","{""bonus"":{""allure"":0,""charisma"":0,""libido"":0,""dominance"":0},""soiled"":{""blood"":0,""sweat"":0,""semen"":0,""urine"":0,""discharge"":0,""arousal"":0}}","{""starter"":true,""female"":true}",{}
1142,placeholder,placeholder,Natalie,shoulder,placeholder,{},{},{},{}
1143,armor,Wool Cloak,Natalie,back,A sturdy lavender woolen cloak. Adequate for light weather.,"{""itemType"":""cloth"",""bonus"":{""chance"":{""parry"":0,""dodge"":0,""block"":0,""resist"":{""omni"":0,""light"":0,""dark"":0,""anima"":0,""status"":0}},""value"":{""block"":0,""armor"":0,""resist"":{""omni"":0,""light"":0,""dark"":0,""anima"":0,""status"":0.01}}},""durability"":1        }","{""bonus"":{""allure"":0,""charisma"":0,""libido"":0,""dominance"":0},""soiled"":{""blood"":0,""sweat"":0,""semen"":0,""urine"":0,""discharge"":0,""arousal"":0}}","{""starter"":true,""female"":true}",{}
1144,placeholder,placeholder,Natalie,chest,placeholder,{},{},{},{}
1145,armor,Cotton Dress,Natalie,shirt,placeholder,"{""itemType"":""cloth"",""bonus"":{""chance"":{""parry"":0,""dodge"":0,""block"":0,""resist"":{""omni"":0,""light"":0,""dark"":0,""anima"":0,""status"":0}},""value"":{""block"":0,""armor"":0,""resist"":{""omni"":0,""light"":0,""dark"":0,""anima"":0,""status"":0.01}}},""durability"":1        }","{""bonus"":{""allure"":0,""charisma"":0,""libido"":0,""dominance"":0},""soiled"":{""blood"":0,""sweat"":0,""semen"":0,""urine"":0,""discharge"":0,""arousal"":0}}","{""starter"":true,""female"":true}",{}
1146,armor,Fine Linen Breastcloth,Natalie,undershirt,placeholder,"{""itemType"":""cloth"",""bonus"":{""chance"":{""parry"":0,""dodge"":0,""block"":0,""resist"":{""omni"":0,""light"":0,""dark"":0,""anima"":0,""status"":0}},""value"":{""block"":0,""armor"":0,""resist"":{""omni"":0,""light"":0,""dark"":0,""anima"":0,""status"":0.01}}},""durability"":1        }","{""bonus"":{""allure"":0,""charisma"":0,""libido"":0,""dominance"":0},""soiled"":{""blood"":0,""sweat"":0,""semen"":0,""urine"":0,""discharge"":0,""arousal"":0}}","{""starter"":true,""female"":true}",{}
1147,armor,Linen Wrist Wraps,Natalie,wrist,placeholder,"{""itemType"":""cloth"",""bonus"":{""chance"":{""parry"":0,""dodge"":0,""block"":0,""resist"":{""omni"":0,""light"":0,""dark"":0,""anima"":0,""status"":0}},""value"":{""block"":0,""armor"":0,""resist"":{""omni"":0,""light"":0,""dark"":0,""anima"":0,""status"":0.01}}},""durability"":1        }","{""bonus"":{""allure"":0,""charisma"":0,""libido"":0,""dominance"":0},""soiled"":{""blood"":0,""sweat"":0,""semen"":0,""urine"":0,""discharge"":0,""arousal"":0}}","{""starter"":true,""female"":true}",{}
1148,placeholder,placeholder,Natalie,hand,placeholder,{},{},{},{}
1149,armor,Braided Linen Belt,Natalie,waist,placeholder,"{""itemType"":""cloth"",""bonus"":{""chance"":{""parry"":0,""dodge"":0,""block"":0,""resist"":{""omni"":0,""light"":0,""dark"":0,""anima"":0,""status"":0}},""value"":{""block"":0,""armor"":0,""resist"":{""omni"":0,""light"":0,""dark"":0,""anima"":0,""status"":0.01}}},""durability"":1        }","{""bonus"":{""allure"":0,""charisma"":0,""libido"":0,""dominance"":0},""soiled"":{""blood"":0,""sweat"":0,""semen"":0,""urine"":0,""discharge"":0,""arousal"":0}}","{""starter"":true,""female"":true}",{}
1150,armor,Fine Linen Underwear,Natalie,underwear,placeholder,"{""itemType"":""cloth"",""bonus"":{""chance"":{""parry"":0,""dodge"":0,""block"":0,""resist"":{""omni"":0,""light"":0,""dark"":0,""anima"":0,""status"":0}},""value"":{""block"":0,""armor"":0,""resist"":{""omni"":0,""light"":0,""dark"":0,""anima"":0,""status"":0.01}}},""durability"":1        }","{""bonus"":{""allure"":0,""charisma"":0,""libido"":0,""dominance"":0},""soiled"":{""blood"":0,""sweat"":0,""semen"":0,""urine"":0,""discharge"":0,""arousal"":0}}","{""starter"":true,""female"":true}",{}
1151,placeholder,placeholder,Natalie,leg,placeholder,{},{},{},{}
1152,placeholder,placeholder,Natalie,shin,placeholder,{},{},{},{}
1153,armor,Leather Shoes,Natalie,foot,placeholder,"{""itemType"":""leather"",""bonus"":{""chance"":{""parry"":0,""dodge"":0,""block"":0,""resist"":{""omni"":0,""light"":0,""dark"":0,""anima"":0,""status"":0}},""value"":{""block"":0,""armor"":0,""resist"":{""omni"":0,""light"":0,""dark"":0,""anima"":0,""status"":0.01}}},""durability"":1        }","{""bonus"":{""allure"":0,""charisma"":0,""libido"":0,""dominance"":0},""soiled"":{""blood"":0,""sweat"":0,""semen"":0,""urine"":0,""discharge"":0,""arousal"":0}}","{""starter"":true,""female"":true}",{}
1154,placeholder,placeholder,Natalie,ring1,placeholder,{},{},{},{}
1155,placeholder,placeholder,Natalie,ring2,placeholder,{},{},{},{}
1156,placeholder,placeholder,Natalie,trinket1,placeholder,{},{},{},{}
1157,placeholder,placeholder,Natalie,trinket2,placeholder,{},{},{},{}
1158,placeholder,placeholder,Natalie,placeholder,placeholder,{},{},{},{}
1159,placeholder,placeholder,Natalie,placeholder,placeholder,{},{},{},{}
1160,armor,Silk Bow,Sapphira,head,placeholder,"{""itemType"":""cloth"",""bonus"":{""chance"":{""parry"":0,""dodge"":0,""block"":0,""resist"":{""omni"":0,""light"":0,""dark"":0,""anima"":0,""status"":0}},""value"":{""block"":0,""armor"":0,""resist"":{""omni"":0,""light"":0,""dark"":0,""anima"":0,""status"":0.01}}},""durability"":1        }","{""bonus"":{""allure"":0,""charisma"":0,""libido"":0,""dominance"":0},""soiled"":{""blood"":0,""sweat"":0,""semen"":0,""urine"":0,""discharge"":0,""arousal"":0}}","{""starter"":true,""female"":true}",{}
1161,placeholder,placeholder,Sapphira,neck,placeholder,{},{},{},{}
1162,placeholder,placeholder,Sapphira,shoulder,placeholder,{},{},{},{}
1163,armor,Wool Cloak,Sapphira,back,A sturdy lavender woolen cloak. Adequate for light weather.,"{""itemType"":""cloth"",""bonus"":{""chance"":{""parry"":0,""dodge"":0,""block"":0,""resist"":{""omni"":0,""light"":0,""dark"":0,""anima"":0,""status"":0}},""value"":{""block"":0,""armor"":0,""resist"":{""omni"":0,""light"":0,""dark"":0,""anima"":0,""status"":0.01}}},""durability"":1        }","{""bonus"":{""allure"":0,""charisma"":0,""libido"":0,""dominance"":0},""soiled"":{""blood"":0,""sweat"":0,""semen"":0,""urine"":0,""discharge"":0,""arousal"":0}}","{""starter"":true,""female"":true}",{}
1164,placeholder,placeholder,Sapphira,chest,placeholder,{},{},{},{}
1165,armor,Fine Cotton Tunic,Sapphira,shirt,placeholder,"{""itemType"":""cloth"",""bonus"":{""chance"":{""parry"":0,""dodge"":0,""block"":0,""resist"":{""omni"":0,""light"":0,""dark"":0,""anima"":0,""status"":0}},""value"":{""block"":0,""armor"":0,""resist"":{""omni"":0,""light"":0,""dark"":0,""anima"":0,""status"":0.01}}},""durability"":1        }","{""bonus"":{""allure"":0,""charisma"":0,""libido"":0,""dominance"":0},""soiled"":{""blood"":0,""sweat"":0,""semen"":0,""urine"":0,""discharge"":0,""arousal"":0}}","{""starter"":true,""female"":true}",{}
1166,armor,Fine Linen Breastcloth,Sapphira,undershirt,placeholder,"{""itemType"":""cloth"",""bonus"":{""chance"":{""parry"":0,""dodge"":0,""block"":0,""resist"":{""omni"":0,""light"":0,""dark"":0,""anima"":0,""status"":0}},""value"":{""block"":0,""armor"":0,""resist"":{""omni"":0,""light"":0,""dark"":0,""anima"":0,""status"":0.01}}},""durability"":1        }","{""bonus"":{""allure"":0,""charisma"":0,""libido"":0,""dominance"":0},""soiled"":{""blood"":0,""sweat"":0,""semen"":0,""urine"":0,""discharge"":0,""arousal"":0}}","{""starter"":true,""female"":true}",{}
1167,placeholder,placeholder,Sapphira,wrist,placeholder,{},{},{},{}
1168,armor,Fine Cotton Gloves,Sapphira,hand,placeholder,"{""itemType"":""cloth"",""bonus"":{""chance"":{""parry"":0,""dodge"":0,""block"":0,""resist"":{""omni"":0,""light"":0,""dark"":0,""anima"":0,""status"":0}},""value"":{""block"":0,""armor"":0,""resist"":{""omni"":0,""light"":0,""dark"":0,""anima"":0,""status"":0.01}}},""durability"":1        }","{""bonus"":{""allure"":0,""charisma"":0,""libido"":0,""dominance"":0},""soiled"":{""blood"":0,""sweat"":0,""semen"":0,""urine"":0,""discharge"":0,""arousal"":0}}","{""starter"":true,""female"":true}",{}
1169,armor,Fine Leather Belt,Sapphira,waist,placeholder,"{""itemType"":""leather"",""bonus"":{""chance"":{""parry"":0,""dodge"":0,""block"":0,""resist"":{""omni"":0,""light"":0,""dark"":0,""anima"":0,""status"":0}},""value"":{""block"":0,""armor"":0,""resist"":{""omni"":0,""light"":0,""dark"":0,""anima"":0,""status"":0.01}}},""durability"":1        }","{""bonus"":{""allure"":0,""charisma"":0,""libido"":0,""dominance"":0},""soiled"":{""blood"":0,""sweat"":0,""semen"":0,""urine"":0,""discharge"":0,""arousal"":0}}","{""starter"":true,""female"":true}",{}
1170,armor,Fine Linen Underwear,Sapphira,underwear,placeholder,"{""itemType"":""cloth"",""bonus"":{""chance"":{""parry"":0,""dodge"":0,""block"":0,""resist"":{""omni"":0,""light"":0,""dark"":0,""anima"":0,""status"":0}},""value"":{""block"":0,""armor"":0,""resist"":{""omni"":0,""light"":0,""dark"":0,""anima"":0,""status"":0.01}}},""durability"":1        }","{""bonus"":{""allure"":0,""charisma"":0,""libido"":0,""dominance"":0},""soiled"":{""blood"":0,""sweat"":0,""semen"":0,""urine"":0,""discharge"":0,""arousal"":0}}","{""starter"":true,""female"":true}",{}
1171,armor,Fine Wool Pants,Sapphira,leg,placeholder,"{""itemType"":""cloth"",""bonus"":{""chance"":{""parry"":0,""dodge"":0,""block"":0,""resist"":{""omni"":0,""light"":0,""dark"":0,""anima"":0,""status"":0}},""value"":{""block"":0,""armor"":0,""resist"":{""omni"":0,""light"":0,""dark"":0,""anima"":0,""status"":0.01}}},""durability"":1        }","{""bonus"":{""allure"":0,""charisma"":0,""libido"":0,""dominance"":0},""soiled"":{""blood"":0,""sweat"":0,""semen"":0,""urine"":0,""discharge"":0,""arousal"":0}}","{""starter"":true,""female"":true}",{}
1172,placeholder,placeholder,Sapphira,shin,placeholder,{},{},{},{}
1173,armor,Fine Leather Shoes,Sapphira,foot,placeholder,"{""itemType"":""leather"",""bonus"":{""chance"":{""parry"":0,""dodge"":0,""block"":0,""resist"":{""omni"":0,""light"":0,""dark"":0,""anima"":0,""status"":0}},""value"":{""block"":0,""armor"":0,""resist"":{""omni"":0,""light"":0,""dark"":0,""anima"":0,""status"":0.01}}},""durability"":1        }","{""bonus"":{""allure"":0,""charisma"":0,""libido"":0,""dominance"":0},""soiled"":{""blood"":0,""sweat"":0,""semen"":0,""urine"":0,""discharge"":0,""arousal"":0}}","{""starter"":true,""female"":true}",{}
1174,placeholder,placeholder,Sapphira,ring1,placeholder,{},{},{},{}
1175,placeholder,placeholder,Sapphira,ring2,placeholder,{},{},{},{}
1176,placeholder,placeholder,Sapphira,trinket1,placeholder,{},{},{},{}
1177,placeholder,placeholder,Sapphira,trinket2,placeholder,{},{},{},{}
1178,placeholder,placeholder,Sapphira,placeholder,placeholder,{},{},{},{}
1179,placeholder,placeholder,Sapphira,placeholder,placeholder,{},{},{},{}
